task_id,ablation_id,n_train,metric,model_left,model_right,definition,repeats,mean_difference,difference_sd,difference_q10,difference_q90,inferential_family
bdb2023_sack,collapse_typed_edges,20,calibrated_brier,relnet,attn_relnet,relnet_minus_attn_relnet_within_repeat,20,1.7989213205367796e-05,0.00011450864407420449,-5.8990282894282736e-05,4.4376716042342935e-05,secondary_descriptive_only
bdb2023_sack,collapse_typed_edges,60,calibrated_brier,relnet,attn_relnet,relnet_minus_attn_relnet_within_repeat,20,-7.567616840541552e-05,0.00020612237584551713,-0.00020259487758077368,2.7243028566180444e-05,secondary_descriptive_only
bdb2023_sack,collapse_typed_edges,20,calibrated_log_loss,relnet,attn_relnet,relnet_minus_attn_relnet_within_repeat,20,5.676205364640447e-05,0.0005958948972848211,-0.00041177281074019354,0.00022330389808280807,secondary_descriptive_only
bdb2023_sack,collapse_typed_edges,60,calibrated_log_loss,relnet,attn_relnet,relnet_minus_attn_relnet_within_repeat,20,-0.0003447656653219444,0.0009522437841879152,-0.0009796826520657802,0.00015395830662057197,secondary_descriptive_only
bdb2023_sack,collapse_typed_edges,20,calibration_bias,relnet,attn_relnet,relnet_minus_attn_relnet_within_repeat,20,0.00011899654155105024,0.000529684293142575,-0.0002449053470266948,0.0004476328029442019,secondary_descriptive_only
bdb2023_sack,collapse_typed_edges,60,calibration_bias,relnet,attn_relnet,relnet_minus_attn_relnet_within_repeat,20,-9.952756753470436e-05,0.0006986813755820352,-0.0005925365683941987,0.0004272122005168233,secondary_descriptive_only
bdb2023_sack,collapse_typed_edges,20,game_equal_calibrated_brier,relnet,attn_relnet,relnet_minus_attn_relnet_within_repeat,20,1.897793644238706e-05,0.00011566626791863839,-5.868284383303973e-05,5.0658091675341596e-05,secondary_descriptive_only
bdb2023_sack,collapse_typed_edges,60,game_equal_calibrated_brier,relnet,attn_relnet,relnet_minus_attn_relnet_within_repeat,20,-7.958116500224704e-05,0.0002177925796178102,-0.0002028923137321378,2.3944142090707354e-05,secondary_descriptive_only
bdb2023_sack,collapse_typed_edges,20,game_equal_calibrated_log_loss,relnet,attn_relnet,relnet_minus_attn_relnet_within_repeat,20,5.9459729168376274e-05,0.0005992689889362709,-0.00041514546895059234,0.00020672405347129977,secondary_descriptive_only
bdb2023_sack,collapse_typed_edges,60,game_equal_calibrated_log_loss,relnet,attn_relnet,relnet_minus_attn_relnet_within_repeat,20,-0.00037047075401349245,0.0010362490355453292,-0.0009134314029515559,0.00013182599586225043,secondary_descriptive_only
bdb2023_sack,collapse_typed_edges,20,game_equal_calibration_bias,relnet,attn_relnet,relnet_minus_attn_relnet_within_repeat,20,0.0001206789338383108,0.0005360839021473147,-0.0002710402775328543,0.00044795536125099894,secondary_descriptive_only
bdb2023_sack,collapse_typed_edges,60,game_equal_calibration_bias,relnet,attn_relnet,relnet_minus_attn_relnet_within_repeat,20,-9.041559720915078e-05,0.0007143503525129607,-0.0006344135134984582,0.0004499307268081354,secondary_descriptive_only
bdb2023_sack,collapse_typed_edges,20,game_equal_label0_set_coverage,relnet,attn_relnet,relnet_minus_attn_relnet_within_repeat,20,-0.0008552819158570534,0.0030483076554581223,-0.0035329448356101406,0.001443015946835258,secondary_descriptive_only
bdb2023_sack,collapse_typed_edges,60,game_equal_label0_set_coverage,relnet,attn_relnet,relnet_minus_attn_relnet_within_repeat,20,0.0025140603657142157,0.027363531290036217,-0.005928360774161789,0.00878213688821919,secondary_descriptive_only
bdb2023_sack,collapse_typed_edges,20,game_equal_label1_set_coverage,relnet,attn_relnet,relnet_minus_attn_relnet_within_repeat,20,0.00015164399092971182,0.008867309036502104,-0.015873015873015827,0.009761904761904841,secondary_descriptive_only
bdb2023_sack,collapse_typed_edges,60,game_equal_label1_set_coverage,relnet,attn_relnet,relnet_minus_attn_relnet_within_repeat,20,-0.001597222222222222,0.02950406797631827,-0.03541666666666665,0.030357142857142867,secondary_descriptive_only
bdb2023_sack,collapse_typed_edges,20,game_equal_loss,relnet,attn_relnet,relnet_minus_attn_relnet_within_repeat,20,-6.580844120727611e-06,5.7608068593892876e-05,-2.4406925542497918e-05,9.63271207267553e-06,secondary_descriptive_only
bdb2023_sack,collapse_typed_edges,60,game_equal_loss,relnet,attn_relnet,relnet_minus_attn_relnet_within_repeat,20,5.533782250528203e-05,0.000465001653643036,-1.0838361755027833e-05,9.582388972433238e-05,secondary_descriptive_only
bdb2023_sack,collapse_typed_edges,20,game_equal_mean_entropy,relnet,attn_relnet,relnet_minus_attn_relnet_within_repeat,20,-0.00032920672466899974,0.0015839285374914139,-0.0011622490495801913,0.0007746478618363948,secondary_descriptive_only
bdb2023_sack,collapse_typed_edges,60,game_equal_mean_entropy,relnet,attn_relnet,relnet_minus_attn_relnet_within_repeat,20,0.00023527931705269732,0.00213903151179405,-0.0014515901470426916,0.0018698409937162074,secondary_descriptive_only
bdb2023_sack,collapse_typed_edges,20,game_equal_mean_va_imprecision,relnet,attn_relnet,relnet_minus_attn_relnet_within_repeat,20,-5.945743758162317e-05,0.00041457903026231895,-0.00043697701802037346,0.00033271355041736777,secondary_descriptive_only
bdb2023_sack,collapse_typed_edges,60,game_equal_mean_va_imprecision,relnet,attn_relnet,relnet_minus_attn_relnet_within_repeat,20,-5.790383245387948e-06,0.0006259111600339755,-0.0005984863440214602,0.0006985009597992045,secondary_descriptive_only
bdb2023_sack,collapse_typed_edges,20,game_equal_p90_va_imprecision,relnet,attn_relnet,relnet_minus_attn_relnet_within_repeat,20,-0.0003218368336562448,0.0015447311685030248,-0.0010332925433892838,0.001116149182922485,secondary_descriptive_only
bdb2023_sack,collapse_typed_edges,60,game_equal_p90_va_imprecision,relnet,attn_relnet,relnet_minus_attn_relnet_within_repeat,20,-0.0002694601931199789,0.002401970171442029,-0.0020974189034395573,0.0017347334053255934,secondary_descriptive_only
bdb2023_sack,collapse_typed_edges,20,game_equal_rms_reliability,relnet,attn_relnet,relnet_minus_attn_relnet_within_repeat,20,0.0004983924954566614,0.003478995110749054,-0.002610390239454349,0.004504442522446336,secondary_descriptive_only
bdb2023_sack,collapse_typed_edges,60,game_equal_rms_reliability,relnet,attn_relnet,relnet_minus_attn_relnet_within_repeat,20,0.0017652159597574806,0.008613150316775358,-0.006246883068819107,0.015012462997900789,secondary_descriptive_only
bdb2023_sack,collapse_typed_edges,20,game_equal_set_doubleton_rate,relnet,attn_relnet,relnet_minus_attn_relnet_within_repeat,20,-0.001835907722024349,0.009125529669531427,-0.003554884135260472,0.0031791218884928665,secondary_descriptive_only
bdb2023_sack,collapse_typed_edges,60,game_equal_set_doubleton_rate,relnet,attn_relnet,relnet_minus_attn_relnet_within_repeat,20,-0.0010545396394055161,0.02062609444993692,-0.01809243890269083,0.006981593717813105,secondary_descriptive_only
bdb2023_sack,collapse_typed_edges,20,game_equal_set_empty_rate,relnet,attn_relnet,relnet_minus_attn_relnet_within_repeat,20,0.0,0.0,0.0,0.0,secondary_descriptive_only
bdb2023_sack,collapse_typed_edges,60,game_equal_set_empty_rate,relnet,attn_relnet,relnet_minus_attn_relnet_within_repeat,20,0.0,0.0,0.0,0.0,secondary_descriptive_only
bdb2023_sack,collapse_typed_edges,20,game_equal_set_singleton_rate,relnet,attn_relnet,relnet_minus_attn_relnet_within_repeat,20,0.0018359077220243502,0.009125529669531448,-0.0031791218884929303,0.003554884135260286,secondary_descriptive_only
bdb2023_sack,collapse_typed_edges,60,game_equal_set_singleton_rate,relnet,attn_relnet,relnet_minus_attn_relnet_within_repeat,20,0.0010545396394055003,0.020626094449936922,-0.006981593717813111,0.01809243890269084,secondary_descriptive_only
bdb2023_sack,collapse_typed_edges,20,label0_set_coverage,relnet,attn_relnet,relnet_minus_attn_relnet_within_repeat,20,-0.0008092644083855738,0.0030321025145840933,-0.003166485397140217,0.0014843428692725702,secondary_descriptive_only
bdb2023_sack,collapse_typed_edges,60,label0_set_coverage,relnet,attn_relnet,relnet_minus_attn_relnet_within_repeat,20,0.002482139776665926,0.02762556520669937,-0.004889027737187034,0.008570197331801118,secondary_descriptive_only
bdb2023_sack,collapse_typed_edges,20,label1_set_coverage,relnet,attn_relnet,relnet_minus_attn_relnet_within_repeat,20,0.0010535205183091756,0.009331514017977011,-0.009858665430954561,0.011684628474191739,secondary_descriptive_only
bdb2023_sack,collapse_typed_edges,60,label1_set_coverage,relnet,attn_relnet,relnet_minus_attn_relnet_within_repeat,20,-0.006063471070947591,0.028592647507255174,-0.030771663504111323,0.011461840628507292,secondary_descriptive_only
bdb2023_sack,collapse_typed_edges,20,mean_entropy,relnet,attn_relnet,relnet_minus_attn_relnet_within_repeat,20,-0.00032503051407030273,0.0015657699294548556,-0.0011616575507245402,0.0007206330136334488,secondary_descriptive_only
bdb2023_sack,collapse_typed_edges,60,mean_entropy,relnet,attn_relnet,relnet_minus_attn_relnet_within_repeat,20,0.00026057435018216334,0.0020992371544365515,-0.0013738000611742767,0.0017774618547757005,secondary_descriptive_only
bdb2023_sack,collapse_typed_edges,20,mean_va_imprecision,relnet,attn_relnet,relnet_minus_attn_relnet_within_repeat,20,-7.152319261536768e-05,0.000409711734678624,-0.0004547431557460739,0.0002935959143155428,secondary_descriptive_only
bdb2023_sack,collapse_typed_edges,60,mean_va_imprecision,relnet,attn_relnet,relnet_minus_attn_relnet_within_repeat,20,-1.0702362501846269e-06,0.0006280045460314945,-0.0005967522518702794,0.0006887632153049648,secondary_descriptive_only
bdb2023_sack,collapse_typed_edges,20,p90_va_imprecision,relnet,attn_relnet,relnet_minus_attn_relnet_within_repeat,20,-0.0002682282920841052,0.003210090961602815,-0.0013624421039047999,0.0019539370535210762,secondary_descriptive_only
bdb2023_sack,collapse_typed_edges,60,p90_va_imprecision,relnet,attn_relnet,relnet_minus_attn_relnet_within_repeat,20,-0.0014405877879664962,0.004430191479024317,-0.004716355557571608,0.001076526884612464,secondary_descriptive_only
bdb2023_sack,collapse_typed_edges,20,primary_loss,relnet,attn_relnet,relnet_minus_attn_relnet_within_repeat,20,-7.480943050999084e-06,5.681153817528159e-05,-2.42580267983329e-05,8.37559090076796e-06,secondary_descriptive_only
bdb2023_sack,collapse_typed_edges,60,primary_loss,relnet,attn_relnet,relnet_minus_attn_relnet_within_repeat,20,5.20568119791294e-05,0.0005029634788764268,-1.198287245207374e-05,8.806677171449162e-05,secondary_descriptive_only
bdb2023_sack,collapse_typed_edges,20,rms_reliability,relnet,attn_relnet,relnet_minus_attn_relnet_within_repeat,20,-0.0003025608044767894,0.0019875272330629134,-0.002248961610863855,0.0010908152882293113,secondary_descriptive_only
bdb2023_sack,collapse_typed_edges,60,rms_reliability,relnet,attn_relnet,relnet_minus_attn_relnet_within_repeat,20,-0.0003268192410205062,0.0026633611133751456,-0.0028759006722597342,0.0024584857791730753,secondary_descriptive_only
bdb2023_sack,collapse_typed_edges,20,set_doubleton_rate,relnet,attn_relnet,relnet_minus_attn_relnet_within_repeat,20,-0.0017910057744341956,0.009138320200995573,-0.003556404955178571,0.0038505087463768257,secondary_descriptive_only
bdb2023_sack,collapse_typed_edges,60,set_doubleton_rate,relnet,attn_relnet,relnet_minus_attn_relnet_within_repeat,20,-0.0011333711321538098,0.02102162491975241,-0.018655966541741297,0.007121156125960503,secondary_descriptive_only
bdb2023_sack,collapse_typed_edges,20,set_empty_rate,relnet,attn_relnet,relnet_minus_attn_relnet_within_repeat,20,0.0,0.0,0.0,0.0,secondary_descriptive_only
bdb2023_sack,collapse_typed_edges,60,set_empty_rate,relnet,attn_relnet,relnet_minus_attn_relnet_within_repeat,20,0.0,0.0,0.0,0.0,secondary_descriptive_only
bdb2023_sack,collapse_typed_edges,20,set_singleton_rate,relnet,attn_relnet,relnet_minus_attn_relnet_within_repeat,20,0.001791005774434199,0.009138320200995578,-0.0038505087463768183,0.003556404955178539,secondary_descriptive_only
bdb2023_sack,collapse_typed_edges,60,set_singleton_rate,relnet,attn_relnet,relnet_minus_attn_relnet_within_repeat,20,0.0011333711321538133,0.02102162491975239,-0.007121156125960498,0.018655966541741353,secondary_descriptive_only
bdb2023_sack,collapse_typed_edges,20,skill,relnet,attn_relnet,relnet_minus_attn_relnet_within_repeat,20,0.00014270568224488133,0.0009168773337989859,-0.00014133604486519233,0.0004443830179208713,secondary_descriptive_only
bdb2023_sack,collapse_typed_edges,60,skill,relnet,attn_relnet,relnet_minus_attn_relnet_within_repeat,20,-0.000857455247318839,0.009128826449969128,-0.0014890537485494847,0.0001907470807312135,secondary_descriptive_only
