task_id,branch,ablation_id,model,n_train,metric,repeats,mean,sd,q10,q90,inferential_family
bdb2023_sack,structural_ablation,collapse_typed_edges,attn_relnet,20,calibrated_brier,20,0.06107272928557435,0.005421802802204189,0.05357014213162599,0.06666508611823035,secondary_descriptive_only
bdb2023_sack,structural_ablation,collapse_typed_edges,attn_relnet,60,calibrated_brier,20,0.06106214274826026,0.005479245097503949,0.05356573119575499,0.06681302835040263,secondary_descriptive_only
bdb2023_sack,structural_ablation,collapse_typed_edges,relnet,20,calibrated_brier,20,0.061090718498779714,0.005453318617401033,0.05357615460579733,0.06670247014313485,secondary_descriptive_only
bdb2023_sack,structural_ablation,collapse_typed_edges,relnet,60,calibrated_brier,20,0.06098646657985485,0.005485121636989318,0.05356319669151046,0.0661109389153794,secondary_descriptive_only
bdb2023_sack,structural_ablation,collapse_typed_edges,attn_relnet,20,calibrated_log_loss,20,0.24224282997983412,0.016591168474342468,0.21990232943541252,0.25894194013730826,secondary_descriptive_only
bdb2023_sack,structural_ablation,collapse_typed_edges,attn_relnet,60,calibrated_log_loss,20,0.24125472242104049,0.016542763045413165,0.21989054832066465,0.2603310619028651,secondary_descriptive_only
bdb2023_sack,structural_ablation,collapse_typed_edges,relnet,20,calibrated_log_loss,20,0.2422995920334805,0.016717707087587713,0.22010020409374703,0.2592127818670863,secondary_descriptive_only
bdb2023_sack,structural_ablation,collapse_typed_edges,relnet,60,calibrated_log_loss,20,0.24090995675571852,0.0164977002733892,0.21987817315913974,0.25684007243663415,secondary_descriptive_only
bdb2023_sack,structural_ablation,collapse_typed_edges,attn_relnet,20,calibration_bias,20,-0.004479289651384277,0.009562872961620906,-0.018845725666401712,0.005398558062451026,secondary_descriptive_only
bdb2023_sack,structural_ablation,collapse_typed_edges,attn_relnet,60,calibration_bias,20,-0.005637230149939662,0.010474813578455068,-0.01987546818134472,0.006962227640242454,secondary_descriptive_only
bdb2023_sack,structural_ablation,collapse_typed_edges,relnet,20,calibration_bias,20,-0.004360293109833226,0.009829578140594493,-0.018946685712963374,0.007118368885330125,secondary_descriptive_only
bdb2023_sack,structural_ablation,collapse_typed_edges,relnet,60,calibration_bias,20,-0.005736757717474366,0.0102220937365258,-0.019539626285944075,0.004603221284092059,secondary_descriptive_only
bdb2023_sack,structural_ablation,collapse_typed_edges,attn_relnet,20,game_equal_calibrated_brier,20,0.06208619132480544,0.005547030577320657,0.05445842727196836,0.06821255434134176,secondary_descriptive_only
bdb2023_sack,structural_ablation,collapse_typed_edges,attn_relnet,60,game_equal_calibrated_brier,20,0.06210987249281184,0.005549342135729342,0.05460841503111353,0.06847498036218785,secondary_descriptive_only
bdb2023_sack,structural_ablation,collapse_typed_edges,relnet,20,game_equal_calibrated_brier,20,0.06210516926124783,0.0055793791652933335,0.05446810926317506,0.06865418813944471,secondary_descriptive_only
bdb2023_sack,structural_ablation,collapse_typed_edges,relnet,60,game_equal_calibrated_brier,20,0.06203029132780959,0.0055528589718253345,0.05461365249935084,0.06831811201127237,secondary_descriptive_only
bdb2023_sack,structural_ablation,collapse_typed_edges,attn_relnet,20,game_equal_calibrated_log_loss,20,0.24541440010936832,0.017065441880615078,0.22301434256101618,0.2623927752679896,secondary_descriptive_only
bdb2023_sack,structural_ablation,collapse_typed_edges,attn_relnet,60,game_equal_calibrated_log_loss,20,0.2446066626935221,0.01670829124633766,0.22222142454972968,0.26364400430439755,secondary_descriptive_only
bdb2023_sack,structural_ablation,collapse_typed_edges,relnet,20,game_equal_calibrated_log_loss,20,0.2454738598385367,0.017211516271825468,0.2231147322998445,0.26452931103488847,secondary_descriptive_only
bdb2023_sack,structural_ablation,collapse_typed_edges,relnet,60,game_equal_calibrated_log_loss,20,0.24423619193950863,0.016638939926976164,0.22219733111830262,0.2625524535849228,secondary_descriptive_only
bdb2023_sack,structural_ablation,collapse_typed_edges,attn_relnet,20,game_equal_calibration_bias,20,-0.0033792040676948617,0.009786852694728931,-0.017154201622696295,0.0064529457826424785,secondary_descriptive_only
bdb2023_sack,structural_ablation,collapse_typed_edges,attn_relnet,60,game_equal_calibration_bias,20,-0.004753818252061425,0.010786687295311806,-0.018717434918006506,0.00799677505765788,secondary_descriptive_only
bdb2023_sack,structural_ablation,collapse_typed_edges,relnet,20,game_equal_calibration_bias,20,-0.0032585251338565512,0.010048798560167854,-0.017367765717042075,0.008312327039228533,secondary_descriptive_only
bdb2023_sack,structural_ablation,collapse_typed_edges,relnet,60,game_equal_calibration_bias,20,-0.004844233849270576,0.01048850745907797,-0.018293222207109702,0.007185278649748513,secondary_descriptive_only
bdb2023_sack,structural_ablation,collapse_typed_edges,attn_relnet,20,game_equal_label0_set_coverage,20,0.905796276614702,0.05979081920945094,0.816963275155863,0.9738797021874334,secondary_descriptive_only
bdb2023_sack,structural_ablation,collapse_typed_edges,attn_relnet,60,game_equal_label0_set_coverage,20,0.9075182269890044,0.0665465423296816,0.8467781009908795,0.9723435169257033,secondary_descriptive_only
bdb2023_sack,structural_ablation,collapse_typed_edges,relnet,20,game_equal_label0_set_coverage,20,0.9049409946988447,0.059633344103584555,0.8160915884110735,0.9664302610061752,secondary_descriptive_only
bdb2023_sack,structural_ablation,collapse_typed_edges,relnet,60,game_equal_label0_set_coverage,20,0.9100322873547186,0.06369650296180637,0.8502084719188844,0.9717312720277442,secondary_descriptive_only
bdb2023_sack,structural_ablation,collapse_typed_edges,attn_relnet,20,game_equal_label1_set_coverage,20,0.8921326530612245,0.07623190201850077,0.7849886621315193,0.9875680272108843,secondary_descriptive_only
bdb2023_sack,structural_ablation,collapse_typed_edges,attn_relnet,60,game_equal_label1_set_coverage,20,0.900450113378685,0.06737728261667594,0.8017202380952381,0.9674036281179139,secondary_descriptive_only
bdb2023_sack,structural_ablation,collapse_typed_edges,relnet,20,game_equal_label1_set_coverage,20,0.8922842970521543,0.07315161662030174,0.7849886621315193,0.9733333333333333,secondary_descriptive_only
bdb2023_sack,structural_ablation,collapse_typed_edges,relnet,60,game_equal_label1_set_coverage,20,0.8988528911564625,0.07549470910783862,0.7971258503401362,0.9770975056689343,secondary_descriptive_only
bdb2023_sack,structural_ablation,collapse_typed_edges,attn_relnet,20,game_equal_loss,20,0.06212868797123318,0.005674650075037934,0.05467699513362246,0.06818371662106777,secondary_descriptive_only
bdb2023_sack,structural_ablation,collapse_typed_edges,attn_relnet,60,game_equal_loss,20,0.061686756072770244,0.005452659771261967,0.05426320791986569,0.06831515767239474,secondary_descriptive_only
bdb2023_sack,structural_ablation,collapse_typed_edges,relnet,20,game_equal_loss,20,0.06212210712711245,0.005684230945743336,0.05468953379679253,0.0683201460565314,secondary_descriptive_only
bdb2023_sack,structural_ablation,collapse_typed_edges,relnet,60,game_equal_loss,20,0.06174209389527553,0.005448260585230468,0.054261958101505824,0.06843565224763361,secondary_descriptive_only
bdb2023_sack,structural_ablation,collapse_typed_edges,attn_relnet,20,game_equal_mean_entropy,20,0.24749710976712422,0.015380911540788028,0.23375333973671095,0.26881338910930613,secondary_descriptive_only
bdb2023_sack,structural_ablation,collapse_typed_edges,attn_relnet,60,game_equal_mean_entropy,20,0.2476630364542923,0.017645937349263976,0.2279204232899814,0.2677432805975812,secondary_descriptive_only
bdb2023_sack,structural_ablation,collapse_typed_edges,relnet,20,game_equal_mean_entropy,20,0.24716790304245517,0.015733396107045827,0.2327116317400183,0.26938763332222676,secondary_descriptive_only
bdb2023_sack,structural_ablation,collapse_typed_edges,relnet,60,game_equal_mean_entropy,20,0.24789831577134502,0.017112136234173455,0.2277647536483455,0.267663000357603,secondary_descriptive_only
bdb2023_sack,structural_ablation,collapse_typed_edges,attn_relnet,20,game_equal_mean_va_imprecision,20,0.005897003084393407,0.001388670105552461,0.003981444317188576,0.007020977621197788,secondary_descriptive_only
bdb2023_sack,structural_ablation,collapse_typed_edges,attn_relnet,60,game_equal_mean_va_imprecision,20,0.008140713295533317,0.0024994758787452932,0.005850544329306047,0.009905733922371603,secondary_descriptive_only
bdb2023_sack,structural_ablation,collapse_typed_edges,relnet,20,game_equal_mean_va_imprecision,20,0.0058375456468117825,0.0014341518782556553,0.0038245077704561555,0.00721152458014923,secondary_descriptive_only
bdb2023_sack,structural_ablation,collapse_typed_edges,relnet,60,game_equal_mean_va_imprecision,20,0.008134922912287932,0.0023114025386262622,0.005941632789112219,0.009396766786227655,secondary_descriptive_only
bdb2023_sack,structural_ablation,collapse_typed_edges,attn_relnet,20,game_equal_p90_va_imprecision,20,0.010449132236953148,0.0041314785951132,0.005728922388206114,0.015169666750098782,secondary_descriptive_only
bdb2023_sack,structural_ablation,collapse_typed_edges,attn_relnet,60,game_equal_p90_va_imprecision,20,0.01575149422796108,0.0045045170908776895,0.010112872845926126,0.020804070508599806,secondary_descriptive_only
bdb2023_sack,structural_ablation,collapse_typed_edges,relnet,20,game_equal_p90_va_imprecision,20,0.0101272954032969,0.004339788994197318,0.005073537951195765,0.015873876186895425,secondary_descriptive_only
bdb2023_sack,structural_ablation,collapse_typed_edges,relnet,60,game_equal_p90_va_imprecision,20,0.0154820340348411,0.0039146296277290495,0.010690359674615707,0.01990722580753511,secondary_descriptive_only
bdb2023_sack,structural_ablation,collapse_typed_edges,attn_relnet,20,game_equal_rms_reliability,20,0.062022206306557456,0.012736269499779863,0.046010423569262625,0.07523896003723829,secondary_descriptive_only
bdb2023_sack,structural_ablation,collapse_typed_edges,attn_relnet,60,game_equal_rms_reliability,20,0.06741812279685114,0.012763245325594273,0.05048656074801163,0.08202532868719689,secondary_descriptive_only
bdb2023_sack,structural_ablation,collapse_typed_edges,relnet,20,game_equal_rms_reliability,20,0.06252059880201412,0.012410823323315931,0.045800955520653476,0.07507809229073788,secondary_descriptive_only
bdb2023_sack,structural_ablation,collapse_typed_edges,relnet,60,game_equal_rms_reliability,20,0.06918333875660862,0.011561526107343352,0.056865492167801276,0.07987940141531692,secondary_descriptive_only
bdb2023_sack,structural_ablation,collapse_typed_edges,attn_relnet,20,game_equal_set_doubleton_rate,20,0.8065181416575531,0.08816873812409368,0.6734266152242799,0.9035676796391784,secondary_descriptive_only
bdb2023_sack,structural_ablation,collapse_typed_edges,attn_relnet,60,game_equal_set_doubleton_rate,20,0.7937003460295368,0.08053645251152064,0.683335882136407,0.8837263455634079,secondary_descriptive_only
bdb2023_sack,structural_ablation,collapse_typed_edges,relnet,20,game_equal_set_doubleton_rate,20,0.8046822339355287,0.084136955507615,0.6779103437462505,0.9020522773861687,secondary_descriptive_only
bdb2023_sack,structural_ablation,collapse_typed_edges,relnet,60,game_equal_set_doubleton_rate,20,0.7926458063901312,0.07957166402032036,0.6708837263729289,0.876761616162177,secondary_descriptive_only
bdb2023_sack,structural_ablation,collapse_typed_edges,attn_relnet,20,game_equal_set_empty_rate,20,0.0,0.0,0.0,0.0,secondary_descriptive_only
bdb2023_sack,structural_ablation,collapse_typed_edges,attn_relnet,60,game_equal_set_empty_rate,20,0.0,0.0,0.0,0.0,secondary_descriptive_only
bdb2023_sack,structural_ablation,collapse_typed_edges,relnet,20,game_equal_set_empty_rate,20,0.0,0.0,0.0,0.0,secondary_descriptive_only
bdb2023_sack,structural_ablation,collapse_typed_edges,relnet,60,game_equal_set_empty_rate,20,0.0,0.0,0.0,0.0,secondary_descriptive_only
bdb2023_sack,structural_ablation,collapse_typed_edges,attn_relnet,20,game_equal_set_singleton_rate,20,0.19348185834244697,0.08816873812409368,0.09643232036082178,0.3265733847757203,secondary_descriptive_only
bdb2023_sack,structural_ablation,collapse_typed_edges,attn_relnet,60,game_equal_set_singleton_rate,20,0.2062996539704633,0.08053645251152061,0.116273654436592,0.3166641178635931,secondary_descriptive_only
bdb2023_sack,structural_ablation,collapse_typed_edges,relnet,20,game_equal_set_singleton_rate,20,0.19531776606447132,0.08413695550761502,0.09794772261383138,0.3220896562537495,secondary_descriptive_only
bdb2023_sack,structural_ablation,collapse_typed_edges,relnet,60,game_equal_set_singleton_rate,20,0.20735419360986876,0.07957166402032036,0.12323838383782311,0.329116273627071,secondary_descriptive_only
bdb2023_sack,structural_ablation,collapse_typed_edges,attn_relnet,20,label0_set_coverage,20,0.905945655107552,0.05978750331779965,0.8117183792121501,0.973167355045775,secondary_descriptive_only
bdb2023_sack,structural_ablation,collapse_typed_edges,attn_relnet,60,label0_set_coverage,20,0.9091333202989229,0.06639196300468686,0.8441269947587869,0.9719182078058456,secondary_descriptive_only
bdb2023_sack,structural_ablation,collapse_typed_edges,relnet,20,label0_set_coverage,20,0.9051363906991663,0.059530583664290156,0.8103326920469185,0.9653932134396583,secondary_descriptive_only
bdb2023_sack,structural_ablation,collapse_typed_edges,relnet,60,label0_set_coverage,20,0.9116154600755889,0.06374926597822274,0.8524264717246495,0.9712776384108279,secondary_descriptive_only
bdb2023_sack,structural_ablation,collapse_typed_edges,attn_relnet,20,label1_set_coverage,20,0.8960648290061053,0.07188168836077599,0.7917005282405526,0.9814577397910731,secondary_descriptive_only
bdb2023_sack,structural_ablation,collapse_typed_edges,attn_relnet,60,label1_set_coverage,20,0.9093881386363453,0.058415632358493536,0.8282982261640799,0.9656007206395676,secondary_descriptive_only
bdb2023_sack,structural_ablation,collapse_typed_edges,relnet,20,label1_set_coverage,20,0.8971183495244148,0.06992277447769017,0.7917005282405526,0.972803893637227,secondary_descriptive_only
bdb2023_sack,structural_ablation,collapse_typed_edges,relnet,60,label1_set_coverage,20,0.9033246675653978,0.06911292079671848,0.8143132220795892,0.980823148813803,secondary_descriptive_only
bdb2023_sack,structural_ablation,collapse_typed_edges,attn_relnet,20,mean_entropy,20,0.24730251897371863,0.0152309635957003,0.23372197958910035,0.2689442194997547,secondary_descriptive_only
bdb2023_sack,structural_ablation,collapse_typed_edges,attn_relnet,60,mean_entropy,20,0.24698849125481098,0.017510007046935963,0.22774427254991947,0.2669513184808507,secondary_descriptive_only
bdb2023_sack,structural_ablation,collapse_typed_edges,relnet,20,mean_entropy,20,0.24697748845964834,0.015569363915077548,0.23262835816479707,0.2694885624881124,secondary_descriptive_only
bdb2023_sack,structural_ablation,collapse_typed_edges,relnet,60,mean_entropy,20,0.24724906560499313,0.017005990775309558,0.2276700507966974,0.2668673837740237,secondary_descriptive_only
bdb2023_sack,structural_ablation,collapse_typed_edges,attn_relnet,20,mean_va_imprecision,20,0.0058981744070611165,0.0013721933822820212,0.004057002600277988,0.006920214996155719,secondary_descriptive_only
bdb2023_sack,structural_ablation,collapse_typed_edges,attn_relnet,60,mean_va_imprecision,20,0.008052939183345471,0.0024288654997388715,0.005860841387872119,0.009738670558561735,secondary_descriptive_only
bdb2023_sack,structural_ablation,collapse_typed_edges,relnet,20,mean_va_imprecision,20,0.005826651214445748,0.0014107707762200862,0.003906027614531377,0.007096893942609363,secondary_descriptive_only
bdb2023_sack,structural_ablation,collapse_typed_edges,relnet,60,mean_va_imprecision,20,0.008051868947095288,0.002243439851866695,0.0058464609743643795,0.009386786471187266,secondary_descriptive_only
bdb2023_sack,structural_ablation,collapse_typed_edges,attn_relnet,20,p90_va_imprecision,20,0.010033303044328515,0.005184365894617045,0.004136863846819352,0.01629351626634236,secondary_descriptive_only
bdb2023_sack,structural_ablation,collapse_typed_edges,attn_relnet,60,p90_va_imprecision,20,0.01634280626903651,0.0062261299364655045,0.009600042300712446,0.02234299516908213,secondary_descriptive_only
bdb2023_sack,structural_ablation,collapse_typed_edges,relnet,20,p90_va_imprecision,20,0.009765074752244408,0.0049401042110143395,0.004402472527472526,0.015049075633718717,secondary_descriptive_only
bdb2023_sack,structural_ablation,collapse_typed_edges,relnet,60,p90_va_imprecision,20,0.014902218481070009,0.00573740832142191,0.009642832948826204,0.019023339505279194,secondary_descriptive_only
bdb2023_sack,structural_ablation,collapse_typed_edges,attn_relnet,20,primary_loss,20,0.06109692758253983,0.005519339763929978,0.053559466401223735,0.0673586540786455,secondary_descriptive_only
bdb2023_sack,structural_ablation,collapse_typed_edges,attn_relnet,60,primary_loss,20,0.06065314493199882,0.005363317058715519,0.0531706811255843,0.0659548755778882,secondary_descriptive_only
bdb2023_sack,structural_ablation,collapse_typed_edges,relnet,20,primary_loss,20,0.06108944663948883,0.005529572594642964,0.05357263435213728,0.0673727373478315,secondary_descriptive_only
bdb2023_sack,structural_ablation,collapse_typed_edges,relnet,60,primary_loss,20,0.06070520174397794,0.005361843742170122,0.053169146835292815,0.06612142909825829,secondary_descriptive_only
bdb2023_sack,structural_ablation,collapse_typed_edges,attn_relnet,20,rms_reliability,20,0.020579975453475067,0.008531284977176992,0.011702283234454144,0.03267408808032568,secondary_descriptive_only
bdb2023_sack,structural_ablation,collapse_typed_edges,attn_relnet,60,rms_reliability,20,0.021986560651174485,0.008862491908560076,0.011583263453077672,0.03344215006755297,secondary_descriptive_only
bdb2023_sack,structural_ablation,collapse_typed_edges,relnet,20,rms_reliability,20,0.02027741464899828,0.009246422024381345,0.011293019947194198,0.03395387509028418,secondary_descriptive_only
bdb2023_sack,structural_ablation,collapse_typed_edges,relnet,60,rms_reliability,20,0.02165974141015398,0.008944658009392106,0.009672378495148765,0.031850092138775564,secondary_descriptive_only
bdb2023_sack,structural_ablation,collapse_typed_edges,attn_relnet,20,set_doubleton_rate,20,0.8062627111433169,0.0887820151465069,0.6701322068078822,0.9048974957582252,secondary_descriptive_only
bdb2023_sack,structural_ablation,collapse_typed_edges,attn_relnet,60,set_doubleton_rate,20,0.7930873887922676,0.08097535558626291,0.6834663103698245,0.8836637296352937,secondary_descriptive_only
bdb2023_sack,structural_ablation,collapse_typed_edges,relnet,20,set_doubleton_rate,20,0.8044717053688828,0.08462782930293196,0.6747657236888961,0.9030690064652329,secondary_descriptive_only
bdb2023_sack,structural_ablation,collapse_typed_edges,relnet,60,set_doubleton_rate,20,0.7919540176601136,0.07997597150033231,0.6724937760791052,0.8772278627189629,secondary_descriptive_only
bdb2023_sack,structural_ablation,collapse_typed_edges,attn_relnet,20,set_empty_rate,20,0.0,0.0,0.0,0.0,secondary_descriptive_only
bdb2023_sack,structural_ablation,collapse_typed_edges,attn_relnet,60,set_empty_rate,20,0.0,0.0,0.0,0.0,secondary_descriptive_only
bdb2023_sack,structural_ablation,collapse_typed_edges,relnet,20,set_empty_rate,20,0.0,0.0,0.0,0.0,secondary_descriptive_only
bdb2023_sack,structural_ablation,collapse_typed_edges,relnet,60,set_empty_rate,20,0.0,0.0,0.0,0.0,secondary_descriptive_only
bdb2023_sack,structural_ablation,collapse_typed_edges,attn_relnet,20,set_singleton_rate,20,0.19373728885668304,0.0887820151465069,0.09510250424177479,0.32986779319211784,secondary_descriptive_only
bdb2023_sack,structural_ablation,collapse_typed_edges,attn_relnet,60,set_singleton_rate,20,0.20691261120773247,0.08097535558626291,0.11633627036470638,0.3165336896301755,secondary_descriptive_only
bdb2023_sack,structural_ablation,collapse_typed_edges,relnet,20,set_singleton_rate,20,0.19552829463111726,0.08462782930293197,0.09693099353476711,0.32523427631110396,secondary_descriptive_only
bdb2023_sack,structural_ablation,collapse_typed_edges,relnet,60,set_singleton_rate,20,0.20804598233988628,0.07997597150033232,0.12277213728103716,0.32750622392089485,secondary_descriptive_only
bdb2023_sack,structural_ablation,collapse_typed_edges,attn_relnet,20,skill,20,-0.007902971861334129,0.009400860183412659,-0.01789173105620385,0.0005232098845775915,secondary_descriptive_only
bdb2023_sack,structural_ablation,collapse_typed_edges,attn_relnet,60,skill,20,-0.0022808865443660785,0.010908952583585554,-0.006310340104216649,0.0037098018719309476,secondary_descriptive_only
bdb2023_sack,structural_ablation,collapse_typed_edges,relnet,20,skill,20,-0.007760266179089248,0.008822563290298782,-0.017954025211853852,0.0004060678178508086,secondary_descriptive_only
bdb2023_sack,structural_ablation,collapse_typed_edges,relnet,60,skill,20,-0.0031383417916849175,0.010682821694987184,-0.011176835220795553,0.0036917262104667467,secondary_descriptive_only
