task_id,model,metric,from_n_train,to_n_train,definition,repeats,change_mean,change_sd,change_mcse,change_median,change_q10,change_q25,change_q75,change_q90,change_iqr
bdb2023_sack,attn_relnet,calibrated_brier,20,60,value_at_largest_minus_value_at_20,100,-0.00011830178332384117,0.0005917611167732465,5.9176111677324646e-05,-7.247499226546023e-05,-0.0007714338586373201,-0.0004899046065167216,0.00021412741523724188,0.0005318039712394241,0.0007040320217539635
bdb2023_sack,boosted_structure,calibrated_brier,20,60,value_at_largest_minus_value_at_20,100,-2.7692130722593508e-05,0.0006420206726736574,6.420206726736574e-05,3.097103907453991e-05,-0.0007411339768942544,-0.0003309059691984778,0.00029964065738358886,0.0006358874163653247,0.0006305466265820667
bdb2023_sack,linear_structure,calibrated_brier,20,60,value_at_largest_minus_value_at_20,100,2.546479078359143e-06,0.0008435196519278602,8.435196519278601e-05,-7.12065601070587e-05,-0.0008301710426320579,-0.00045741654588360436,0.0003610754569298505,0.0009056429497436274,0.0008184920028134549
bdb2023_sack,relnet,calibrated_brier,20,60,value_at_largest_minus_value_at_20,100,-9.59968315374335e-05,0.0006018310965968336,6.0183109659683355e-05,-7.640778751561925e-05,-0.0007668566001785962,-0.00040685539376343616,0.0002557010634480963,0.0005845704392873204,0.0006625564572115324
bdb2023_sack,set_transformer,calibrated_brier,20,60,value_at_largest_minus_value_at_20,100,-0.00010325100220573965,0.0008319222311202241,8.319222311202241e-05,-4.342695937165769e-05,-0.0011406159255060264,-0.0005996741901040433,0.0003206332063441647,0.0005740098252133536,0.000920307396448208
bdb2023_sack,attn_relnet,calibrated_log_loss,20,60,value_at_largest_minus_value_at_20,100,-0.0010869420670607446,0.0029238768982542585,0.00029238768982542586,-0.0013313270416929757,-0.00445830546463766,-0.0030024971221438365,0.0007235404362480671,0.002344315619159054,0.0037260375583919036
bdb2023_sack,boosted_structure,calibrated_log_loss,20,60,value_at_largest_minus_value_at_20,100,-0.00045306659918219693,0.0028498647250576967,0.0002849864725057697,-0.0003569633524330429,-0.0034215339903682805,-0.0017710446592959922,0.0011163692062377342,0.0032861556319138097,0.0028874138655337264
bdb2023_sack,linear_structure,calibrated_log_loss,20,60,value_at_largest_minus_value_at_20,100,-0.0005970852441825208,0.0031245652436636237,0.00031245652436636236,-0.0005412630001063873,-0.004270534091199718,-0.0021462413939652217,0.0008939163413059503,0.003021826792347496,0.003040157735271172
bdb2023_sack,relnet,calibrated_log_loss,20,60,value_at_largest_minus_value_at_20,100,-0.0010033116016863932,0.0029045955032195835,0.0002904595503219583,-0.001177536556810424,-0.00420265766370598,-0.0027579833904516696,0.0009738228694472773,0.002204047812895788,0.003731806259898947
bdb2023_sack,set_transformer,calibrated_log_loss,20,60,value_at_largest_minus_value_at_20,100,-0.0012718375520599028,0.0036439211640388034,0.00036439211640388035,-0.0011327068068709145,-0.005710111049439523,-0.003792731113194378,0.0007749916627434322,0.002909009798999479,0.00456772277593781
bdb2023_sack,attn_relnet,calibration_bias,20,60,value_at_largest_minus_value_at_20,100,-0.0003242954906980462,0.0025651199412446645,0.00025651199412446646,-0.00032358302708766946,-0.0038922099225436706,-0.0018445776877766705,0.0014077436972808359,0.002487325953206905,0.0032523213850575066
bdb2023_sack,boosted_structure,calibration_bias,20,60,value_at_largest_minus_value_at_20,100,-0.00025309944196275644,0.0020987633053372204,0.00020987633053372204,-0.00044462786905780777,-0.00306253535400638,-0.0017970829091347507,0.0012295687749692894,0.002319549294053544,0.00302665168410404
bdb2023_sack,linear_structure,calibration_bias,20,60,value_at_largest_minus_value_at_20,100,-0.00022046630487328105,0.0026041298837724282,0.0002604129883772428,-0.0002495904042005712,-0.003877249155897946,-0.0017548469082361968,0.001628604493968774,0.0027484247211449447,0.0033834514022049707
bdb2023_sack,relnet,calibration_bias,20,60,value_at_largest_minus_value_at_20,100,-0.00036718029875201384,0.002516181746530514,0.0002516181746530514,-0.00011273565159888063,-0.003934398650631015,-0.0019783757107287143,0.0012659380044174203,0.00218089276518336,0.0032443137151461346
bdb2023_sack,set_transformer,calibration_bias,20,60,value_at_largest_minus_value_at_20,100,-0.0005829691742108441,0.0026726387350303354,0.00026726387350303353,-0.0009376719068123641,-0.003741618699013395,-0.002256891061897125,0.0008435522295688093,0.002404697423020692,0.0031004432914659343
bdb2023_sack,attn_relnet,game_equal_calibrated_brier,20,60,value_at_largest_minus_value_at_20,100,-0.0001215217318445263,0.0006165248098452957,6.165248098452956e-05,-9.634434253193158e-05,-0.0008013080289805269,-0.0004844841284173153,0.00019815628985076633,0.0005715807708651382,0.0006826404182680816
bdb2023_sack,boosted_structure,game_equal_calibrated_brier,20,60,value_at_largest_minus_value_at_20,100,-2.8416249509758476e-05,0.0006438268930929989,6.438268930929989e-05,3.061811080128443e-05,-0.0007394980073873139,-0.00032574870204251337,0.0002670354971721096,0.0006597017539813762,0.0005927841992146229
bdb2023_sack,linear_structure,game_equal_calibrated_brier,20,60,value_at_largest_minus_value_at_20,100,1.3357697782986692e-05,0.0009396776551377722,9.396776551377722e-05,-6.299453427108942e-05,-0.0008500379098738943,-0.000504269868447706,0.00038407487374492004,0.0009883461356873463,0.000888344742192626
bdb2023_sack,relnet,game_equal_calibrated_brier,20,60,value_at_largest_minus_value_at_20,100,-9.879391634169801e-05,0.0006273641548565376,6.273641548565375e-05,-8.320270751507874e-05,-0.0008235062965654745,-0.0004266325097643728,0.00022779202776090912,0.0006333066533663591,0.0006544245375252819
bdb2023_sack,set_transformer,game_equal_calibrated_brier,20,60,value_at_largest_minus_value_at_20,100,-8.768504580075609e-05,0.00084419046332698,8.441904633269799e-05,-0.00014112989176182436,-0.0010878000666883763,-0.0005509236083770588,0.000331083235509011,0.0006008440854827314,0.0008820068438860698
bdb2023_sack,attn_relnet,game_equal_calibrated_log_loss,20,60,value_at_largest_minus_value_at_20,100,-0.0010710272886648245,0.002967043415064676,0.0002967043415064676,-0.0010579138167337993,-0.004403898479339291,-0.003028783038914226,0.0005798170508788253,0.002506488389217556,0.0036086000897930515
bdb2023_sack,boosted_structure,game_equal_calibrated_log_loss,20,60,value_at_largest_minus_value_at_20,100,-0.00045546176529716374,0.0029217928521415902,0.00029217928521415904,-0.00034621444696125714,-0.00357555536029486,-0.0017055693095862634,0.001047913601499098,0.0035511989760491805,0.0027534829110853615
bdb2023_sack,linear_structure,game_equal_calibrated_log_loss,20,60,value_at_largest_minus_value_at_20,100,-0.0005863971130254187,0.003435733386882134,0.0003435733386882134,-0.0006704316495665386,-0.0041777593429023095,-0.002220087774966871,0.0008499755341282236,0.00356043663604202,0.0030700633090950946
bdb2023_sack,relnet,game_equal_calibrated_log_loss,20,60,value_at_largest_minus_value_at_20,100,-0.0009783526252482005,0.0029576115674600713,0.00029576115674600714,-0.0010901692537301777,-0.0043092545746789505,-0.002789551870671085,0.0008595800137658691,0.0025370025613890602,0.003649131884436954
bdb2023_sack,set_transformer,game_equal_calibrated_log_loss,20,60,value_at_largest_minus_value_at_20,100,-0.0011595643884384505,0.0037214519665316284,0.0003721451966531628,-0.0011164242845525946,-0.005654537876432164,-0.003454225984432714,0.0010601458407429043,0.002820348200501727,0.0045143718251756185
bdb2023_sack,attn_relnet,game_equal_calibration_bias,20,60,value_at_largest_minus_value_at_20,100,-0.0004045562348053082,0.0026345126936774756,0.00026345126936774756,-0.00042757429353568665,-0.004013056875260238,-0.001995139246087985,0.001448624038035457,0.0025624343237311375,0.003443763284123442
bdb2023_sack,boosted_structure,game_equal_calibration_bias,20,60,value_at_largest_minus_value_at_20,100,-0.0002928413405096515,0.0021156570448493386,0.00021156570448493386,-0.00037980936875970945,-0.003164683062726596,-0.001893778994887019,0.001285241019074142,0.002173880800987273,0.0031790200139611606
bdb2023_sack,linear_structure,game_equal_calibration_bias,20,60,value_at_largest_minus_value_at_20,100,-0.0002872368199287095,0.0026831009308351367,0.0002683100930835137,-0.0002490072387573896,-0.003991093217405719,-0.0019995454859917093,0.0015779885717797713,0.0028868012514861987,0.0035775340577714806
bdb2023_sack,relnet,game_equal_calibration_bias,20,60,value_at_largest_minus_value_at_20,100,-0.00044366210223516873,0.0025835453490972017,0.00025835453490972017,-0.00015856834558117803,-0.0038537806185803586,-0.0022142194083477427,0.001234924372063738,0.0021318576363442165,0.0034491437804114807
bdb2023_sack,set_transformer,game_equal_calibration_bias,20,60,value_at_largest_minus_value_at_20,100,-0.0006558597364929477,0.0027249284022018328,0.0002724928402201833,-0.0010716571775223195,-0.0038892801265293393,-0.0023434075516660454,0.0007225821644003331,0.0024765636941618974,0.0030659897160663784
bdb2023_sack,attn_relnet,game_equal_label0_set_coverage,20,60,value_at_largest_minus_value_at_20,100,-0.0013344927607992186,0.09225800818250385,0.009225800818250385,-0.013636793808305514,-0.10440302055707676,-0.058556344328386384,0.044432124487522706,0.12201913906969905,0.10298846881590909
bdb2023_sack,boosted_structure,game_equal_label0_set_coverage,20,60,value_at_largest_minus_value_at_20,100,-0.008056796819844442,0.08412041716089212,0.008412041716089213,-0.01694811939237212,-0.10609400702909563,-0.062020159140630776,0.033616623216718405,0.09665072489375094,0.09563678235734918
bdb2023_sack,linear_structure,game_equal_label0_set_coverage,20,60,value_at_largest_minus_value_at_20,100,-0.010890752161800908,0.07393186216848265,0.0073931862168482645,-0.011069980759265352,-0.10875617908767184,-0.05696745886706242,0.03170547432012025,0.08052684389539479,0.08867293318718267
bdb2023_sack,relnet,game_equal_label0_set_coverage,20,60,value_at_largest_minus_value_at_20,100,-0.0007577081989890821,0.09188552503833786,0.009188552503833786,-0.007109185938743323,-0.10306012506133547,-0.05670325127901707,0.044339776793305585,0.12083171370939015,0.10104302807232265
bdb2023_sack,set_transformer,game_equal_label0_set_coverage,20,60,value_at_largest_minus_value_at_20,100,-0.019627654223870247,0.07837017537340951,0.007837017537340951,-0.010234068640503358,-0.1173712468938925,-0.06475362720574909,0.03020766052394322,0.07201996487832865,0.09496128772969231
bdb2023_sack,attn_relnet,game_equal_label1_set_coverage,20,60,value_at_largest_minus_value_at_20,100,0.009971201814058958,0.08354644296028088,0.008354644296028089,0.00787981859410436,-0.07347619047619056,-0.05007086167800462,0.06927437641723369,0.10500000000000002,0.11934523809523831
bdb2023_sack,boosted_structure,game_equal_label1_set_coverage,20,60,value_at_largest_minus_value_at_20,100,0.005902919501133773,0.08153058303199029,0.00815305830319903,0.01179138321995471,-0.10007851473922881,-0.049036281179138164,0.06047335600907017,0.10257142857142845,0.10950963718820833
bdb2023_sack,linear_structure,game_equal_label1_set_coverage,20,60,value_at_largest_minus_value_at_20,100,0.0006316609977324073,0.06861870973708291,0.006861870973708291,-0.00267857142857153,-0.07610119047619045,-0.03758857709750563,0.04026573129251701,0.09892290249433107,0.07785430839002264
bdb2023_sack,relnet,game_equal_label1_set_coverage,20,60,value_at_largest_minus_value_at_20,100,0.010925510204081626,0.08646546679266871,0.008646546679266872,0.0027040816326528994,-0.08407482993197275,-0.04893707482993184,0.07023384353741488,0.1060317460317461,0.11917091836734672
bdb2023_sack,set_transformer,game_equal_label1_set_coverage,20,60,value_at_largest_minus_value_at_20,100,0.004564824263038556,0.08633975866260174,0.008633975866260173,-0.0043083900226758565,-0.08382653061224486,-0.04263180272108846,0.04468537414965992,0.1271655328798187,0.08731717687074839
bdb2023_sack,attn_relnet,game_equal_loss,20,60,value_at_largest_minus_value_at_20,100,-0.0008517465089794868,0.003744838232019597,0.0003744838232019597,-0.00025325949561908964,-0.001290648593250089,-0.0008936627428044082,0.0002087212861766937,0.000458902661904901,0.001102384028981102
bdb2023_sack,boosted_structure,game_equal_loss,20,60,value_at_largest_minus_value_at_20,100,-0.0013232369201101562,0.0008763619675782775,8.763619675782775e-05,-0.0012775212894304763,-0.0022808712636229965,-0.001897149360466803,-0.0007833014213263472,-0.0003248886973548843,0.0011138479391404558
bdb2023_sack,linear_structure,game_equal_loss,20,60,value_at_largest_minus_value_at_20,100,-0.00037026224183310384,0.0007451645885159403,7.451645885159403e-05,-0.00027047299199250627,-0.0014021185214238897,-0.000626681747981344,4.151949390983345e-06,0.0002296653939660542,0.0006308336973723273
bdb2023_sack,relnet,game_equal_loss,20,60,value_at_largest_minus_value_at_20,100,-0.0005024197647066418,0.0011032222191455306,0.00011032222191455305,-0.00021299731940122024,-0.0014144319560152627,-0.0008433833874552845,0.00020883433407311268,0.00047384950738132856,0.0010522177215283972
bdb2023_sack,set_transformer,game_equal_loss,20,60,value_at_largest_minus_value_at_20,100,-0.0016190367939862122,0.005336544258114127,0.0005336544258114127,-0.0005215989488523143,-0.0026514791256439956,-0.0011872488587909638,4.3777943451207835e-05,0.0003777943566834135,0.0012310268022421716
bdb2023_sack,attn_relnet,game_equal_mean_entropy,20,60,value_at_largest_minus_value_at_20,100,-6.591975674730077e-05,0.005329456874332524,0.0005329456874332524,-9.73884471253822e-05,-0.006573285330124514,-0.0034352391553297834,0.0029638842737926135,0.006381570270485971,0.006399123429122397
bdb2023_sack,boosted_structure,game_equal_mean_entropy,20,60,value_at_largest_minus_value_at_20,100,0.00022704747730982995,0.005057072679999285,0.0005057072679999286,0.000636473126413073,-0.00606434339810706,-0.0027282398560443677,0.0036822821720221832,0.0070312637329437945,0.006410522028066551
bdb2023_sack,linear_structure,game_equal_mean_entropy,20,60,value_at_largest_minus_value_at_20,100,-0.0010413971963637659,0.005470335657429133,0.0005470335657429133,-0.0013895611870824581,-0.007766196960926014,-0.004352642136207126,0.0019502432510881546,0.006801908154274699,0.00630288538729528
bdb2023_sack,relnet,game_equal_mean_entropy,20,60,value_at_largest_minus_value_at_20,100,-4.971122576796022e-05,0.005114004504823872,0.0005114004504823872,-0.0007272937517799893,-0.005303364269953292,-0.003616822610969829,0.0033014957653910992,0.006757472913946203,0.006918318376360928
bdb2023_sack,set_transformer,game_equal_mean_entropy,20,60,value_at_largest_minus_value_at_20,100,-0.0002777918760688608,0.005912541595334346,0.0005912541595334347,-2.7836288610860738e-05,-0.007126101531352752,-0.003186192362059158,0.003367677322185736,0.006743607202225985,0.006553869684244894
bdb2023_sack,attn_relnet,game_equal_mean_va_imprecision,20,60,value_at_largest_minus_value_at_20,100,0.00039984436892616273,0.0019702914220031758,0.0001970291422003176,0.0003229318133972114,-0.002201922274859152,-0.0009632472922875876,0.0019813122735082207,0.0030025399795252997,0.002944559565795808
bdb2023_sack,boosted_structure,game_equal_mean_va_imprecision,20,60,value_at_largest_minus_value_at_20,100,0.0004332017470006763,0.0019080038610716035,0.00019080038610716035,0.0004470511029422853,-0.0019032292580141393,-0.0008126647829124268,0.0017373993529305207,0.0030727678480293457,0.0025500641358429475
bdb2023_sack,linear_structure,game_equal_mean_va_imprecision,20,60,value_at_largest_minus_value_at_20,100,0.0008577565274993267,0.00200893980646567,0.000200893980646567,0.0007705934270920952,-0.0015663372547906939,-0.00033808262856584257,0.0021700693797197454,0.003402049062796618,0.002508152008285588
bdb2023_sack,relnet,game_equal_mean_va_imprecision,20,60,value_at_largest_minus_value_at_20,100,0.0003902598241890808,0.002016457548959836,0.0002016457548959836,0.00023519230745680563,-0.002186346483495896,-0.0009094892216386129,0.001938434192474572,0.002938154307281979,0.002847923414113185
bdb2023_sack,set_transformer,game_equal_mean_va_imprecision,20,60,value_at_largest_minus_value_at_20,100,0.0007592796243782833,0.002204846079316389,0.00022048460793163888,0.0008691346033621555,-0.002254822544548755,-0.0009967564842339252,0.00246265030569695,0.0034431328702002216,0.0034594067899308754
bdb2023_sack,attn_relnet,game_equal_p90_va_imprecision,20,60,value_at_largest_minus_value_at_20,100,0.0013281296751023893,0.006528860844714169,0.0006528860844714169,0.0010389374508917894,-0.005997656310179311,-0.0030422860407582695,0.004938580043597336,0.009731965273755817,0.007980866084355605
bdb2023_sack,boosted_structure,game_equal_p90_va_imprecision,20,60,value_at_largest_minus_value_at_20,100,0.0011890685679260167,0.005149480367902291,0.0005149480367902291,0.0007219046407923408,-0.005933042323590931,-0.0022930186806993987,0.004517554920816255,0.00843161480583361,0.006810573601515654
bdb2023_sack,linear_structure,game_equal_p90_va_imprecision,20,60,value_at_largest_minus_value_at_20,100,0.0023675694462844984,0.00629163248815077,0.000629163248815077,0.0018372785851851559,-0.004542979579439359,-0.0016847071714499355,0.006283179839089707,0.010257975293264571,0.007967887010539642
bdb2023_sack,relnet,game_equal_p90_va_imprecision,20,60,value_at_largest_minus_value_at_20,100,0.0010878589999511043,0.00647830448076081,0.0006478304480760811,0.0003371634079123954,-0.00659827302848227,-0.003185716244109505,0.004570149346914231,0.010811741720000757,0.007755865591023736
bdb2023_sack,set_transformer,game_equal_p90_va_imprecision,20,60,value_at_largest_minus_value_at_20,100,0.001850747847972939,0.006215744710773519,0.0006215744710773519,0.0022182940822302894,-0.00658201547458826,-0.002367689140147526,0.006285765397810415,0.009229155014060901,0.008653454537957942
bdb2023_sack,attn_relnet,game_equal_rms_reliability,20,60,value_at_largest_minus_value_at_20,100,0.003297130617799711,0.01641771024611137,0.001641771024611137,0.0032435173022058936,-0.017706455764657722,-0.0064743164692250815,0.01404725417619665,0.021899336758592226,0.020521570645421733
bdb2023_sack,boosted_structure,game_equal_rms_reliability,20,60,value_at_largest_minus_value_at_20,100,0.0017107841007127334,0.016968662872157418,0.0016968662872157419,0.001142495574543545,-0.018803908075996252,-0.008494725586208462,0.013406654155449388,0.025718630980575093,0.021901379741657852
bdb2023_sack,linear_structure,game_equal_rms_reliability,20,60,value_at_largest_minus_value_at_20,100,0.0028877659802425404,0.013740899444832312,0.0013740899444832312,0.0020858930510634435,-0.013100517530522191,-0.00505473922499957,0.013237505315084282,0.020681433239377333,0.018292244540083852
bdb2023_sack,relnet,game_equal_rms_reliability,20,60,value_at_largest_minus_value_at_20,100,0.0027891944270692294,0.016024250650857594,0.0016024250650857595,0.0008368025647860072,-0.01446176299357383,-0.008475516055700169,0.012696342792133577,0.024409325630134135,0.021171858847833746
bdb2023_sack,set_transformer,game_equal_rms_reliability,20,60,value_at_largest_minus_value_at_20,100,0.005574032425404804,0.015708743353571857,0.0015708743353571857,0.008028823240334534,-0.017269083361769768,-0.006153373914325275,0.015692519034372198,0.025393496718336815,0.021845892948697473
bdb2023_sack,attn_relnet,game_equal_set_doubleton_rate,20,60,value_at_largest_minus_value_at_20,100,-0.009339045232967733,0.13137889279108675,0.013137889279108675,-0.014260379064797268,-0.15282132367639042,-0.09265192570733546,0.0779121027408424,0.15144682588496156,0.17056402844817786
bdb2023_sack,boosted_structure,game_equal_set_doubleton_rate,20,60,value_at_largest_minus_value_at_20,100,-0.0025044989664686403,0.12202631755845442,0.012202631755845442,-0.0014269165610513168,-0.1485199512020041,-0.10458907773347353,0.07302032564216265,0.1740899247031668,0.1776094033756362
bdb2023_sack,linear_structure,game_equal_set_doubleton_rate,20,60,value_at_largest_minus_value_at_20,100,-0.023294947433814075,0.10967610202174723,0.010967610202174722,-0.02438372459020538,-0.15186025713102816,-0.10734419090140616,0.05620780173952683,0.11993675328748728,0.163551992640933
bdb2023_sack,relnet,game_equal_set_doubleton_rate,20,60,value_at_largest_minus_value_at_20,100,-0.009002860374755416,0.1347024732663238,0.013470247326632382,-0.011774515339496028,-0.16694656845395633,-0.10119247468733147,0.08707256699357366,0.14523568240400817,0.18826504168090513
bdb2023_sack,set_transformer,game_equal_set_doubleton_rate,20,60,value_at_largest_minus_value_at_20,100,-0.018717625903910268,0.12152219636150162,0.012152219636150163,-0.019501179848338657,-0.16017146917414365,-0.10151400689874779,0.057870520477880105,0.12844414617449718,0.1593845273766279
bdb2023_sack,attn_relnet,game_equal_set_empty_rate,20,60,value_at_largest_minus_value_at_20,100,0.0,0.0,0.0,0.0,0.0,0.0,0.0,0.0,0.0
bdb2023_sack,boosted_structure,game_equal_set_empty_rate,20,60,value_at_largest_minus_value_at_20,100,0.0,0.0,0.0,0.0,0.0,0.0,0.0,0.0,0.0
bdb2023_sack,linear_structure,game_equal_set_empty_rate,20,60,value_at_largest_minus_value_at_20,100,0.0,0.0,0.0,0.0,0.0,0.0,0.0,0.0,0.0
bdb2023_sack,relnet,game_equal_set_empty_rate,20,60,value_at_largest_minus_value_at_20,100,0.0,0.0,0.0,0.0,0.0,0.0,0.0,0.0,0.0
bdb2023_sack,set_transformer,game_equal_set_empty_rate,20,60,value_at_largest_minus_value_at_20,100,0.0,0.0,0.0,0.0,0.0,0.0,0.0,0.0,0.0
bdb2023_sack,attn_relnet,game_equal_set_singleton_rate,20,60,value_at_largest_minus_value_at_20,100,0.009339045232967752,0.13137889279108672,0.013137889279108672,0.014260379064797359,-0.15144682588496164,-0.07791210274084245,0.09265192570733537,0.15282132367639054,0.1705640284481778
bdb2023_sack,boosted_structure,game_equal_set_singleton_rate,20,60,value_at_largest_minus_value_at_20,100,0.0025044989664686885,0.1220263175584544,0.01220263175584544,0.0014269165610513446,-0.17408992470316664,-0.07302032564216238,0.10458907773347366,0.14851995120200415,0.17760940337563602
bdb2023_sack,linear_structure,game_equal_set_singleton_rate,20,60,value_at_largest_minus_value_at_20,100,0.02329494743381409,0.10967610202174723,0.010967610202174722,0.02438372459020538,-0.11993675328748717,-0.05620780173952686,0.10734419090140623,0.1518602571310283,0.1635519926409331
bdb2023_sack,relnet,game_equal_set_singleton_rate,20,60,value_at_largest_minus_value_at_20,100,0.009002860374755417,0.13470247326632379,0.013470247326632379,0.011774515339496208,-0.14523568240400786,-0.0870725669935737,0.10119247468733139,0.1669465684539564,0.18826504168090508
bdb2023_sack,set_transformer,game_equal_set_singleton_rate,20,60,value_at_largest_minus_value_at_20,100,0.01871762590391027,0.12152219636150159,0.01215221963615016,0.019501179848338587,-0.12844414617449698,-0.05787052047788021,0.10151400689874773,0.16017146917414365,0.15938452737662795
bdb2023_sack,attn_relnet,label0_set_coverage,20,60,value_at_largest_minus_value_at_20,100,-0.0002775479490444355,0.09155466340868992,0.009155466340868992,-0.012568384460946325,-0.10431415305962753,-0.0563098290095726,0.04191752722391809,0.12166809133963348,0.09822735623349069
bdb2023_sack,boosted_structure,label0_set_coverage,20,60,value_at_largest_minus_value_at_20,100,-0.007491400619675372,0.08349601204909181,0.008349601204909182,-0.015258576007277536,-0.10531187966847434,-0.0605340241927321,0.035390272474835116,0.09750292955772748,0.09592429666756722
bdb2023_sack,linear_structure,label0_set_coverage,20,60,value_at_largest_minus_value_at_20,100,-0.010830424723746478,0.07387668612306408,0.007387668612306409,-0.012400171051551168,-0.1059990001145702,-0.05571856370338896,0.0302154901086992,0.07805660328512477,0.08593405381208816
bdb2023_sack,relnet,label0_set_coverage,20,60,value_at_largest_minus_value_at_20,100,0.00027036092944132564,0.09118662741719111,0.009118662741719111,-0.00699625468164794,-0.10318112414817848,-0.056703026151341956,0.04362895680325901,0.12215164073646309,0.10033198295460097
bdb2023_sack,set_transformer,label0_set_coverage,20,60,value_at_largest_minus_value_at_20,100,-0.019260286574401077,0.07713445302244024,0.007713445302244023,-0.012255369704617936,-0.11238249500750525,-0.06499779756187243,0.02850764496145175,0.07249806138137224,0.09350544252332418
bdb2023_sack,attn_relnet,label1_set_coverage,20,60,value_at_largest_minus_value_at_20,100,0.011964330535293914,0.08051430476760751,0.00805143047676075,0.010263157894736807,-0.07779218797680804,-0.04420298802321271,0.0610795454545455,0.09680551205762608,0.1052825334777582
bdb2023_sack,boosted_structure,label1_set_coverage,20,60,value_at_largest_minus_value_at_20,100,0.008476135167121493,0.07961705919655374,0.007961705919655374,0.010757663389242333,-0.08548463356973997,-0.04866266895107557,0.060760667903524995,0.10616541353383466,0.10942333685460057
bdb2023_sack,linear_structure,label1_set_coverage,20,60,value_at_largest_minus_value_at_20,100,-0.0013903280215684832,0.06728267764724677,0.006728267764724677,0.0,-0.0864193548387097,-0.03824146481022314,0.038304093567251396,0.08998978549540347,0.07654555837747454
bdb2023_sack,relnet,label1_set_coverage,20,60,value_at_largest_minus_value_at_20,100,0.012609506959658314,0.08370199170418299,0.0083701991704183,0.004999999999999949,-0.0801024685607824,-0.045071501532175706,0.06357212475633525,0.11591265397536388,0.10864362628851096
bdb2023_sack,set_transformer,label1_set_coverage,20,60,value_at_largest_minus_value_at_20,100,0.007564216131592052,0.08284809994836279,0.008284809994836278,0.0,-0.07464032421479234,-0.04113856068743291,0.0461650016113439,0.1277029021151009,0.08730356229877681
bdb2023_sack,attn_relnet,mean_entropy,20,60,value_at_largest_minus_value_at_20,100,-0.00026674474069188106,0.0052745437178417735,0.0005274543717841773,-0.0003980463591011091,-0.007120188029933416,-0.0036173427173988373,0.002576767000398557,0.00600583823350756,0.006194109717797394
bdb2023_sack,boosted_structure,mean_entropy,20,60,value_at_largest_minus_value_at_20,100,0.0001445001053040776,0.005016269958245218,0.0005016269958245218,0.0005943379652052216,-0.006749718009183295,-0.002946055748306184,0.00345674922946157,0.007119041687820153,0.006402804977767754
bdb2023_sack,linear_structure,mean_entropy,20,60,value_at_largest_minus_value_at_20,100,-0.0011638151133820413,0.0054059717544884325,0.0005405971754488433,-0.001529441274880472,-0.007815432313064252,-0.004705521071211083,0.0016775945470906134,0.006164745602713416,0.006383115618301696
bdb2023_sack,relnet,mean_entropy,20,60,value_at_largest_minus_value_at_20,100,-0.00024337169754736572,0.0050697144201207415,0.0005069714420120741,-0.00011397157243479838,-0.005721033891465621,-0.00399081135487904,0.0027671997870774637,0.006223879254413441,0.006758011141956503
bdb2023_sack,set_transformer,mean_entropy,20,60,value_at_largest_minus_value_at_20,100,-0.0004411118066090469,0.005831659163652901,0.00058316591636529,-0.00040297381015363953,-0.0077583521604723035,-0.002755895022113923,0.0034067796167128253,0.00679869969391123,0.006162674638826748
bdb2023_sack,attn_relnet,mean_va_imprecision,20,60,value_at_largest_minus_value_at_20,100,0.00039050493472162835,0.0019539982817897003,0.00019539982817897003,0.0003395348944188084,-0.0023161762208254175,-0.0008446982241769739,0.001997476408690687,0.0028672128018898445,0.002842174632867661
bdb2023_sack,boosted_structure,mean_va_imprecision,20,60,value_at_largest_minus_value_at_20,100,0.0004116161266846019,0.001893074907072711,0.0001893074907072711,0.00040331921126213286,-0.0018481299645314816,-0.0007710832668414958,0.00170806739734976,0.0029323019807376578,0.002479150664191256
bdb2023_sack,linear_structure,mean_va_imprecision,20,60,value_at_largest_minus_value_at_20,100,0.0008318301946120064,0.0019563900110571935,0.00019563900110571936,0.0006792457300551493,-0.0016204730149159373,-0.00033772426927969356,0.0020963371398483267,0.0032500796669179227,0.00243406140912802
bdb2023_sack,relnet,mean_va_imprecision,20,60,value_at_largest_minus_value_at_20,100,0.00039021642345399684,0.002000258186463253,0.00020002581864632529,0.0002850448819990588,-0.0022439458164027043,-0.0009784419872977902,0.0019426069955522183,0.0028533404320829525,0.0029210489828500087
bdb2023_sack,set_transformer,mean_va_imprecision,20,60,value_at_largest_minus_value_at_20,100,0.0007511166923558702,0.0021790927672351613,0.00021790927672351613,0.0007506550818725901,-0.0022013698258422955,-0.0008821156867045432,0.0023759124389078207,0.0033517835448270282,0.003258028125612364
bdb2023_sack,attn_relnet,p90_va_imprecision,20,60,value_at_largest_minus_value_at_20,100,0.0015086470931837453,0.007549855294943417,0.0007549855294943417,0.000497867272997464,-0.007153146498363161,-0.0037523432520374326,0.0068914598033175175,0.012200558153401887,0.01064380305535495
bdb2023_sack,boosted_structure,p90_va_imprecision,20,60,value_at_largest_minus_value_at_20,100,0.0011197674906963202,0.00649113844592265,0.000649113844592265,0.0011432971849153987,-0.007300083412141022,-0.0037426744913465985,0.00525841554095394,0.009144864324927547,0.009001090032300539
bdb2023_sack,linear_structure,p90_va_imprecision,20,60,value_at_largest_minus_value_at_20,100,0.0011871790278320737,0.0065773176907380415,0.0006577317690738041,0.0010440096919323086,-0.00766803481857274,-0.002383039323052897,0.005564702084869295,0.008948130224759872,0.007947741407922192
bdb2023_sack,relnet,p90_va_imprecision,20,60,value_at_largest_minus_value_at_20,100,0.001237713021154885,0.007742557751188805,0.0007742557751188805,0.0009711165179274285,-0.008957817713670298,-0.0040004598975878145,0.005919156650251172,0.012489239982344628,0.009919616547838987
bdb2023_sack,set_transformer,p90_va_imprecision,20,60,value_at_largest_minus_value_at_20,100,0.001943814168861728,0.007309663291559804,0.0007309663291559805,0.0018366499966110412,-0.006868451317406637,-0.0029306275999584318,0.007165559077695311,0.012222389766230891,0.010096186677653742
bdb2023_sack,attn_relnet,primary_loss,20,60,value_at_largest_minus_value_at_20,100,-0.000864810234746748,0.0037860236800416266,0.00037860236800416264,-0.00026615181369484334,-0.0013653944818584679,-0.0008366594195567886,0.00013567777152715538,0.00043822327142927105,0.000972337191083944
bdb2023_sack,boosted_structure,primary_loss,20,60,value_at_largest_minus_value_at_20,100,-0.0012780435897111488,0.0008593949451819937,8.593949451819937e-05,-0.001187095537726987,-0.0022219722959859593,-0.0017997004632593749,-0.0007478063239580706,-0.0003383037053046258,0.0010518941393013043
bdb2023_sack,linear_structure,primary_loss,20,60,value_at_largest_minus_value_at_20,100,-0.0003529223004336917,0.0006515152209373655,6.515152209373654e-05,-0.00023428977783828547,-0.0011798293552860745,-0.000585906767813657,-1.2550772299739846e-05,0.0002117656334963483,0.0005733559955139172
bdb2023_sack,relnet,primary_loss,20,60,value_at_largest_minus_value_at_20,100,-0.0005114987547885739,0.0011054983583794016,0.00011054983583794016,-0.0002290770376612225,-0.0013918297458037998,-0.0008216380247608856,0.00014171846404816522,0.0004512266609449965,0.0009633564888090508
bdb2023_sack,set_transformer,primary_loss,20,60,value_at_largest_minus_value_at_20,100,-0.0016010436465592052,0.005299203092831487,0.0005299203092831487,-0.0004991504227375154,-0.0027169077118719917,-0.0011818016109034872,-1.0798199408502962e-05,0.0004172961026197555,0.0011710034114949842
bdb2023_sack,attn_relnet,rms_reliability,20,60,value_at_largest_minus_value_at_20,100,-0.0006031422501948286,0.008231542384138273,0.0008231542384138273,-0.00037950797604131663,-0.011828747590489566,-0.007501876822053111,0.006000425870819897,0.009519295231090106,0.013502302692873008
bdb2023_sack,boosted_structure,rms_reliability,20,60,value_at_largest_minus_value_at_20,100,-0.0009854717838483377,0.008637009641525185,0.0008637009641525185,-7.300172292743889e-05,-0.01210059383432972,-0.005834256632205139,0.0048222836049213545,0.00845548861478746,0.010656540237126495
bdb2023_sack,linear_structure,rms_reliability,20,60,value_at_largest_minus_value_at_20,100,-0.0002570825663989035,0.00797308106672487,0.0007973081066724871,0.0003141971130664915,-0.011185155663093272,-0.004671301287946165,0.005264482312968785,0.009207747300980285,0.00993578360091495
bdb2023_sack,relnet,rms_reliability,20,60,value_at_largest_minus_value_at_20,100,-0.0006463362862052509,0.008585460810428701,0.0008585460810428701,-0.0004656475971662284,-0.01320464559579521,-0.00791951931464058,0.005635107064785292,0.009932888834508786,0.013554626379425873
bdb2023_sack,set_transformer,rms_reliability,20,60,value_at_largest_minus_value_at_20,100,0.0008719070252488727,0.008999441479594172,0.0008999441479594172,0.0019602643483597557,-0.009970749010304938,-0.005781118506129798,0.008061134821476088,0.011284325507585272,0.013842253327605886
bdb2023_sack,attn_relnet,set_doubleton_rate,20,60,value_at_largest_minus_value_at_20,100,-0.008917807008864676,0.13194981257572452,0.013194981257572453,-0.014448044394602233,-0.14939914392495604,-0.09639585296086145,0.07717312850038818,0.15185659411011523,0.17356898146124963
bdb2023_sack,boosted_structure,set_doubleton_rate,20,60,value_at_largest_minus_value_at_20,100,-0.0020813282734567073,0.1218084087095233,0.01218084087095233,-0.0013697387643437087,-0.14916450441100154,-0.10405484299892753,0.07317665902626269,0.1747858604707158,0.17723150202519022
bdb2023_sack,linear_structure,set_doubleton_rate,20,60,value_at_largest_minus_value_at_20,100,-0.023854235287704313,0.11014040055935549,0.011014040055935549,-0.024386731820278118,-0.15108178153017807,-0.10898575682560187,0.055550271498030324,0.12003660153484884,0.16453602832363218
bdb2023_sack,relnet,set_doubleton_rate,20,60,value_at_largest_minus_value_at_20,100,-0.008578024021903606,0.13518551249870894,0.013518551249870895,-0.010340543115214262,-0.16484151291171614,-0.10493085667408877,0.08347457514197468,0.14522140013683257,0.18840543181606345
bdb2023_sack,set_transformer,set_doubleton_rate,20,60,value_at_largest_minus_value_at_20,100,-0.018624842425503895,0.12112263099576973,0.012112263099576973,-0.019377717910981362,-0.1596435272045028,-0.10286299199105142,0.05446770559944883,0.1291873976998039,0.15733069759050025
bdb2023_sack,attn_relnet,set_empty_rate,20,60,value_at_largest_minus_value_at_20,100,0.0,0.0,0.0,0.0,0.0,0.0,0.0,0.0,0.0
bdb2023_sack,boosted_structure,set_empty_rate,20,60,value_at_largest_minus_value_at_20,100,0.0,0.0,0.0,0.0,0.0,0.0,0.0,0.0,0.0
bdb2023_sack,linear_structure,set_empty_rate,20,60,value_at_largest_minus_value_at_20,100,0.0,0.0,0.0,0.0,0.0,0.0,0.0,0.0,0.0
bdb2023_sack,relnet,set_empty_rate,20,60,value_at_largest_minus_value_at_20,100,0.0,0.0,0.0,0.0,0.0,0.0,0.0,0.0,0.0
bdb2023_sack,set_transformer,set_empty_rate,20,60,value_at_largest_minus_value_at_20,100,0.0,0.0,0.0,0.0,0.0,0.0,0.0,0.0,0.0
bdb2023_sack,attn_relnet,set_singleton_rate,20,60,value_at_largest_minus_value_at_20,100,0.00891780700886468,0.13194981257572452,0.013194981257572453,0.014448044394602226,-0.15185659411011526,-0.07717312850038821,0.09639585296086145,0.14939914392495607,0.17356898146124966
bdb2023_sack,boosted_structure,set_singleton_rate,20,60,value_at_largest_minus_value_at_20,100,0.0020813282734567155,0.12180840870952328,0.012180840870952328,0.0013697387643436948,-0.17478586047071573,-0.07317665902626276,0.10405484299892752,0.14916450441100157,0.17723150202519028
bdb2023_sack,linear_structure,set_singleton_rate,20,60,value_at_largest_minus_value_at_20,100,0.02385423528770431,0.11014040055935548,0.011014040055935547,0.024386731820278076,-0.12003660153484871,-0.05555027149803032,0.10898575682560185,0.15108178153017812,0.16453602832363218
bdb2023_sack,relnet,set_singleton_rate,20,60,value_at_largest_minus_value_at_20,100,0.008578024021903606,0.13518551249870894,0.013518551249870895,0.010340543115214255,-0.1452214001368325,-0.08347457514197466,0.10493085667408883,0.16484151291171623,0.1884054318160635
bdb2023_sack,set_transformer,set_singleton_rate,20,60,value_at_largest_minus_value_at_20,100,0.018624842425503888,0.12112263099576974,0.012112263099576973,0.019377717910981404,-0.12918739769980378,-0.054467705599448774,0.10286299199105137,0.15964352720450284,0.15733069759050014
bdb2023_sack,attn_relnet,skill,20,60,value_at_largest_minus_value_at_20,100,0.013202400017338134,0.060482290047536184,0.006048229004753618,0.0034701155826090124,-0.008197557931782628,-0.0030909292663937327,0.012149163311295008,0.022122786511161723,0.01524009257768874
bdb2023_sack,boosted_structure,skill,20,60,value_at_largest_minus_value_at_20,100,0.01969089742326252,0.01399111023344809,0.001399111023344809,0.019097287001877405,0.004124363001303588,0.011053213034142473,0.029658405335095117,0.03528176760060392,0.018605192300952644
bdb2023_sack,linear_structure,skill,20,60,value_at_largest_minus_value_at_20,100,0.004950940601119213,0.010697588359561602,0.0010697588359561603,0.0035080565200674707,-0.004593492478437433,-0.0007109371187998537,0.0077519907071118554,0.01595094425034086,0.008462927825911709
bdb2023_sack,relnet,skill,20,60,value_at_largest_minus_value_at_20,100,0.007549315161631601,0.018195399844363733,0.0018195399844363734,0.002949782635961129,-0.00823655952328679,-0.0032899827738204768,0.012177704026495983,0.022510450785741903,0.01546768680031646
bdb2023_sack,set_transformer,skill,20,60,value_at_largest_minus_value_at_20,100,0.025806587760143936,0.08982531676409224,0.008982531676409224,0.0076908212939187925,-0.008253934081851665,-0.0012548114029211632,0.016268036470298064,0.03939428500245311,0.017522847873219227
