token_order,GameId,PlayId,Team,X,Y,S,A,Dis,Orientation,Dir,NflId,DisplayName,JerseyNumber,Season,YardLine,Quarter,GameClock,PossessionTeam,Down,Distance,FieldPosition,HomeScoreBeforePlay,VisitorScoreBeforePlay,NflIdRusher,OffenseFormation,OffensePersonnel,DefendersInTheBox,DefensePersonnel,PlayDirection,TimeHandoff,TimeSnap,Yards,Position,HomeTeamAbbr,VisitorTeamAbbr,Week,IsRusher,ToLeft,TeamOnOffense,IsOnOffense,team_abbr,role,S_model,Dir_rad,X_std,Y_std,Dir_std,Sx,Sy,player_minus_rusher_x,player_minus_rusher_y,player_minus_rusher_Sx,player_minus_rusher_Sy,token_group,line_of_scrimmage_x_raw,line_of_scrimmage_x_std
1,2019091600,20190916000078,away,31.809999999999999,23.649999999999999,4.8300000000000001,3.75,0.46999999999999997,72.030000000000001,14.09,2561021,Nick Chubb,24,2019,27,1,14:19:00,CLV,2,2,CLV,0,0,2561021,SHOTGUN,"1 RB, 2 TE, 2 WR",6,"3 DL, 3 LB, 5 DB",right,2019-09-17T00:17:00.000Z,2019-09-17T00:16:59.000Z,4,RB,NYJ,CLE,2,True,False,away,True,CLE,rusher,4.8300000000000001,1.3248794351888955,31.809999999999999,23.649999999999999,1.3248794351888955,1.1758428926915745,4.6846871284757867,0,0,0,0,0,37,37
2,2019091600,20190916000078,away,37.670000000000002,9.0600000000000005,4.4900000000000002,2.7200000000000002,0.42999999999999999,92.129999999999995,115.12,2543496,Odell Beckham,13,2019,27,1,14:19:00,CLV,2,2,CLV,0,0,2561021,SHOTGUN,"1 RB, 2 TE, 2 WR",6,"3 DL, 3 LB, 5 DB",right,2019-09-17T00:17:00.000Z,2019-09-17T00:16:59.000Z,4,WR,NYJ,CLE,2,False,False,away,True,CLE,offense,4.4900000000000002,5.8447585990786104,37.670000000000002,9.0600000000000005,5.8447585990786104,4.0653388096986411,-1.9060745951714568,-5.860000000000003,14.589999999999998,-2.8894959170070669,6.590761723647244,1,37,37
3,2019091600,20190916000078,away,32.880000000000003,19.34,7.3700000000000001,2.6299999999999999,0.75,158.16999999999999,179,2543488,Jarvis Landry,80,2019,27,1,14:19:00,CLV,2,2,CLV,0,0,2561021,SHOTGUN,"1 RB, 2 TE, 2 WR",6,"3 DL, 3 LB, 5 DB",right,2019-09-17T00:17:00.000Z,2019-09-17T00:16:59.000Z,4,WR,NYJ,CLE,2,False,False,away,True,CLE,offense,7.3700000000000001,4.7298422729046328,32.880000000000003,19.34,4.7298422729046328,0.12862423544277668,-7.3688775133026034,-1.0700000000000038,4.3099999999999987,1.0472186572487978,12.05356464177839,1,37,37
4,2019091600,20190916000078,away,35.539999999999999,23.469999999999999,3.8100000000000001,0.60999999999999999,0.40000000000000002,112.56999999999999,14.699999999999999,2541716,Chris Hubbard,74,2019,27,1,14:19:00,CLV,2,2,CLV,0,0,2561021,SHOTGUN,"1 RB, 2 TE, 2 WR",6,"3 DL, 3 LB, 5 DB",right,2019-09-17T00:17:00.000Z,2019-09-17T00:16:59.000Z,4,G,NYJ,CLE,2,False,False,away,True,CLE,offense,3.8100000000000001,1.3142329267517301,35.539999999999999,23.469999999999999,1.3142329267517301,0.96681776886810977,3.6852901380760903,-3.7300000000000004,0.17999999999999972,0.20902512382346472,0.99939699039969643,1,37,37
5,2019091600,20190916000078,away,31.109999999999999,23.82,0.70999999999999996,2.0800000000000001,0.070000000000000007,104.68000000000001,158.49000000000001,2560800,Baker Mayfield,6,2019,27,1,14:19:00,CLV,2,2,CLV,0,0,2561021,SHOTGUN,"1 RB, 2 TE, 2 WR",6,"3 DL, 3 LB, 5 DB",right,2019-09-17T00:17:00.000Z,2019-09-17T00:16:59.000Z,4,QB,NYJ,CLE,2,False,False,away,True,CLE,offense,0.70999999999999996,5.0878093024886697,31.109999999999999,23.82,5.0878093024886697,0.2603311628452068,-0.66055104696886402,0.69999999999999929,-0.17000000000000171,0.91551172984636775,5.345238175444651,1,37,37
6,2019091600,20190916000078,away,35.490000000000002,26,4.8600000000000003,0.81999999999999995,0.48999999999999999,84.640000000000001,8.4600000000000009,2541312,Eric Kush,72,2019,27,1,14:19:00,CLV,2,2,CLV,0,0,2561021,SHOTGUN,"1 RB, 2 TE, 2 WR",6,"3 DL, 3 LB, 5 DB",right,2019-09-17T00:17:00.000Z,2019-09-17T00:16:59.000Z,4,OG,NYJ,CLE,2,False,False,away,True,CLE,offense,4.8600000000000003,1.4231414720761761,35.490000000000002,26,1.4231414720761761,0.71499791153577863,4.8071174300717345,-3.6800000000000033,-2.3500000000000014,0.46084498115579586,-0.12243030159594781,1,37,37
7,2019091600,20190916000078,away,36.719999999999999,27.010000000000002,3.8100000000000001,0.46999999999999997,0.38,122.86,19.43,2540292,JC Tretter,64,2019,27,1,14:19:00,CLV,2,2,CLV,0,0,2561021,SHOTGUN,"1 RB, 2 TE, 2 WR",6,"3 DL, 3 LB, 5 DB",right,2019-09-17T00:17:00.000Z,2019-09-17T00:16:59.000Z,4,T,NYJ,CLE,2,False,False,away,True,CLE,offense,3.8100000000000001,1.2316788531323983,36.719999999999999,27.010000000000002,1.2316788531323983,1.2674153844860789,3.5930152021899384,-4.9100000000000001,-3.360000000000003,-0.09157249179450444,1.0916719262858483,1,37,37
8,2019091600,20190916000078,away,35.32,28.059999999999999,1.6000000000000001,1.54,0.16,75.730000000000004,6.3399999999999999,2543458,Greg Robinson,78,2019,27,1,14:19:00,CLV,2,2,CLV,0,0,2561021,SHOTGUN,"1 RB, 2 TE, 2 WR",6,"3 DL, 3 LB, 5 DB",right,2019-09-17T00:17:00.000Z,2019-09-17T00:16:59.000Z,4,OT,NYJ,CLE,2,False,False,away,True,CLE,offense,1.6000000000000001,1.4601424522184561,35.32,28.059999999999999,1.4601424522184561,0.17668511991272165,1.590214566780668,-3.5100000000000016,-4.4100000000000001,0.99915777277885287,3.0944725616951185,1,37,37
9,2019091600,20190916000078,away,33.960000000000001,28.489999999999998,4.1399999999999997,1.24,0.42999999999999999,52.159999999999997,342.37,2543737,Joel Bitonio,75,2019,27,1,14:19:00,CLV,2,2,CLV,0,0,2561021,SHOTGUN,"1 RB, 2 TE, 2 WR",6,"3 DL, 3 LB, 5 DB",right,2019-09-17T00:17:00.000Z,2019-09-17T00:16:59.000Z,4,G,NYJ,CLE,2,False,False,away,True,CLE,offense,4.1399999999999997,1.8784978739214968,33.960000000000001,28.489999999999998,1.8784978739214968,-1.2538774064084299,3.9455533768659712,-2.1500000000000021,-4.8399999999999999,2.4297202991000044,0.73913375160981554,1,37,37
10,2019091600,20190916000078,away,35.350000000000001,29.629999999999999,1.49,1.4399999999999999,0.14000000000000001,68.359999999999999,354.63999999999999,2541187,Demetrius Harris,88,2019,27,1,14:19:00,CLV,2,2,CLV,0,0,2561021,SHOTGUN,"1 RB, 2 TE, 2 WR",6,"3 DL, 3 LB, 5 DB",right,2019-09-17T00:17:00.000Z,2019-09-17T00:16:59.000Z,4,TE,NYJ,CLE,2,False,False,away,True,CLE,offense,1.49,1.664345974701793,35.350000000000001,29.629999999999999,1.664345974701793,-0.13918575303988887,1.4834848587534417,-3.5400000000000027,-5.9800000000000004,1.3150286457314633,3.2012022697223452,1,37,37
11,2019091600,20190916000078,away,35.07,30.489999999999998,1.1599999999999999,2.8900000000000001,0.10000000000000001,108.5,31.620000000000001,2557986,David Njoku,85,2019,27,1,14:19:00,CLV,2,2,CLV,0,0,2561021,SHOTGUN,"1 RB, 2 TE, 2 WR",6,"3 DL, 3 LB, 5 DB",right,2019-09-17T00:17:00.000Z,2019-09-17T00:16:59.000Z,4,TE,NYJ,CLE,2,False,False,away,True,CLE,offense,1.1599999999999999,1.0189232173142895,35.07,30.489999999999998,1.0189232173142895,0.60816849207998025,0.98779101293804183,-3.2600000000000016,-6.8399999999999999,0.56767440061159424,3.6968961155377449,1,37,37
12,2019091600,20190916000078,home,39.049999999999997,9.6999999999999993,4.2400000000000002,3.3300000000000001,0.40999999999999998,229.58000000000001,106.41,2558108,Nate Hairston,21,2019,27,1,14:19:00,CLV,2,2,CLV,0,0,2561021,SHOTGUN,"1 RB, 2 TE, 2 WR",6,"3 DL, 3 LB, 5 DB",right,2019-09-17T00:17:00.000Z,2019-09-17T00:16:59.000Z,4,CB,NYJ,CLE,2,False,False,away,False,NYJ,defense,4.2400000000000002,5.9967767769273177,39.049999999999997,9.6999999999999993,5.9967767769273177,4.067282251886712,-1.197837669923334,-7.2399999999999984,13.949999999999999,-2.8914393591951377,5.8825247983991211,2,37,37
13,2019091600,20190916000078,home,35.259999999999998,18.670000000000002,4.6399999999999997,2.7599999999999998,0.46999999999999997,303.23000000000002,330.70999999999998,2557979,Jamal Adams,33,2019,27,1,14:19:00,CLV,2,2,CLV,0,0,2561021,SHOTGUN,"1 RB, 2 TE, 2 WR",6,"3 DL, 3 LB, 5 DB",right,2019-09-17T00:17:00.000Z,2019-09-17T00:16:59.000Z,4,SS,NYJ,CLE,2,False,False,away,False,NYJ,defense,4.6399999999999997,2.0820032647040358,35.259999999999998,18.670000000000002,2.0820032647040358,-2.2700283112558903,4.0467976804007293,-3.4499999999999993,4.9799999999999969,3.4458712039474646,0.63788944807505743,2,37,37
14,2019091600,20190916000078,home,42.280000000000001,21.18,5.5300000000000002,2.4700000000000002,0.56000000000000005,236.21000000000001,187.71000000000001,2553353,Darryl Roberts,27,2019,27,1,14:19:00,CLV,2,2,CLV,0,0,2561021,SHOTGUN,"1 RB, 2 TE, 2 WR",6,"3 DL, 3 LB, 5 DB",right,2019-09-17T00:17:00.000Z,2019-09-17T00:16:59.000Z,4,CB,NYJ,CLE,2,False,False,away,False,NYJ,defense,5.5300000000000002,4.5778240950559264,42.280000000000001,21.18,4.5778240950559264,-0.74190005843067008,-5.4800076919015881,-10.470000000000002,2.4699999999999989,1.9177429511222446,10.164694820377374,2,37,37
15,2019091600,20190916000078,home,35.630000000000003,22.960000000000001,4.1900000000000004,0.87,0.44,304.55000000000001,332.88,2552272,Henry Anderson,96,2019,27,1,14:19:00,CLV,2,2,CLV,0,0,2561021,SHOTGUN,"1 RB, 2 TE, 2 WR",6,"3 DL, 3 LB, 5 DB",right,2019-09-17T00:17:00.000Z,2019-09-17T00:16:59.000Z,4,DE,NYJ,CLE,2,False,False,away,False,NYJ,defense,4.1900000000000004,2.044129619935759,35.630000000000003,22.960000000000001,2.044129619935759,-1.910035057703066,3.7293251505259297,-3.8200000000000038,0.68999999999999773,3.0858779503946403,0.955361977949857,2,37,37
16,2019091600,20190916000078,home,52.840000000000003,23.02,1.5800000000000001,1.7,0.14999999999999999,279.81,0.32000000000000001,2557995,Marcus Maye,20,2019,27,1,14:19:00,CLV,2,2,CLV,0,0,2561021,SHOTGUN,"1 RB, 2 TE, 2 WR",6,"3 DL, 3 LB, 5 DB",right,2019-09-17T00:17:00.000Z,2019-09-17T00:16:59.000Z,4,FS,NYJ,CLE,2,False,False,away,False,NYJ,defense,1.5800000000000001,1.5652112731885148,52.840000000000003,23.02,1.5652112731885148,0.0088243388219086272,1.5799753577332643,-21.030000000000005,0.62999999999999901,1.1670185538696658,3.1047117707425222,2,37,37
17,2019091600,20190916000078,home,39.060000000000002,24.379999999999999,4.6600000000000001,2.46,0.45000000000000001,283.42000000000002,336.86000000000001,2562496,Blake Cashman,53,2019,27,1,14:19:00,CLV,2,2,CLV,0,0,2561021,SHOTGUN,"1 RB, 2 TE, 2 WR",6,"3 DL, 3 LB, 5 DB",right,2019-09-17T00:17:00.000Z,2019-09-17T00:16:59.000Z,4,LB,NYJ,CLE,2,False,False,away,False,NYJ,defense,4.6600000000000001,1.9746655157063844,39.060000000000002,24.379999999999999,1.9746655157063844,-1.8312829670921298,4.2850907451812787,-7.2500000000000036,-0.73000000000000043,3.0071258597837041,0.39959638329450797,2,37,37
18,2019091600,20190916000078,home,36.340000000000003,26.23,3.3999999999999999,0.75,0.34000000000000002,292.58999999999997,353.89999999999998,2507590,Steve McLendon,99,2019,27,1,14:19:00,CLV,2,2,CLV,0,0,2561021,SHOTGUN,"1 RB, 2 TE, 2 WR",6,"3 DL, 3 LB, 5 DB",right,2019-09-17T00:17:00.000Z,2019-09-17T00:16:59.000Z,4,NT,NYJ,CLE,2,False,False,away,False,NYJ,defense,3.3999999999999999,1.6772614111665509,36.340000000000003,26.23,1.6772614111665509,-0.36129784254319358,3.3807490100528956,-4.5300000000000047,-2.5800000000000018,1.5371407352347681,1.3039381184228911,2,37,37
19,2019091600,20190916000078,home,35.840000000000003,27.93,1.53,1.76,0.17999999999999999,273.56,348.94999999999999,2552486,Leonard Williams,92,2019,27,1,14:19:00,CLV,2,2,CLV,0,0,2561021,SHOTGUN,"1 RB, 2 TE, 2 WR",6,"3 DL, 3 LB, 5 DB",right,2019-09-17T00:17:00.000Z,2019-09-17T00:16:59.000Z,4,DE,NYJ,CLE,2,False,False,away,False,NYJ,defense,1.53,1.7636552091402702,35.840000000000003,27.93,1.7636552091402702,-0.29324829751604375,1.5016342550714346,-4.0300000000000047,-4.2800000000000011,1.4690911902076182,3.1830528734043524,2,37,37
20,2019091600,20190916000078,home,37.789999999999999,29.59,3.4700000000000002,2.6800000000000002,0.34000000000000002,261.66000000000003,325.12,2553657,Neville Hewitt,46,2019,27,1,14:19:00,CLV,2,2,CLV,0,0,2561021,SHOTGUN,"1 RB, 2 TE, 2 WR",6,"3 DL, 3 LB, 5 DB",right,2019-09-17T00:17:00.000Z,2019-09-17T00:16:59.000Z,4,OLB,NYJ,CLE,2,False,False,away,False,NYJ,defense,3.4700000000000002,2.1795671698905186,37.789999999999999,29.59,2.1795671698905186,-1.9843526439902419,2.8466198524370858,-5.9800000000000004,-5.9400000000000013,3.1601955366818162,1.8380672760387009,2,37,37
21,2019091600,20190916000078,home,35.82,30.260000000000002,1.3,1.97,0.12,247.74000000000001,0.46999999999999997,2555256,Jordan Jenkins,48,2019,27,1,14:19:00,CLV,2,2,CLV,0,0,2561021,SHOTGUN,"1 RB, 2 TE, 2 WR",6,"3 DL, 3 LB, 5 DB",right,2019-09-17T00:17:00.000Z,2019-09-17T00:16:59.000Z,4,OLB,NYJ,CLE,2,False,False,away,False,NYJ,defense,1.3,1.5625932793105233,35.82,30.260000000000002,1.5625932793105233,0.010663842133778204,1.2999562617530429,-4.0100000000000016,-6.610000000000003,1.1651790505577964,3.3847308667227436,2,37,37
22,2019091600,20190916000078,home,38.350000000000001,34.509999999999998,3.0600000000000001,1.6399999999999999,0.29999999999999999,246.41,320.24000000000001,2556445,Brian Poole,34,2019,27,1,14:19:00,CLV,2,2,CLV,0,0,2561021,SHOTGUN,"1 RB, 2 TE, 2 WR",6,"3 DL, 3 LB, 5 DB",right,2019-09-17T00:17:00.000Z,2019-09-17T00:16:59.000Z,4,CB,NYJ,CLE,2,False,False,away,False,NYJ,defense,3.0600000000000001,2.2647392373878419,38.350000000000001,34.509999999999998,2.2647392373878419,-1.9570939321912533,2.3523144646454432,-6.5400000000000027,-10.859999999999999,3.1329368248828278,2.3323726638303435,2,37,37
