metric,n_train,model_a,model_b,contrast,fixed_mean_difference,fixed_lower,fixed_upper,tuned_mean_difference,tuned_lower,tuned_upper,estimand_type,fixed_eligible,tuned_eligible,fixed_conclusion,tuned_conclusion,conclusion_state_changed,conclusion_changed
crps,20,ridge_sgd_l2,lightgbm_multiclass,ridge_sgd_l2 - lightgbm_multiclass,5.005435671134401e-05,-3.9671248616397834e-06,0.0001040758382843278,-0.00013771117668014306,-0.00018684705985717314,-8.857529350311298e-05,crps,True,True,inconclusive,supported,True,False
crps,20,ridge_sgd_l2,zoo_cnn,ridge_sgd_l2 - zoo_cnn,-0.001950690300930445,-0.0025040758561340162,-0.0013973047457268737,-0.0016736872678049211,-0.0020115481121332126,-0.0013358264234766297,crps,True,True,supported,supported,False,False
crps,20,ridge_sgd_l2,set_transformer,ridge_sgd_l2 - set_transformer,0.00033751260520607215,0.00021325194469110268,0.0004617732657210416,0.0002605909397176637,0.00018372930411806595,0.00033745257531726146,crps,True,True,opposite,opposite,False,False
crps,20,lightgbm_multiclass,zoo_cnn,lightgbm_multiclass - zoo_cnn,-0.0020007446576417883,-0.0025570882915488726,-0.001444401023734704,-0.0015359760911247775,-0.0018657519956870655,-0.0012062001865624896,crps,True,True,supported,supported,False,False
crps,20,lightgbm_multiclass,set_transformer,lightgbm_multiclass - set_transformer,0.00028745824849472825,0.00016277504643887793,0.0004121414505505786,0.00039830211639780666,0.00033268435398368186,0.00046391987881193146,crps,True,True,opposite,opposite,False,False
crps,20,zoo_cnn,set_transformer,zoo_cnn - set_transformer,0.0022882029061365165,0.001715433530417474,0.002860972281855559,0.0019342782075225848,0.0016084928860820168,0.002260063528963153,crps,True,True,opposite,opposite,False,False
mean_width,20,ridge_sgd_l2,lightgbm_multiclass,ridge_sgd_l2 - lightgbm_multiclass,5.64315280820063,5.305790632237745,5.980514984163515,2.7538902387959245,2.2944729468081695,3.2133075307836796,coverage_qualified_width,True,True,opposite,opposite,False,False
mean_width,20,ridge_sgd_l2,zoo_cnn,ridge_sgd_l2 - zoo_cnn,0.7686471302525486,-3.593553895989208,5.130848156494306,-0.39741562458455454,-2.2754059446798824,1.4805746955107735,coverage_qualified_width,True,True,inconclusive,inconclusive,False,False
mean_width,20,ridge_sgd_l2,set_transformer,ridge_sgd_l2 - set_transformer,4.503500019398608,3.658496748028346,5.348503290768869,0.4176198720365788,-0.685008386122039,1.5202481301951964,coverage_qualified_width,True,True,opposite,inconclusive,True,True
mean_width,20,lightgbm_multiclass,zoo_cnn,lightgbm_multiclass - zoo_cnn,-4.874505677948083,-9.166141401275253,-0.5828699546209126,-3.1513058633804794,-4.96126250547523,-1.3413492212857288,coverage_qualified_width,True,True,supported,supported,False,False
mean_width,20,lightgbm_multiclass,set_transformer,lightgbm_multiclass - set_transformer,-1.1396527888020231,-1.9080922448082698,-0.3712133327957765,-2.336270366759345,-3.314705273889949,-1.357835459628741,coverage_qualified_width,True,True,supported,supported,False,False
mean_width,20,zoo_cnn,set_transformer,zoo_cnn - set_transformer,3.7348528891460573,-0.3787104629435625,7.848416241235677,0.8150354966211331,-0.9733124522829386,2.6033834455252047,coverage_qualified_width,True,True,inconclusive,inconclusive,False,False
mean_width_inclusive,20,ridge_sgd_l2,lightgbm_multiclass,ridge_sgd_l2 - lightgbm_multiclass,5.643152808200629,5.305790632237744,5.980514984163514,2.7538902387959245,2.2944729468081695,3.2133075307836796,coverage_qualified_width,True,True,opposite,opposite,False,False
mean_width_inclusive,20,ridge_sgd_l2,zoo_cnn,ridge_sgd_l2 - zoo_cnn,0.7686471302525488,-3.593553895989208,5.130848156494306,-0.3974156245845546,-2.275405944679883,1.4805746955107735,coverage_qualified_width,True,True,inconclusive,inconclusive,False,False
mean_width_inclusive,20,ridge_sgd_l2,set_transformer,ridge_sgd_l2 - set_transformer,4.503500019398608,3.658496748028346,5.348503290768869,0.4176198720365788,-0.685008386122039,1.5202481301951964,coverage_qualified_width,True,True,opposite,inconclusive,True,True
mean_width_inclusive,20,lightgbm_multiclass,zoo_cnn,lightgbm_multiclass - zoo_cnn,-4.874505677948083,-9.166141401275253,-0.5828699546209126,-3.1513058633804794,-4.96126250547523,-1.3413492212857285,coverage_qualified_width,True,True,supported,supported,False,False
mean_width_inclusive,20,lightgbm_multiclass,set_transformer,lightgbm_multiclass - set_transformer,-1.1396527888020234,-1.90809224480827,-0.37121333279577673,-2.336270366759345,-3.314705273889949,-1.357835459628741,coverage_qualified_width,True,True,supported,supported,False,False
mean_width_inclusive,20,zoo_cnn,set_transformer,zoo_cnn - set_transformer,3.7348528891460573,-0.3787104629435625,7.848416241235677,0.8150354966211333,-0.9733124522829384,2.603383445525205,coverage_qualified_width,True,True,inconclusive,inconclusive,False,False
crps_game_equal,20,ridge_sgd_l2,lightgbm_multiclass,ridge_sgd_l2 - lightgbm_multiclass,5.563525887800832e-05,2.229536396306985e-06,0.00010904098135970967,-0.00012917929565755992,-0.00017909568495179807,-7.926290636332177e-05,crps,True,True,opposite,supported,True,True
crps_game_equal,20,ridge_sgd_l2,zoo_cnn,ridge_sgd_l2 - zoo_cnn,-0.0019590718670443636,-0.002516004965691596,-0.001402138768397131,-0.0016734408996693284,-0.0020119692283748244,-0.0013349125709638324,crps,True,True,supported,supported,False,False
crps_game_equal,20,ridge_sgd_l2,set_transformer,ridge_sgd_l2 - set_transformer,0.0003358015146264579,0.00021139894256646196,0.0004602040866864539,0.0002615700606299412,0.0001848004108095242,0.0003383397104503582,crps,True,True,opposite,opposite,False,False
crps_game_equal,20,lightgbm_multiclass,zoo_cnn,lightgbm_multiclass - zoo_cnn,-0.0020147071259223708,-0.0025748498242251666,-0.001454564427619575,-0.001544261604011768,-0.001876330287793628,-0.001212192920229908,crps,True,True,supported,supported,False,False
crps_game_equal,20,lightgbm_multiclass,set_transformer,lightgbm_multiclass - set_transformer,0.0002801662557484496,0.00015503711589171467,0.00040529539560518453,0.00039074935628750115,0.00032574833807028563,0.00045575037450471667,crps,True,True,opposite,opposite,False,False
crps_game_equal,20,zoo_cnn,set_transformer,zoo_cnn - set_transformer,0.0022948733816708206,0.0017185740710680792,0.0028711726922735622,0.0019350109602992698,0.0016074389416269427,0.002262582978971597,crps,True,True,opposite,opposite,False,False
mean_width_game_equal,20,ridge_sgd_l2,lightgbm_multiclass,ridge_sgd_l2 - lightgbm_multiclass,5.566503379666249,5.23486134187813,5.8981454174543675,2.702811910887167,2.2496994546773825,3.1559243670969517,coverage_qualified_width,True,True,opposite,opposite,False,False
mean_width_game_equal,20,ridge_sgd_l2,zoo_cnn,ridge_sgd_l2 - zoo_cnn,0.6981132663102891,-3.658748819660899,5.0549753522814775,-0.4484111773711026,-2.3311767937646453,1.4343544390224399,coverage_qualified_width,True,True,inconclusive,inconclusive,False,False
mean_width_game_equal,20,ridge_sgd_l2,set_transformer,ridge_sgd_l2 - set_transformer,4.448761984231938,3.6005824231207044,5.296941545343172,0.388399297616195,-0.7107871782811379,1.4875857735135278,coverage_qualified_width,True,True,opposite,inconclusive,True,True
mean_width_game_equal,20,lightgbm_multiclass,zoo_cnn,lightgbm_multiclass - zoo_cnn,-4.86839011335596,-9.156195005197446,-0.5805852215144744,-3.1512230882582686,-4.965072405351411,-1.3373737711651261,coverage_qualified_width,True,True,supported,supported,False,False
mean_width_game_equal,20,lightgbm_multiclass,set_transformer,lightgbm_multiclass - set_transformer,-1.1177413954343085,-1.8875913098690722,-0.3478914809995449,-2.3144126132709717,-3.2906946022254573,-1.338130624316486,coverage_qualified_width,True,True,supported,supported,False,False
mean_width_game_equal,20,zoo_cnn,set_transformer,zoo_cnn - set_transformer,3.7506487179216492,-0.3595405127641733,7.860837948607472,0.8368104749872978,-0.9538049667698909,2.6274259167444862,coverage_qualified_width,True,True,inconclusive,inconclusive,False,False
mean_width_inclusive_game_equal,20,ridge_sgd_l2,lightgbm_multiclass,ridge_sgd_l2 - lightgbm_multiclass,5.566503379666245,5.234861341878126,5.898145417454364,2.702811910887166,2.2496994546773816,3.155924367096951,coverage_qualified_width,True,True,opposite,opposite,False,False
mean_width_inclusive_game_equal,20,ridge_sgd_l2,zoo_cnn,ridge_sgd_l2 - zoo_cnn,0.6981132663102898,-3.6587488196608993,5.054975352281478,-0.44841117737110237,-2.3311767937646444,1.4343544390224396,coverage_qualified_width,True,True,inconclusive,inconclusive,False,False
mean_width_inclusive_game_equal,20,ridge_sgd_l2,set_transformer,ridge_sgd_l2 - set_transformer,4.448761984231938,3.6005824231207044,5.296941545343172,0.38839929761619485,-0.710787178281138,1.4875857735135276,coverage_qualified_width,True,True,opposite,inconclusive,True,True
mean_width_inclusive_game_equal,20,lightgbm_multiclass,zoo_cnn,lightgbm_multiclass - zoo_cnn,-4.868390113355957,-9.156195005197443,-0.5805852215144718,-3.1512230882582686,-4.965072405351411,-1.3373737711651261,coverage_qualified_width,True,True,supported,supported,False,False
mean_width_inclusive_game_equal,20,lightgbm_multiclass,set_transformer,lightgbm_multiclass - set_transformer,-1.117741395434308,-1.8875913098690718,-0.34789148099954426,-2.314412613270971,-3.2906946022254564,-1.3381306243164852,coverage_qualified_width,True,True,supported,supported,False,False
mean_width_inclusive_game_equal,20,zoo_cnn,set_transformer,zoo_cnn - set_transformer,3.7506487179216492,-0.3595405127641742,7.860837948607473,0.8368104749872975,-0.9538049667698907,2.627425916744486,coverage_qualified_width,True,True,inconclusive,inconclusive,False,False
crps,160,ridge_sgd_l2,lightgbm_multiclass,ridge_sgd_l2 - lightgbm_multiclass,0.0006110635589969376,0.0005743481638579376,0.0006477789541359377,0.0002989445059681517,0.0002704161587835599,0.0003274728531527435,crps,True,True,opposite,opposite,False,False
crps,160,ridge_sgd_l2,zoo_cnn,ridge_sgd_l2 - zoo_cnn,0.0007155175081122339,0.00045123194312006795,0.0009798030731043997,0.0005661773941414496,0.0004446192556018933,0.0006877355326810058,crps,True,True,opposite,opposite,False,False
crps,160,ridge_sgd_l2,set_transformer,ridge_sgd_l2 - set_transformer,0.0013407600840886183,0.0012649474791558797,0.001416572689021357,0.0011022287659867272,0.0010550170530889767,0.0011494404788844777,crps,True,True,opposite,opposite,False,False
crps,160,lightgbm_multiclass,zoo_cnn,lightgbm_multiclass - zoo_cnn,0.00010445394911529612,-0.00015997198232176014,0.0003688798805523524,0.00026723288817329804,0.00014602103855289946,0.00038844473779369663,crps,True,True,inconclusive,opposite,True,False
crps,160,lightgbm_multiclass,set_transformer,lightgbm_multiclass - set_transformer,0.0007296965250916805,0.0006523303571862506,0.0008070626929971103,0.0008032842600185758,0.0007566803789436793,0.0008498881410934723,crps,True,True,opposite,opposite,False,False
crps,160,zoo_cnn,set_transformer,zoo_cnn - set_transformer,0.0006252425759763841,0.0003478803977307241,0.0009026047542220442,0.0005360513718452776,0.000409428631314868,0.0006626741123756872,crps,True,True,opposite,opposite,False,False
mean_width,160,ridge_sgd_l2,lightgbm_multiclass,ridge_sgd_l2 - lightgbm_multiclass,7.755111750293203,7.503213531224211,8.007009969362194,4.849943431386263,4.631345501320432,5.068541361452095,coverage_qualified_width,True,True,opposite,opposite,False,False
mean_width,160,ridge_sgd_l2,zoo_cnn,ridge_sgd_l2 - zoo_cnn,6.541577546245572,5.771171868361412,7.311983224129731,3.6664872681982636,3.1205256914406476,4.21244884495588,coverage_qualified_width,True,True,opposite,opposite,False,False
mean_width,160,ridge_sgd_l2,set_transformer,ridge_sgd_l2 - set_transformer,6.943083868206571,6.4947623296907135,7.391405406722429,4.132502490927572,3.783013919510449,4.4819910623446955,coverage_qualified_width,True,True,opposite,opposite,False,False
mean_width,160,lightgbm_multiclass,zoo_cnn,lightgbm_multiclass - zoo_cnn,-1.213534204047634,-1.946084475712154,-0.4809839323831139,-1.1834561631879996,-1.716060747422952,-0.6508515789530473,coverage_qualified_width,True,True,supported,supported,False,False
mean_width,160,lightgbm_multiclass,set_transformer,lightgbm_multiclass - set_transformer,-0.8120278820866315,-1.2232646106852125,-0.40079115348805044,-0.7174409404586912,-1.0306121127507955,-0.40426976816658694,coverage_qualified_width,True,True,supported,supported,False,False
mean_width,160,zoo_cnn,set_transformer,zoo_cnn - set_transformer,0.40150632196100167,-0.4132911009650646,1.216303744887068,0.4660152227293083,-0.14192516284741574,1.0739556083060324,coverage_qualified_width,True,True,inconclusive,inconclusive,False,False
mean_width_inclusive,160,ridge_sgd_l2,lightgbm_multiclass,ridge_sgd_l2 - lightgbm_multiclass,7.755111750293203,7.503213531224211,8.007009969362194,4.849943431386263,4.631345501320432,5.068541361452095,coverage_qualified_width,True,True,opposite,opposite,False,False
mean_width_inclusive,160,ridge_sgd_l2,zoo_cnn,ridge_sgd_l2 - zoo_cnn,6.541577546245572,5.771171868361412,7.311983224129731,3.666487268198263,3.120525691440647,4.21244884495588,coverage_qualified_width,True,True,opposite,opposite,False,False
mean_width_inclusive,160,ridge_sgd_l2,set_transformer,ridge_sgd_l2 - set_transformer,6.943083868206574,6.494762329690716,7.3914054067224315,4.132502490927572,3.7830139195104486,4.4819910623446955,coverage_qualified_width,True,True,opposite,opposite,False,False
mean_width_inclusive,160,lightgbm_multiclass,zoo_cnn,lightgbm_multiclass - zoo_cnn,-1.213534204047634,-1.946084475712154,-0.4809839323831139,-1.1834561631879994,-1.716060747422952,-0.6508515789530469,coverage_qualified_width,True,True,supported,supported,False,False
mean_width_inclusive,160,lightgbm_multiclass,set_transformer,lightgbm_multiclass - set_transformer,-0.8120278820866318,-1.2232646106852127,-0.40079115348805083,-0.7174409404586912,-1.0306121127507955,-0.40426976816658694,coverage_qualified_width,True,True,supported,supported,False,False
mean_width_inclusive,160,zoo_cnn,set_transformer,zoo_cnn - set_transformer,0.40150632196100183,-0.41329110096506455,1.2163037448870682,0.46601522272930856,-0.14192516284741546,1.0739556083060326,coverage_qualified_width,True,True,inconclusive,inconclusive,False,False
crps_game_equal,160,ridge_sgd_l2,lightgbm_multiclass,ridge_sgd_l2 - lightgbm_multiclass,0.0006222035051114761,0.0005867268641028827,0.0006576801461200695,0.0003118281310841351,0.0002840097802879376,0.00033964648188033255,crps,True,True,opposite,opposite,False,False
crps_game_equal,160,ridge_sgd_l2,zoo_cnn,ridge_sgd_l2 - zoo_cnn,0.000705420069011285,0.0004360488794489877,0.0009747912585735823,0.0005602382829930661,0.00043684834322338666,0.0006836282227627455,crps,True,True,opposite,opposite,False,False
crps_game_equal,160,ridge_sgd_l2,set_transformer,ridge_sgd_l2 - set_transformer,0.0013375792729689224,0.001262206931388018,0.0014129516145498268,0.0011013312632772083,0.0010547747335782462,0.0011478877929761704,crps,True,True,opposite,opposite,False,False
crps_game_equal,160,lightgbm_multiclass,zoo_cnn,lightgbm_multiclass - zoo_cnn,8.321656389980895e-05,-0.00018691444423588331,0.0003533475720355012,0.00024841015190893103,0.00012543123224792135,0.0003713890715699407,crps,True,True,inconclusive,opposite,True,False
crps_game_equal,160,lightgbm_multiclass,set_transformer,lightgbm_multiclass - set_transformer,0.0007153757678574464,0.0006382746543897417,0.0007924768813251512,0.0007895031321930732,0.0007427662717786028,0.0008362399926075436,crps,True,True,opposite,opposite,False,False
crps_game_equal,160,zoo_cnn,set_transformer,zoo_cnn - set_transformer,0.0006321592039576372,0.0003497812306017029,0.0009145371773135716,0.000541092980284142,0.00041297860053980673,0.0006692073600284773,crps,True,True,opposite,opposite,False,False
mean_width_game_equal,160,ridge_sgd_l2,lightgbm_multiclass,ridge_sgd_l2 - lightgbm_multiclass,7.678220346584613,7.4300460138265985,7.926394679342628,4.79564274840339,4.578509144166342,5.012776352640437,coverage_qualified_width,True,True,opposite,opposite,False,False
mean_width_game_equal,160,ridge_sgd_l2,zoo_cnn,ridge_sgd_l2 - zoo_cnn,6.456819358295089,5.6783687043261235,7.2352700122640545,3.604051532356395,3.051406195079124,4.156696869633667,coverage_qualified_width,True,True,opposite,opposite,False,False
mean_width_game_equal,160,ridge_sgd_l2,set_transformer,ridge_sgd_l2 - set_transformer,6.871473767188707,6.425892541815842,7.317054992561572,4.083672541127676,3.7350997746338055,4.432245307621547,coverage_qualified_width,True,True,opposite,opposite,False,False
mean_width_game_equal,160,lightgbm_multiclass,zoo_cnn,lightgbm_multiclass - zoo_cnn,-1.2214009882895245,-1.9592535836252554,-0.4835483929537936,-1.1915912160469946,-1.7270128863879777,-0.6561695457060115,coverage_qualified_width,True,True,supported,supported,False,False
mean_width_game_equal,160,lightgbm_multiclass,set_transformer,lightgbm_multiclass - set_transformer,-0.8067465793959079,-1.217971408837618,-0.39552174995419787,-0.7119702072757133,-1.0254435491752791,-0.39849686537614726,coverage_qualified_width,True,True,supported,supported,False,False
mean_width_game_equal,160,zoo_cnn,set_transformer,zoo_cnn - set_transformer,0.4146544088936167,-0.40452537393065724,1.2338341917178908,0.4796210087712813,-0.13133828318857405,1.0905803007311365,coverage_qualified_width,True,True,inconclusive,inconclusive,False,False
mean_width_inclusive_game_equal,160,ridge_sgd_l2,lightgbm_multiclass,ridge_sgd_l2 - lightgbm_multiclass,7.678220346584613,7.430046013826598,7.9263946793426285,4.79564274840339,4.578509144166342,5.012776352640437,coverage_qualified_width,True,True,opposite,opposite,False,False
mean_width_inclusive_game_equal,160,ridge_sgd_l2,zoo_cnn,ridge_sgd_l2 - zoo_cnn,6.456819358295089,5.6783687043261235,7.2352700122640545,3.6040515323563955,3.051406195079124,4.156696869633667,coverage_qualified_width,True,True,opposite,opposite,False,False
mean_width_inclusive_game_equal,160,ridge_sgd_l2,set_transformer,ridge_sgd_l2 - set_transformer,6.871473767188707,6.425892541815842,7.317054992561572,4.083672541127676,3.7350997746338055,4.432245307621547,coverage_qualified_width,True,True,opposite,opposite,False,False
mean_width_inclusive_game_equal,160,lightgbm_multiclass,zoo_cnn,lightgbm_multiclass - zoo_cnn,-1.2214009882895245,-1.9592535836252556,-0.4835483929537935,-1.1915912160469941,-1.7270128863879775,-0.6561695457060108,coverage_qualified_width,True,True,supported,supported,False,False
mean_width_inclusive_game_equal,160,lightgbm_multiclass,set_transformer,lightgbm_multiclass - set_transformer,-0.8067465793959075,-1.2179714088376177,-0.3955217499541975,-0.7119702072757136,-1.0254435491752796,-0.3984968653761476,coverage_qualified_width,True,True,supported,supported,False,False
mean_width_inclusive_game_equal,160,zoo_cnn,set_transformer,zoo_cnn - set_transformer,0.41465440889361704,-0.4045253739306569,1.233834191717891,0.47962100877128144,-0.13133828318857388,1.0905803007311368,coverage_qualified_width,True,True,inconclusive,inconclusive,False,False
crps,360,ridge_sgd_l2,lightgbm_multiclass,ridge_sgd_l2 - lightgbm_multiclass,0.0008750497077214589,0.0008437755444711784,0.0009063238709717395,0.0005527967992251367,0.0005283555460774222,0.0005772380523728513,crps,True,True,opposite,opposite,False,False
crps,360,ridge_sgd_l2,zoo_cnn,ridge_sgd_l2 - zoo_cnn,0.0012790042954168815,0.0011035980210303237,0.0014544105698034394,0.001098855814590346,0.000992003743028746,0.0012057078861519462,crps,True,True,opposite,opposite,False,False
crps,360,ridge_sgd_l2,set_transformer,ridge_sgd_l2 - set_transformer,0.0017038748011912858,0.0016589723546169331,0.0017487772477656385,0.0014741764443489498,0.0014187153355441895,0.00152963755315371,crps,True,True,opposite,opposite,False,False
crps,360,lightgbm_multiclass,zoo_cnn,lightgbm_multiclass - zoo_cnn,0.0004039545876954224,0.0002359717936483197,0.0005719373817425252,0.0005460590153652095,0.0004459402107974136,0.0006461778199330054,crps,True,True,opposite,opposite,False,False
crps,360,lightgbm_multiclass,set_transformer,lightgbm_multiclass - set_transformer,0.0008288250934698268,0.0007789800320743736,0.0008786701548652799,0.0009213796451238129,0.000866257243406694,0.0009765020468409318,crps,True,True,opposite,opposite,False,False
crps,360,zoo_cnn,set_transformer,zoo_cnn - set_transformer,0.0004248705057744047,0.00026008405473753715,0.0005896569568112723,0.00037532062975860356,0.0002644460649997032,0.0004861951945175039,crps,True,True,opposite,opposite,False,False
mean_width,360,ridge_sgd_l2,lightgbm_multiclass,ridge_sgd_l2 - lightgbm_multiclass,7.950954323619101,7.71443421867398,8.187474428564222,5.04288627169804,4.867067860523887,5.218704682872193,coverage_qualified_width,True,True,opposite,opposite,False,False
mean_width,360,ridge_sgd_l2,zoo_cnn,ridge_sgd_l2 - zoo_cnn,7.644510642724856,7.1590193281793635,8.130001957270348,4.796400371067997,4.387841208658078,5.204959533477916,coverage_qualified_width,True,True,opposite,opposite,False,False
mean_width,360,ridge_sgd_l2,set_transformer,ridge_sgd_l2 - set_transformer,7.08364977676287,6.687237306224368,7.4800622473013725,4.406161832526647,4.1606329382866365,4.651690726766657,coverage_qualified_width,True,True,opposite,opposite,False,False
mean_width,360,lightgbm_multiclass,zoo_cnn,lightgbm_multiclass - zoo_cnn,-0.3064436808942437,-0.8006719193053323,0.18778455751684497,-0.2464859006300428,-0.6547924995949131,0.1618206983348275,coverage_qualified_width,True,True,inconclusive,inconclusive,False,False
mean_width,360,lightgbm_multiclass,set_transformer,lightgbm_multiclass - set_transformer,-0.8673045468562296,-1.313165295530558,-0.42144379818190114,-0.6367244391713912,-0.906489982320303,-0.36695889602247944,coverage_qualified_width,True,True,supported,supported,False,False
mean_width,360,zoo_cnn,set_transformer,zoo_cnn - set_transformer,-0.5608608659619858,-1.093732988389115,-0.027988743534856697,-0.39023853854134843,-0.8309974525807731,0.05052037549807625,coverage_qualified_width,True,True,supported,inconclusive,True,True
mean_width_inclusive,360,ridge_sgd_l2,lightgbm_multiclass,ridge_sgd_l2 - lightgbm_multiclass,7.950954323619101,7.71443421867398,8.187474428564222,5.04288627169804,4.867067860523887,5.218704682872193,coverage_qualified_width,True,True,opposite,opposite,False,False
mean_width_inclusive,360,ridge_sgd_l2,zoo_cnn,ridge_sgd_l2 - zoo_cnn,7.644510642724856,7.1590193281793635,8.130001957270348,4.796400371067997,4.387841208658078,5.204959533477916,coverage_qualified_width,True,True,opposite,opposite,False,False
mean_width_inclusive,360,ridge_sgd_l2,set_transformer,ridge_sgd_l2 - set_transformer,7.08364977676287,6.687237306224368,7.4800622473013725,4.406161832526647,4.1606329382866365,4.651690726766657,coverage_qualified_width,True,True,opposite,opposite,False,False
mean_width_inclusive,360,lightgbm_multiclass,zoo_cnn,lightgbm_multiclass - zoo_cnn,-0.3064436808942436,-0.8006719193053322,0.18778455751684492,-0.24648590063004275,-0.6547924995949129,0.16182069833482746,coverage_qualified_width,True,True,inconclusive,inconclusive,False,False
mean_width_inclusive,360,lightgbm_multiclass,set_transformer,lightgbm_multiclass - set_transformer,-0.8673045468562293,-1.3131652955305575,-0.421443798181901,-0.6367244391713912,-0.906489982320303,-0.3669588960224795,coverage_qualified_width,True,True,supported,supported,False,False
mean_width_inclusive,360,zoo_cnn,set_transformer,zoo_cnn - set_transformer,-0.560860865961986,-1.0937329883891151,-0.02798874353485692,-0.39023853854134827,-0.8309974525807728,0.05052037549807631,coverage_qualified_width,True,True,supported,inconclusive,True,True
crps_game_equal,360,ridge_sgd_l2,lightgbm_multiclass,ridge_sgd_l2 - lightgbm_multiclass,0.000882684109015823,0.0008522612865710074,0.0009131069314606386,0.0005617090298787407,0.0005377963359730753,0.0005856217237844061,crps,True,True,opposite,opposite,False,False
crps_game_equal,360,ridge_sgd_l2,zoo_cnn,ridge_sgd_l2 - zoo_cnn,0.0012745019082067183,0.0011004174780109201,0.0014485863384025165,0.0010944148523053987,0.000989328975280364,0.0011995007293304333,crps,True,True,opposite,opposite,False,False
crps_game_equal,360,ridge_sgd_l2,set_transformer,ridge_sgd_l2 - set_transformer,0.0016955755388891331,0.0016500601453849472,0.001741090932393319,0.0014674157187668407,0.0014102220015231625,0.0015246094360105188,crps,True,True,opposite,opposite,False,False
crps_game_equal,360,lightgbm_multiclass,zoo_cnn,lightgbm_multiclass - zoo_cnn,0.0003918177991908954,0.00022555949671924566,0.0005580761016625452,0.0005327058224266581,0.00043490196276364595,0.0006305096820896702,crps,True,True,opposite,opposite,False,False
crps_game_equal,360,lightgbm_multiclass,set_transformer,lightgbm_multiclass - set_transformer,0.0008128914298733103,0.0007615787821259048,0.0008642040776207158,0.0009057066888881006,0.0008493584470090795,0.0009620549307671216,crps,True,True,opposite,opposite,False,False
crps_game_equal,360,zoo_cnn,set_transformer,zoo_cnn - set_transformer,0.00042107363068241504,0.0002572494564297333,0.0005848978049350968,0.0003730008664614424,0.0002632489582159364,0.00048275277470694836,crps,True,True,opposite,opposite,False,False
mean_width_game_equal,360,ridge_sgd_l2,lightgbm_multiclass,ridge_sgd_l2 - lightgbm_multiclass,7.87389994461576,7.643532589322871,8.104267299908647,4.987617119036316,4.815003012793742,5.16023122527889,coverage_qualified_width,True,True,opposite,opposite,False,False
mean_width_game_equal,360,ridge_sgd_l2,zoo_cnn,ridge_sgd_l2 - zoo_cnn,7.564888884754627,7.083013668289005,8.046764101220248,4.736672903063198,4.327356414428219,5.145989391698177,coverage_qualified_width,True,True,opposite,opposite,False,False
mean_width_game_equal,360,ridge_sgd_l2,set_transformer,ridge_sgd_l2 - set_transformer,7.008967632293175,6.613269207913375,7.404666056672975,4.355275365802729,4.110384912954341,4.600165818651117,coverage_qualified_width,True,True,opposite,opposite,False,False
mean_width_game_equal,360,lightgbm_multiclass,zoo_cnn,lightgbm_multiclass - zoo_cnn,-0.30901105986113253,-0.8029566122868645,0.18493449256459954,-0.25094421597311806,-0.6603947419780836,0.1585063100318474,coverage_qualified_width,True,True,inconclusive,inconclusive,False,False
mean_width_game_equal,360,lightgbm_multiclass,set_transformer,lightgbm_multiclass - set_transformer,-0.8649323123225833,-1.3109004147119532,-0.4189642099332134,-0.6323417532335873,-0.9029250956026823,-0.36175841086449234,coverage_qualified_width,True,True,supported,supported,False,False
mean_width_game_equal,360,zoo_cnn,set_transformer,zoo_cnn - set_transformer,-0.5559212524614506,-1.0894934307013329,-0.022349074221568288,-0.3813975372604692,-0.8233455924487081,0.06055051792776972,coverage_qualified_width,True,True,supported,inconclusive,True,True
mean_width_inclusive_game_equal,360,ridge_sgd_l2,lightgbm_multiclass,ridge_sgd_l2 - lightgbm_multiclass,7.8738999446157605,7.643532589322872,8.10426729990865,4.987617119036317,4.815003012793743,5.160231225278891,coverage_qualified_width,True,True,opposite,opposite,False,False
mean_width_inclusive_game_equal,360,ridge_sgd_l2,zoo_cnn,ridge_sgd_l2 - zoo_cnn,7.564888884754627,7.083013668289005,8.046764101220248,4.736672903063198,4.327356414428219,5.145989391698177,coverage_qualified_width,True,True,opposite,opposite,False,False
mean_width_inclusive_game_equal,360,ridge_sgd_l2,set_transformer,ridge_sgd_l2 - set_transformer,7.008967632293175,6.613269207913375,7.404666056672975,4.355275365802729,4.110384912954341,4.600165818651117,coverage_qualified_width,True,True,opposite,opposite,False,False
mean_width_inclusive_game_equal,360,lightgbm_multiclass,zoo_cnn,lightgbm_multiclass - zoo_cnn,-0.30901105986113214,-0.802956612286864,0.1849344925645997,-0.2509442159731179,-0.6603947419780831,0.1585063100318474,coverage_qualified_width,True,True,inconclusive,inconclusive,False,False
mean_width_inclusive_game_equal,360,lightgbm_multiclass,set_transformer,lightgbm_multiclass - set_transformer,-0.8649323123225827,-1.3109004147119525,-0.41896420993321287,-0.6323417532335869,-0.902925095602682,-0.36175841086449173,coverage_qualified_width,True,True,supported,supported,False,False
mean_width_inclusive_game_equal,360,zoo_cnn,set_transformer,zoo_cnn - set_transformer,-0.5559212524614506,-1.0894934307013329,-0.022349074221568288,-0.3813975372604691,-0.8233455924487081,0.06055051792776983,coverage_qualified_width,True,True,supported,inconclusive,True,True
