metric,base_metric,aggregation,n_train,model_a,model_a_display_name,model_b,model_b_display_name,mean_width_a,mean_width_b,width_mean_difference_a_minus_b,width_simultaneous_lower,width_simultaneous_upper,coverage_metric,coverage_target,coverage_lcb_a,coverage_lcb_b,coverage_qualified_a,coverage_qualified_b,both_coverage_qualified,sharper_model,sharper_model_display_name,sharper_at_controlled_coverage,sharpness_status
mean_width,mean_width,play,20,ridge_sgd_l2,L2 one-vs-rest logistic,lightgbm_multiclass,LightGBM,21.710085613400068,16.057834396508646,5.652251216891423,5.394783317209176,5.90971911657367,coverage,0.9,0.9361283529892633,0.9143361472655861,True,True,True,lightgbm_multiclass,LightGBM,True,sharper_at_controlled_coverage
mean_width,mean_width,play,20,ridge_sgd_l2,L2 one-vs-rest logistic,zoo_cnn,Zoo CNN,21.710085613400068,20.641105040418903,1.0689805729811734,-1.9143689439781748,4.052330089940522,coverage,0.9,0.9361283529892633,0.922713007301914,True,True,True,,,False,inconclusive_at_controlled_coverage
mean_width,mean_width,play,20,ridge_sgd_l2,L2 one-vs-rest logistic,set_transformer,Set Transformer,21.710085613400068,17.07535082547462,4.634734787925452,4.094375142949703,5.175094432901201,coverage,0.9,0.9361283529892633,0.9228485086599264,True,True,True,set_transformer,Set Transformer,True,sharper_at_controlled_coverage
mean_width,mean_width,play,20,lightgbm_multiclass,LightGBM,zoo_cnn,Zoo CNN,16.057834396508646,20.641105040418903,-4.583270643910251,-7.499502225187669,-1.667039062632833,coverage,0.9,0.9143361472655861,0.922713007301914,True,True,True,lightgbm_multiclass,LightGBM,True,sharper_at_controlled_coverage
mean_width,mean_width,play,20,lightgbm_multiclass,LightGBM,set_transformer,Set Transformer,16.057834396508646,17.07535082547462,-1.017516428965972,-1.50541475856547,-0.529618099366474,coverage,0.9,0.9143361472655861,0.9228485086599264,True,True,True,lightgbm_multiclass,LightGBM,True,sharper_at_controlled_coverage
mean_width,mean_width,play,20,zoo_cnn,Zoo CNN,set_transformer,Set Transformer,20.641105040418903,17.07535082547462,3.5657542149442794,0.6889052099509678,6.442603219937591,coverage,0.9,0.922713007301914,0.9228485086599264,True,True,True,set_transformer,Set Transformer,True,sharper_at_controlled_coverage
mean_width_inclusive,mean_width_inclusive,play,20,ridge_sgd_l2,L2 one-vs-rest logistic,lightgbm_multiclass,LightGBM,22.710085613400068,17.057834396508646,5.652251216891425,5.394783317209178,5.909719116573672,coverage,0.9,0.9361283529892633,0.9143361472655861,True,True,True,lightgbm_multiclass,LightGBM,True,sharper_at_controlled_coverage
mean_width_inclusive,mean_width_inclusive,play,20,ridge_sgd_l2,L2 one-vs-rest logistic,zoo_cnn,Zoo CNN,22.710085613400068,21.641105040418903,1.0689805729811737,-1.9143689439781746,4.052330089940522,coverage,0.9,0.9361283529892633,0.922713007301914,True,True,True,,,False,inconclusive_at_controlled_coverage
mean_width_inclusive,mean_width_inclusive,play,20,ridge_sgd_l2,L2 one-vs-rest logistic,set_transformer,Set Transformer,22.710085613400068,18.07535082547462,4.634734787925452,4.094375142949704,5.1750944329012,coverage,0.9,0.9361283529892633,0.9228485086599264,True,True,True,set_transformer,Set Transformer,True,sharper_at_controlled_coverage
mean_width_inclusive,mean_width_inclusive,play,20,lightgbm_multiclass,LightGBM,zoo_cnn,Zoo CNN,17.057834396508646,21.641105040418903,-4.583270643910251,-7.499502225187669,-1.667039062632833,coverage,0.9,0.9143361472655861,0.922713007301914,True,True,True,lightgbm_multiclass,LightGBM,True,sharper_at_controlled_coverage
mean_width_inclusive,mean_width_inclusive,play,20,lightgbm_multiclass,LightGBM,set_transformer,Set Transformer,17.057834396508646,18.07535082547462,-1.0175164289659722,-1.50541475856547,-0.5296180993664742,coverage,0.9,0.9143361472655861,0.9228485086599264,True,True,True,lightgbm_multiclass,LightGBM,True,sharper_at_controlled_coverage
mean_width_inclusive,mean_width_inclusive,play,20,zoo_cnn,Zoo CNN,set_transformer,Set Transformer,21.641105040418903,18.07535082547462,3.5657542149442794,0.6889052099509678,6.442603219937591,coverage,0.9,0.922713007301914,0.9228485086599264,True,True,True,set_transformer,Set Transformer,True,sharper_at_controlled_coverage
mean_width_game_equal,mean_width,game_equal,20,ridge_sgd_l2,L2 one-vs-rest logistic,lightgbm_multiclass,LightGBM,21.656402714920443,16.079649307362512,5.576753407557931,5.320579899161107,5.832926915954754,coverage_game_equal,0.9,0.9357686735459148,0.914379944276055,True,True,True,lightgbm_multiclass,LightGBM,True,sharper_at_controlled_coverage
mean_width_game_equal,mean_width,game_equal,20,ridge_sgd_l2,L2 one-vs-rest logistic,zoo_cnn,Zoo CNN,21.656402714920443,20.65621419661103,1.000188518309413,-1.979146484965949,3.979523521584775,coverage_game_equal,0.9,0.9357686735459148,0.9229849890142128,True,True,True,,,False,inconclusive_at_controlled_coverage
mean_width_game_equal,mean_width,game_equal,20,ridge_sgd_l2,L2 one-vs-rest logistic,set_transformer,Set Transformer,21.656402714920443,17.077100706205275,4.579302008715166,4.039381384953168,5.119222632477164,coverage_game_equal,0.9,0.9357686735459148,0.9228073374650219,True,True,True,set_transformer,Set Transformer,True,sharper_at_controlled_coverage
mean_width_game_equal,mean_width,game_equal,20,lightgbm_multiclass,LightGBM,zoo_cnn,Zoo CNN,16.079649307362512,20.65621419661103,-4.576564889248518,-7.489425219618564,-1.6637045588784716,coverage_game_equal,0.9,0.914379944276055,0.9229849890142128,True,True,True,lightgbm_multiclass,LightGBM,True,sharper_at_controlled_coverage
mean_width_game_equal,mean_width,game_equal,20,lightgbm_multiclass,LightGBM,set_transformer,Set Transformer,16.079649307362512,17.077100706205275,-0.9974513988427646,-1.4851770124053325,-0.5097257852801965,coverage_game_equal,0.9,0.914379944276055,0.9228073374650219,True,True,True,lightgbm_multiclass,LightGBM,True,sharper_at_controlled_coverage
mean_width_game_equal,mean_width,game_equal,20,zoo_cnn,Zoo CNN,set_transformer,Set Transformer,20.65621419661103,17.077100706205275,3.579113490405752,0.70550349196481,6.4527234888466936,coverage_game_equal,0.9,0.9229849890142128,0.9228073374650219,True,True,True,set_transformer,Set Transformer,True,sharper_at_controlled_coverage
mean_width_inclusive_game_equal,mean_width_inclusive,game_equal,20,ridge_sgd_l2,L2 one-vs-rest logistic,lightgbm_multiclass,LightGBM,22.656402714920443,17.079649307362516,5.576753407557931,5.320579899161107,5.832926915954754,coverage_game_equal,0.9,0.9357686735459148,0.914379944276055,True,True,True,lightgbm_multiclass,LightGBM,True,sharper_at_controlled_coverage
mean_width_inclusive_game_equal,mean_width_inclusive,game_equal,20,ridge_sgd_l2,L2 one-vs-rest logistic,zoo_cnn,Zoo CNN,22.656402714920443,21.656214196611028,1.0001885183094135,-1.9791464849659486,3.9795235215847757,coverage_game_equal,0.9,0.9357686735459148,0.9229849890142128,True,True,True,,,False,inconclusive_at_controlled_coverage
mean_width_inclusive_game_equal,mean_width_inclusive,game_equal,20,ridge_sgd_l2,L2 one-vs-rest logistic,set_transformer,Set Transformer,22.656402714920443,18.077100706205275,4.579302008715166,4.039381384953168,5.119222632477164,coverage_game_equal,0.9,0.9357686735459148,0.9228073374650219,True,True,True,set_transformer,Set Transformer,True,sharper_at_controlled_coverage
mean_width_inclusive_game_equal,mean_width_inclusive,game_equal,20,lightgbm_multiclass,LightGBM,zoo_cnn,Zoo CNN,17.079649307362516,21.656214196611028,-4.576564889248517,-7.489425219618564,-1.6637045588784698,coverage_game_equal,0.9,0.914379944276055,0.9229849890142128,True,True,True,lightgbm_multiclass,LightGBM,True,sharper_at_controlled_coverage
mean_width_inclusive_game_equal,mean_width_inclusive,game_equal,20,lightgbm_multiclass,LightGBM,set_transformer,Set Transformer,17.079649307362516,18.077100706205275,-0.9974513988427646,-1.4851770124053325,-0.5097257852801965,coverage_game_equal,0.9,0.914379944276055,0.9228073374650219,True,True,True,lightgbm_multiclass,LightGBM,True,sharper_at_controlled_coverage
mean_width_inclusive_game_equal,mean_width_inclusive,game_equal,20,zoo_cnn,Zoo CNN,set_transformer,Set Transformer,21.656214196611028,18.077100706205275,3.579113490405752,0.70550349196481,6.4527234888466936,coverage_game_equal,0.9,0.9229849890142128,0.9228073374650219,True,True,True,set_transformer,Set Transformer,True,sharper_at_controlled_coverage
mean_width,mean_width,play,40,ridge_sgd_l2,L2 one-vs-rest logistic,lightgbm_multiclass,LightGBM,21.71064468787868,15.01899107609301,6.691653611785667,6.459754971835809,6.923552251735525,coverage,0.9,0.9367476792938514,0.9138029789320031,True,True,True,lightgbm_multiclass,LightGBM,True,sharper_at_controlled_coverage
mean_width,mean_width,play,40,ridge_sgd_l2,L2 one-vs-rest logistic,zoo_cnn,Zoo CNN,21.71064468787868,18.090440659374373,3.6202040285043076,2.3754886867579037,4.864919370250711,coverage,0.9,0.9367476792938514,0.9188423985679605,True,True,True,zoo_cnn,Zoo CNN,True,sharper_at_controlled_coverage
mean_width,mean_width,play,40,ridge_sgd_l2,L2 one-vs-rest logistic,set_transformer,Set Transformer,21.71064468787868,15.75379159988268,5.956853087996,5.632253849364673,6.281452326627328,coverage,0.9,0.9367476792938514,0.918503023166755,True,True,True,set_transformer,Set Transformer,True,sharper_at_controlled_coverage
mean_width,mean_width,play,40,lightgbm_multiclass,LightGBM,zoo_cnn,Zoo CNN,15.01899107609301,18.090440659374373,-3.0714495832813604,-4.3261201482526115,-1.816779018310109,coverage,0.9,0.9138029789320031,0.9188423985679605,True,True,True,lightgbm_multiclass,LightGBM,True,sharper_at_controlled_coverage
mean_width,mean_width,play,40,lightgbm_multiclass,LightGBM,set_transformer,Set Transformer,15.01899107609301,15.75379159988268,-0.7348005237896668,-1.0215015989994345,-0.44809944857989903,coverage,0.9,0.9138029789320031,0.918503023166755,True,True,True,lightgbm_multiclass,LightGBM,True,sharper_at_controlled_coverage
mean_width,mean_width,play,40,zoo_cnn,Zoo CNN,set_transformer,Set Transformer,18.090440659374373,15.75379159988268,2.3366490594916947,1.0747466011217193,3.59855151786167,coverage,0.9,0.9188423985679605,0.918503023166755,True,True,True,set_transformer,Set Transformer,True,sharper_at_controlled_coverage
mean_width_inclusive,mean_width_inclusive,play,40,ridge_sgd_l2,L2 one-vs-rest logistic,lightgbm_multiclass,LightGBM,22.71064468787868,16.01899107609301,6.691653611785667,6.459754971835809,6.923552251735525,coverage,0.9,0.9367476792938514,0.9138029789320031,True,True,True,lightgbm_multiclass,LightGBM,True,sharper_at_controlled_coverage
mean_width_inclusive,mean_width_inclusive,play,40,ridge_sgd_l2,L2 one-vs-rest logistic,zoo_cnn,Zoo CNN,22.71064468787868,19.090440659374373,3.6202040285043076,2.375488686757904,4.8649193702507105,coverage,0.9,0.9367476792938514,0.9188423985679605,True,True,True,zoo_cnn,Zoo CNN,True,sharper_at_controlled_coverage
mean_width_inclusive,mean_width_inclusive,play,40,ridge_sgd_l2,L2 one-vs-rest logistic,set_transformer,Set Transformer,22.71064468787868,16.753791599882682,5.956853087996,5.632253849364673,6.281452326627328,coverage,0.9,0.9367476792938514,0.918503023166755,True,True,True,set_transformer,Set Transformer,True,sharper_at_controlled_coverage
mean_width_inclusive,mean_width_inclusive,play,40,lightgbm_multiclass,LightGBM,zoo_cnn,Zoo CNN,16.01899107609301,19.090440659374373,-3.0714495832813604,-4.3261201482526115,-1.816779018310109,coverage,0.9,0.9138029789320031,0.9188423985679605,True,True,True,lightgbm_multiclass,LightGBM,True,sharper_at_controlled_coverage
mean_width_inclusive,mean_width_inclusive,play,40,lightgbm_multiclass,LightGBM,set_transformer,Set Transformer,16.01899107609301,16.753791599882682,-0.7348005237896666,-1.0215015989994343,-0.448099448579899,coverage,0.9,0.9138029789320031,0.918503023166755,True,True,True,lightgbm_multiclass,LightGBM,True,sharper_at_controlled_coverage
mean_width_inclusive,mean_width_inclusive,play,40,zoo_cnn,Zoo CNN,set_transformer,Set Transformer,19.090440659374373,16.753791599882682,2.3366490594916947,1.0747466011217193,3.59855151786167,coverage,0.9,0.9188423985679605,0.918503023166755,True,True,True,set_transformer,Set Transformer,True,sharper_at_controlled_coverage
mean_width_game_equal,mean_width,game_equal,40,ridge_sgd_l2,L2 one-vs-rest logistic,lightgbm_multiclass,LightGBM,21.65642785811178,15.043029427806095,6.613398430305677,6.3811209509463795,6.845675909664975,coverage_game_equal,0.9,0.9364205586759163,0.9142139606062651,True,True,True,lightgbm_multiclass,LightGBM,True,sharper_at_controlled_coverage
mean_width_game_equal,mean_width,game_equal,40,ridge_sgd_l2,L2 one-vs-rest logistic,zoo_cnn,Zoo CNN,21.65642785811178,18.115114575626773,3.541313282485005,2.297995889338157,4.784630675631853,coverage_game_equal,0.9,0.9364205586759163,0.919045846579235,True,True,True,zoo_cnn,Zoo CNN,True,sharper_at_controlled_coverage
mean_width_game_equal,mean_width,game_equal,40,ridge_sgd_l2,L2 one-vs-rest logistic,set_transformer,Set Transformer,21.65642785811178,15.75967627026762,5.896751587844156,5.572605711196648,6.220897464491664,coverage_game_equal,0.9,0.9364205586759163,0.9185091712694907,True,True,True,set_transformer,Set Transformer,True,sharper_at_controlled_coverage
mean_width_game_equal,mean_width,game_equal,40,lightgbm_multiclass,LightGBM,zoo_cnn,Zoo CNN,15.043029427806095,18.115114575626773,-3.072085147820672,-4.327435625324755,-1.816734670316589,coverage_game_equal,0.9,0.9142139606062651,0.919045846579235,True,True,True,lightgbm_multiclass,LightGBM,True,sharper_at_controlled_coverage
mean_width_game_equal,mean_width,game_equal,40,lightgbm_multiclass,LightGBM,set_transformer,Set Transformer,15.043029427806095,15.75967627026762,-0.7166468424615231,-1.0027468331755507,-0.4305468517474956,coverage_game_equal,0.9,0.9142139606062651,0.9185091712694907,True,True,True,lightgbm_multiclass,LightGBM,True,sharper_at_controlled_coverage
mean_width_game_equal,mean_width,game_equal,40,zoo_cnn,Zoo CNN,set_transformer,Set Transformer,18.115114575626773,15.75967627026762,2.3554383053591494,1.0940385635472227,3.6168380471710764,coverage_game_equal,0.9,0.919045846579235,0.9185091712694907,True,True,True,set_transformer,Set Transformer,True,sharper_at_controlled_coverage
mean_width_inclusive_game_equal,mean_width_inclusive,game_equal,40,ridge_sgd_l2,L2 one-vs-rest logistic,lightgbm_multiclass,LightGBM,22.65642785811178,16.043029427806097,6.613398430305677,6.3811209509463795,6.845675909664975,coverage_game_equal,0.9,0.9364205586759163,0.9142139606062651,True,True,True,lightgbm_multiclass,LightGBM,True,sharper_at_controlled_coverage
mean_width_inclusive_game_equal,mean_width_inclusive,game_equal,40,ridge_sgd_l2,L2 one-vs-rest logistic,zoo_cnn,Zoo CNN,22.65642785811178,19.115114575626773,3.541313282485005,2.297995889338157,4.784630675631853,coverage_game_equal,0.9,0.9364205586759163,0.919045846579235,True,True,True,zoo_cnn,Zoo CNN,True,sharper_at_controlled_coverage
mean_width_inclusive_game_equal,mean_width_inclusive,game_equal,40,ridge_sgd_l2,L2 one-vs-rest logistic,set_transformer,Set Transformer,22.65642785811178,16.759676270267622,5.896751587844156,5.572605711196648,6.220897464491664,coverage_game_equal,0.9,0.9364205586759163,0.9185091712694907,True,True,True,set_transformer,Set Transformer,True,sharper_at_controlled_coverage
mean_width_inclusive_game_equal,mean_width_inclusive,game_equal,40,lightgbm_multiclass,LightGBM,zoo_cnn,Zoo CNN,16.043029427806097,19.115114575626773,-3.072085147820672,-4.327435625324755,-1.816734670316589,coverage_game_equal,0.9,0.9142139606062651,0.919045846579235,True,True,True,lightgbm_multiclass,LightGBM,True,sharper_at_controlled_coverage
mean_width_inclusive_game_equal,mean_width_inclusive,game_equal,40,lightgbm_multiclass,LightGBM,set_transformer,Set Transformer,16.043029427806097,16.759676270267622,-0.7166468424615232,-1.0027468331755507,-0.43054685174749574,coverage_game_equal,0.9,0.9142139606062651,0.9185091712694907,True,True,True,lightgbm_multiclass,LightGBM,True,sharper_at_controlled_coverage
mean_width_inclusive_game_equal,mean_width_inclusive,game_equal,40,zoo_cnn,Zoo CNN,set_transformer,Set Transformer,19.115114575626773,16.759676270267622,2.3554383053591494,1.0940385635472227,3.6168380471710764,coverage_game_equal,0.9,0.919045846579235,0.9185091712694907,True,True,True,set_transformer,Set Transformer,True,sharper_at_controlled_coverage
mean_width,mean_width,play,80,ridge_sgd_l2,L2 one-vs-rest logistic,lightgbm_multiclass,LightGBM,21.68481441179462,14.286418885334967,7.3983955264596455,7.194805251766937,7.601985801152354,coverage,0.9,0.9367076614832119,0.9123250168883877,True,True,True,lightgbm_multiclass,LightGBM,True,sharper_at_controlled_coverage
mean_width,mean_width,play,80,ridge_sgd_l2,L2 one-vs-rest logistic,zoo_cnn,Zoo CNN,21.68481441179462,16.60142241016105,5.0833920016335625,4.5669327956147825,5.599851207652343,coverage,0.9,0.9367076614832119,0.9181808036686981,True,True,True,zoo_cnn,Zoo CNN,True,sharper_at_controlled_coverage
mean_width,mean_width,play,80,ridge_sgd_l2,L2 one-vs-rest logistic,set_transformer,Set Transformer,21.68481441179462,15.296277432941135,6.388536978853481,6.112713995761875,6.664359961945087,coverage,0.9,0.9367076614832119,0.9190270737820209,True,True,True,set_transformer,Set Transformer,True,sharper_at_controlled_coverage
mean_width,mean_width,play,80,lightgbm_multiclass,LightGBM,zoo_cnn,Zoo CNN,14.286418885334967,16.60142241016105,-2.3150035248260834,-2.801640286072301,-1.828366763579866,coverage,0.9,0.9123250168883877,0.9181808036686981,True,True,True,lightgbm_multiclass,LightGBM,True,sharper_at_controlled_coverage
mean_width,mean_width,play,80,lightgbm_multiclass,LightGBM,set_transformer,Set Transformer,14.286418885334967,15.296277432941135,-1.0098585476061652,-1.2604651006482732,-0.7592519945640573,coverage,0.9,0.9123250168883877,0.9190270737820209,True,True,True,lightgbm_multiclass,LightGBM,True,sharper_at_controlled_coverage
mean_width,mean_width,play,80,zoo_cnn,Zoo CNN,set_transformer,Set Transformer,16.60142241016105,15.296277432941135,1.3051449772199184,0.7752582164392051,1.8350317380006316,coverage,0.9,0.9181808036686981,0.9190270737820209,True,True,True,set_transformer,Set Transformer,True,sharper_at_controlled_coverage
mean_width_inclusive,mean_width_inclusive,play,80,ridge_sgd_l2,L2 one-vs-rest logistic,lightgbm_multiclass,LightGBM,22.68481441179462,15.286418885334967,7.3983955264596455,7.194805251766937,7.601985801152354,coverage,0.9,0.9367076614832119,0.9123250168883877,True,True,True,lightgbm_multiclass,LightGBM,True,sharper_at_controlled_coverage
mean_width_inclusive,mean_width_inclusive,play,80,ridge_sgd_l2,L2 one-vs-rest logistic,zoo_cnn,Zoo CNN,22.68481441179462,17.60142241016105,5.0833920016335625,4.5669327956147825,5.599851207652343,coverage,0.9,0.9367076614832119,0.9181808036686981,True,True,True,zoo_cnn,Zoo CNN,True,sharper_at_controlled_coverage
mean_width_inclusive,mean_width_inclusive,play,80,ridge_sgd_l2,L2 one-vs-rest logistic,set_transformer,Set Transformer,22.68481441179462,16.296277432941135,6.388536978853481,6.112713995761875,6.664359961945087,coverage,0.9,0.9367076614832119,0.9190270737820209,True,True,True,set_transformer,Set Transformer,True,sharper_at_controlled_coverage
mean_width_inclusive,mean_width_inclusive,play,80,lightgbm_multiclass,LightGBM,zoo_cnn,Zoo CNN,15.286418885334967,17.60142241016105,-2.3150035248260834,-2.801640286072301,-1.828366763579866,coverage,0.9,0.9123250168883877,0.9181808036686981,True,True,True,lightgbm_multiclass,LightGBM,True,sharper_at_controlled_coverage
mean_width_inclusive,mean_width_inclusive,play,80,lightgbm_multiclass,LightGBM,set_transformer,Set Transformer,15.286418885334967,16.296277432941135,-1.0098585476061657,-1.2604651006482737,-0.7592519945640577,coverage,0.9,0.9123250168883877,0.9190270737820209,True,True,True,lightgbm_multiclass,LightGBM,True,sharper_at_controlled_coverage
mean_width_inclusive,mean_width_inclusive,play,80,zoo_cnn,Zoo CNN,set_transformer,Set Transformer,17.60142241016105,16.296277432941135,1.305144977219918,0.7752582164392047,1.8350317380006311,coverage,0.9,0.9181808036686981,0.9190270737820209,True,True,True,set_transformer,Set Transformer,True,sharper_at_controlled_coverage
mean_width_game_equal,mean_width,game_equal,80,ridge_sgd_l2,L2 one-vs-rest logistic,lightgbm_multiclass,LightGBM,21.62954825091668,14.306110075079564,7.323438175837123,7.120186540859903,7.526689810814343,coverage_game_equal,0.9,0.9363714473260238,0.9127771113304255,True,True,True,lightgbm_multiclass,LightGBM,True,sharper_at_controlled_coverage
mean_width_game_equal,mean_width,game_equal,80,ridge_sgd_l2,L2 one-vs-rest logistic,zoo_cnn,Zoo CNN,21.62954825091668,16.629855406932972,4.9996928439837145,4.4815633258805825,5.5178223620868465,coverage_game_equal,0.9,0.9363714473260238,0.9183471166770963,True,True,True,zoo_cnn,Zoo CNN,True,sharper_at_controlled_coverage
mean_width_game_equal,mean_width,game_equal,80,ridge_sgd_l2,L2 one-vs-rest logistic,set_transformer,Set Transformer,21.62954825091668,15.308209900337303,6.321338350579383,6.0449815544397305,6.597695146719036,coverage_game_equal,0.9,0.9363714473260238,0.9190414803964999,True,True,True,set_transformer,Set Transformer,True,sharper_at_controlled_coverage
mean_width_game_equal,mean_width,game_equal,80,lightgbm_multiclass,LightGBM,zoo_cnn,Zoo CNN,14.306110075079564,16.629855406932972,-2.3237453318534063,-2.8120381403095625,-1.8354525233972498,coverage_game_equal,0.9,0.9127771113304255,0.9183471166770963,True,True,True,lightgbm_multiclass,LightGBM,True,sharper_at_controlled_coverage
mean_width_game_equal,mean_width,game_equal,80,lightgbm_multiclass,LightGBM,set_transformer,Set Transformer,14.306110075079564,15.308209900337303,-1.0020998252577378,-1.2524845222413183,-0.7517151282741572,coverage_game_equal,0.9,0.9127771113304255,0.9190414803964999,True,True,True,lightgbm_multiclass,LightGBM,True,sharper_at_controlled_coverage
mean_width_game_equal,mean_width,game_equal,80,zoo_cnn,Zoo CNN,set_transformer,Set Transformer,16.629855406932972,15.308209900337303,1.3216455065956692,0.7907152012105402,1.852575811980798,coverage_game_equal,0.9,0.9183471166770963,0.9190414803964999,True,True,True,set_transformer,Set Transformer,True,sharper_at_controlled_coverage
mean_width_inclusive_game_equal,mean_width_inclusive,game_equal,80,ridge_sgd_l2,L2 one-vs-rest logistic,lightgbm_multiclass,LightGBM,22.62954825091668,15.306110075079564,7.323438175837122,7.120186540859902,7.526689810814342,coverage_game_equal,0.9,0.9363714473260238,0.9127771113304255,True,True,True,lightgbm_multiclass,LightGBM,True,sharper_at_controlled_coverage
mean_width_inclusive_game_equal,mean_width_inclusive,game_equal,80,ridge_sgd_l2,L2 one-vs-rest logistic,zoo_cnn,Zoo CNN,22.62954825091668,17.629855406932972,4.9996928439837145,4.481563325880583,5.517822362086846,coverage_game_equal,0.9,0.9363714473260238,0.9183471166770963,True,True,True,zoo_cnn,Zoo CNN,True,sharper_at_controlled_coverage
mean_width_inclusive_game_equal,mean_width_inclusive,game_equal,80,ridge_sgd_l2,L2 one-vs-rest logistic,set_transformer,Set Transformer,22.62954825091668,16.308209900337303,6.321338350579384,6.044981554439731,6.597695146719037,coverage_game_equal,0.9,0.9363714473260238,0.9190414803964999,True,True,True,set_transformer,Set Transformer,True,sharper_at_controlled_coverage
mean_width_inclusive_game_equal,mean_width_inclusive,game_equal,80,lightgbm_multiclass,LightGBM,zoo_cnn,Zoo CNN,15.306110075079564,17.629855406932972,-2.3237453318534063,-2.8120381403095625,-1.8354525233972498,coverage_game_equal,0.9,0.9127771113304255,0.9183471166770963,True,True,True,lightgbm_multiclass,LightGBM,True,sharper_at_controlled_coverage
mean_width_inclusive_game_equal,mean_width_inclusive,game_equal,80,lightgbm_multiclass,LightGBM,set_transformer,Set Transformer,15.306110075079564,16.308209900337303,-1.0020998252577373,-1.252484522241318,-0.7517151282741568,coverage_game_equal,0.9,0.9127771113304255,0.9190414803964999,True,True,True,lightgbm_multiclass,LightGBM,True,sharper_at_controlled_coverage
mean_width_inclusive_game_equal,mean_width_inclusive,game_equal,80,zoo_cnn,Zoo CNN,set_transformer,Set Transformer,17.629855406932972,16.308209900337303,1.3216455065956685,0.7907152012105395,1.8525758119807976,coverage_game_equal,0.9,0.9183471166770963,0.9190414803964999,True,True,True,set_transformer,Set Transformer,True,sharper_at_controlled_coverage
mean_width,mean_width,play,160,ridge_sgd_l2,L2 one-vs-rest logistic,lightgbm_multiclass,LightGBM,21.648846684907923,13.865484550986505,7.783362133921412,7.61198484041362,7.954739427429204,coverage,0.9,0.9365289292962019,0.9122651927473799,True,True,True,lightgbm_multiclass,LightGBM,True,sharper_at_controlled_coverage
mean_width,mean_width,play,160,ridge_sgd_l2,L2 one-vs-rest logistic,zoo_cnn,Zoo CNN,21.648846684907923,14.94636505165052,6.702481633257398,6.241997476239688,7.162965790275108,coverage,0.9,0.9365289292962019,0.9162204314982336,True,True,True,zoo_cnn,Zoo CNN,True,sharper_at_controlled_coverage
mean_width,mean_width,play,160,ridge_sgd_l2,L2 one-vs-rest logistic,set_transformer,Set Transformer,21.648846684907923,14.761510353136542,6.887336331771377,6.565373897589884,7.20929876595287,coverage,0.9,0.9365289292962019,0.9217181957653495,True,True,True,set_transformer,Set Transformer,True,sharper_at_controlled_coverage
mean_width,mean_width,play,160,lightgbm_multiclass,LightGBM,zoo_cnn,Zoo CNN,13.865484550986505,14.94636505165052,-1.080880500664014,-1.515056541751259,-0.6467044595767693,coverage,0.9,0.9122651927473799,0.9162204314982336,True,True,True,lightgbm_multiclass,LightGBM,True,sharper_at_controlled_coverage
mean_width,mean_width,play,160,lightgbm_multiclass,LightGBM,set_transformer,Set Transformer,13.865484550986505,14.761510353136542,-0.8960258021500351,-1.1933013663723249,-0.5987502379277454,coverage,0.9,0.9122651927473799,0.9217181957653495,True,True,True,lightgbm_multiclass,LightGBM,True,sharper_at_controlled_coverage
mean_width,mean_width,play,160,zoo_cnn,Zoo CNN,set_transformer,Set Transformer,14.94636505165052,14.761510353136542,0.1848546985139786,-0.3475608054638947,0.7172702024918519,coverage,0.9,0.9162204314982336,0.9217181957653495,True,True,True,,,False,inconclusive_at_controlled_coverage
mean_width_inclusive,mean_width_inclusive,play,160,ridge_sgd_l2,L2 one-vs-rest logistic,lightgbm_multiclass,LightGBM,22.648846684907923,14.865484550986505,7.783362133921412,7.61198484041362,7.954739427429204,coverage,0.9,0.9365289292962019,0.9122651927473799,True,True,True,lightgbm_multiclass,LightGBM,True,sharper_at_controlled_coverage
mean_width_inclusive,mean_width_inclusive,play,160,ridge_sgd_l2,L2 one-vs-rest logistic,zoo_cnn,Zoo CNN,22.648846684907923,15.946365051650519,6.702481633257398,6.241997476239688,7.162965790275108,coverage,0.9,0.9365289292962019,0.9162204314982336,True,True,True,zoo_cnn,Zoo CNN,True,sharper_at_controlled_coverage
mean_width_inclusive,mean_width_inclusive,play,160,ridge_sgd_l2,L2 one-vs-rest logistic,set_transformer,Set Transformer,22.648846684907923,15.761510353136542,6.887336331771376,6.565373897589883,7.209298765952869,coverage,0.9,0.9365289292962019,0.9217181957653495,True,True,True,set_transformer,Set Transformer,True,sharper_at_controlled_coverage
mean_width_inclusive,mean_width_inclusive,play,160,lightgbm_multiclass,LightGBM,zoo_cnn,Zoo CNN,14.865484550986505,15.946365051650519,-1.080880500664014,-1.515056541751259,-0.6467044595767693,coverage,0.9,0.9122651927473799,0.9162204314982336,True,True,True,lightgbm_multiclass,LightGBM,True,sharper_at_controlled_coverage
mean_width_inclusive,mean_width_inclusive,play,160,lightgbm_multiclass,LightGBM,set_transformer,Set Transformer,14.865484550986505,15.761510353136542,-0.8960258021500351,-1.1933013663723249,-0.5987502379277454,coverage,0.9,0.9122651927473799,0.9217181957653495,True,True,True,lightgbm_multiclass,LightGBM,True,sharper_at_controlled_coverage
mean_width_inclusive,mean_width_inclusive,play,160,zoo_cnn,Zoo CNN,set_transformer,Set Transformer,15.946365051650519,15.761510353136542,0.18485469851397873,-0.34756080546389456,0.717270202491852,coverage,0.9,0.9162204314982336,0.9217181957653495,True,True,True,,,False,inconclusive_at_controlled_coverage
mean_width_game_equal,mean_width,game_equal,160,ridge_sgd_l2,L2 one-vs-rest logistic,lightgbm_multiclass,LightGBM,21.593809914873074,13.886082650643388,7.707727264229687,7.5370772687912,7.8783772596681745,coverage_game_equal,0.9,0.9361983003132616,0.9127431472923925,True,True,True,lightgbm_multiclass,LightGBM,True,sharper_at_controlled_coverage
mean_width_game_equal,mean_width,game_equal,160,ridge_sgd_l2,L2 one-vs-rest logistic,zoo_cnn,Zoo CNN,21.593809914873074,14.975608465070607,6.618201449802473,6.154322499886509,7.0820803997184365,coverage_game_equal,0.9,0.9361983003132616,0.9165260359954959,True,True,True,zoo_cnn,Zoo CNN,True,sharper_at_controlled_coverage
mean_width_game_equal,mean_width,game_equal,160,ridge_sgd_l2,L2 one-vs-rest logistic,set_transformer,Set Transformer,21.593809914873074,14.779137089468673,6.814672825404402,6.493794114000344,7.135551536808459,coverage_game_equal,0.9,0.9361983003132616,0.9218587620461778,True,True,True,set_transformer,Set Transformer,True,sharper_at_controlled_coverage
mean_width_game_equal,mean_width,game_equal,160,lightgbm_multiclass,LightGBM,zoo_cnn,Zoo CNN,13.886082650643388,14.975608465070607,-1.0895258144272153,-1.5259313280131417,-0.6531203008412889,coverage_game_equal,0.9,0.9127431472923925,0.9165260359954959,True,True,True,lightgbm_multiclass,LightGBM,True,sharper_at_controlled_coverage
mean_width_game_equal,mean_width,game_equal,160,lightgbm_multiclass,LightGBM,set_transformer,Set Transformer,13.886082650643388,14.779137089468673,-0.8930544388252851,-1.1903855607409142,-0.5957233169096562,coverage_game_equal,0.9,0.9127431472923925,0.9218587620461778,True,True,True,lightgbm_multiclass,LightGBM,True,sharper_at_controlled_coverage
mean_width_game_equal,mean_width,game_equal,160,zoo_cnn,Zoo CNN,set_transformer,Set Transformer,14.975608465070607,14.779137089468673,0.19647137560193023,-0.33778346988786706,0.7307262210917276,coverage_game_equal,0.9,0.9165260359954959,0.9218587620461778,True,True,True,,,False,inconclusive_at_controlled_coverage
mean_width_inclusive_game_equal,mean_width_inclusive,game_equal,160,ridge_sgd_l2,L2 one-vs-rest logistic,lightgbm_multiclass,LightGBM,22.593809914873074,14.886082650643388,7.707727264229686,7.537077268791199,7.878377259668174,coverage_game_equal,0.9,0.9361983003132616,0.9127431472923925,True,True,True,lightgbm_multiclass,LightGBM,True,sharper_at_controlled_coverage
mean_width_inclusive_game_equal,mean_width_inclusive,game_equal,160,ridge_sgd_l2,L2 one-vs-rest logistic,zoo_cnn,Zoo CNN,22.593809914873074,15.975608465070607,6.618201449802473,6.154322499886509,7.0820803997184365,coverage_game_equal,0.9,0.9361983003132616,0.9165260359954959,True,True,True,zoo_cnn,Zoo CNN,True,sharper_at_controlled_coverage
mean_width_inclusive_game_equal,mean_width_inclusive,game_equal,160,ridge_sgd_l2,L2 one-vs-rest logistic,set_transformer,Set Transformer,22.593809914873074,15.779137089468673,6.814672825404402,6.493794114000344,7.135551536808459,coverage_game_equal,0.9,0.9361983003132616,0.9218587620461778,True,True,True,set_transformer,Set Transformer,True,sharper_at_controlled_coverage
mean_width_inclusive_game_equal,mean_width_inclusive,game_equal,160,lightgbm_multiclass,LightGBM,zoo_cnn,Zoo CNN,14.886082650643388,15.975608465070607,-1.0895258144272155,-1.525931328013142,-0.6531203008412891,coverage_game_equal,0.9,0.9127431472923925,0.9165260359954959,True,True,True,lightgbm_multiclass,LightGBM,True,sharper_at_controlled_coverage
mean_width_inclusive_game_equal,mean_width_inclusive,game_equal,160,lightgbm_multiclass,LightGBM,set_transformer,Set Transformer,14.886082650643388,15.779137089468673,-0.8930544388252848,-1.1903855607409137,-0.5957233169096559,coverage_game_equal,0.9,0.9127431472923925,0.9218587620461778,True,True,True,lightgbm_multiclass,LightGBM,True,sharper_at_controlled_coverage
mean_width_inclusive_game_equal,mean_width_inclusive,game_equal,160,zoo_cnn,Zoo CNN,set_transformer,Set Transformer,15.975608465070607,15.779137089468673,0.1964713756019305,-0.33778346988786667,0.7307262210917277,coverage_game_equal,0.9,0.9165260359954959,0.9218587620461778,True,True,True,,,False,inconclusive_at_controlled_coverage
mean_width,mean_width,play,240,ridge_sgd_l2,L2 one-vs-rest logistic,lightgbm_multiclass,LightGBM,21.61244221948263,13.696381897412577,7.916060322070053,7.769379680374439,8.062740963765666,coverage,0.9,0.9363068151740476,0.912336059024846,True,True,True,lightgbm_multiclass,LightGBM,True,sharper_at_controlled_coverage
mean_width,mean_width,play,240,ridge_sgd_l2,L2 one-vs-rest logistic,zoo_cnn,Zoo CNN,21.61244221948263,14.534168730025087,7.0782734894575405,6.741583328120183,7.414963650794898,coverage,0.9,0.9363068151740476,0.917199904165768,True,True,True,zoo_cnn,Zoo CNN,True,sharper_at_controlled_coverage
mean_width,mean_width,play,240,ridge_sgd_l2,L2 one-vs-rest logistic,set_transformer,Set Transformer,21.61244221948263,14.443138418765963,7.169303800716664,6.902752965246364,7.4358546361869635,coverage,0.9,0.9363068151740476,0.9220413665662589,True,True,True,set_transformer,Set Transformer,True,sharper_at_controlled_coverage
mean_width,mean_width,play,240,lightgbm_multiclass,LightGBM,zoo_cnn,Zoo CNN,13.696381897412577,14.534168730025087,-0.8377868326125121,-1.173336314250248,-0.5022373509747762,coverage,0.9,0.912336059024846,0.917199904165768,True,True,True,lightgbm_multiclass,LightGBM,True,sharper_at_controlled_coverage
mean_width,mean_width,play,240,lightgbm_multiclass,LightGBM,set_transformer,Set Transformer,13.696381897412577,14.443138418765963,-0.7467565213533885,-1.0062453272173577,-0.4872677154894194,coverage,0.9,0.912336059024846,0.9220413665662589,True,True,True,lightgbm_multiclass,LightGBM,True,sharper_at_controlled_coverage
mean_width,mean_width,play,240,zoo_cnn,Zoo CNN,set_transformer,Set Transformer,14.534168730025087,14.443138418765963,0.09103031125912307,-0.3017065517847783,0.48376717430302446,coverage,0.9,0.917199904165768,0.9220413665662589,True,True,True,,,False,inconclusive_at_controlled_coverage
mean_width_inclusive,mean_width_inclusive,play,240,ridge_sgd_l2,L2 one-vs-rest logistic,lightgbm_multiclass,LightGBM,22.61244221948263,14.696381897412577,7.916060322070053,7.769379680374439,8.062740963765666,coverage,0.9,0.9363068151740476,0.912336059024846,True,True,True,lightgbm_multiclass,LightGBM,True,sharper_at_controlled_coverage
mean_width_inclusive,mean_width_inclusive,play,240,ridge_sgd_l2,L2 one-vs-rest logistic,zoo_cnn,Zoo CNN,22.61244221948263,15.534168730025087,7.0782734894575405,6.741583328120183,7.414963650794898,coverage,0.9,0.9363068151740476,0.917199904165768,True,True,True,zoo_cnn,Zoo CNN,True,sharper_at_controlled_coverage
mean_width_inclusive,mean_width_inclusive,play,240,ridge_sgd_l2,L2 one-vs-rest logistic,set_transformer,Set Transformer,22.61244221948263,15.443138418765963,7.169303800716664,6.902752965246364,7.4358546361869635,coverage,0.9,0.9363068151740476,0.9220413665662589,True,True,True,set_transformer,Set Transformer,True,sharper_at_controlled_coverage
mean_width_inclusive,mean_width_inclusive,play,240,lightgbm_multiclass,LightGBM,zoo_cnn,Zoo CNN,14.696381897412577,15.534168730025087,-0.8377868326125117,-1.1733363142502475,-0.5022373509747758,coverage,0.9,0.912336059024846,0.917199904165768,True,True,True,lightgbm_multiclass,LightGBM,True,sharper_at_controlled_coverage
mean_width_inclusive,mean_width_inclusive,play,240,lightgbm_multiclass,LightGBM,set_transformer,Set Transformer,14.696381897412577,15.443138418765963,-0.7467565213533888,-1.006245327217358,-0.4872677154894196,coverage,0.9,0.912336059024846,0.9220413665662589,True,True,True,lightgbm_multiclass,LightGBM,True,sharper_at_controlled_coverage
mean_width_inclusive,mean_width_inclusive,play,240,zoo_cnn,Zoo CNN,set_transformer,Set Transformer,15.534168730025087,15.443138418765963,0.09103031125912298,-0.3017065517847784,0.48376717430302435,coverage,0.9,0.917199904165768,0.9220413665662589,True,True,True,,,False,inconclusive_at_controlled_coverage
mean_width_game_equal,mean_width,game_equal,240,ridge_sgd_l2,L2 one-vs-rest logistic,lightgbm_multiclass,LightGBM,21.557506419473516,13.719049295350763,7.838457124122751,7.692646860681503,7.984267387564,coverage_game_equal,0.9,0.9359742505656072,0.9128440440882899,True,True,True,lightgbm_multiclass,LightGBM,True,sharper_at_controlled_coverage
mean_width_game_equal,mean_width,game_equal,240,ridge_sgd_l2,L2 one-vs-rest logistic,zoo_cnn,Zoo CNN,21.557506419473516,14.56087582092093,6.996630598552584,6.661735740807295,7.331525456297873,coverage_game_equal,0.9,0.9359742505656072,0.9173616122198783,True,True,True,zoo_cnn,Zoo CNN,True,sharper_at_controlled_coverage
mean_width_game_equal,mean_width,game_equal,240,ridge_sgd_l2,L2 one-vs-rest logistic,set_transformer,Set Transformer,21.557506419473516,14.462700452579863,7.0948059668936505,6.828504450156189,7.361107483631112,coverage_game_equal,0.9,0.9359742505656072,0.9221245608122915,True,True,True,set_transformer,Set Transformer,True,sharper_at_controlled_coverage
mean_width_game_equal,mean_width,game_equal,240,lightgbm_multiclass,LightGBM,zoo_cnn,Zoo CNN,13.719049295350763,14.56087582092093,-0.8418265255701683,-1.1776338385198089,-0.5060192126205278,coverage_game_equal,0.9,0.9128440440882899,0.9173616122198783,True,True,True,lightgbm_multiclass,LightGBM,True,sharper_at_controlled_coverage
mean_width_game_equal,mean_width,game_equal,240,lightgbm_multiclass,LightGBM,set_transformer,Set Transformer,13.719049295350763,14.462700452579863,-0.7436511572291018,-1.0032412271842064,-0.4840610872739972,coverage_game_equal,0.9,0.9128440440882899,0.9221245608122915,True,True,True,lightgbm_multiclass,LightGBM,True,sharper_at_controlled_coverage
mean_width_game_equal,mean_width,game_equal,240,zoo_cnn,Zoo CNN,set_transformer,Set Transformer,14.56087582092093,14.462700452579863,0.0981753683410666,-0.2949397025000481,0.4912904391821813,coverage_game_equal,0.9,0.9173616122198783,0.9221245608122915,True,True,True,,,False,inconclusive_at_controlled_coverage
mean_width_inclusive_game_equal,mean_width_inclusive,game_equal,240,ridge_sgd_l2,L2 one-vs-rest logistic,lightgbm_multiclass,LightGBM,22.557506419473516,14.719049295350763,7.838457124122751,7.692646860681503,7.984267387564,coverage_game_equal,0.9,0.9359742505656072,0.9128440440882899,True,True,True,lightgbm_multiclass,LightGBM,True,sharper_at_controlled_coverage
mean_width_inclusive_game_equal,mean_width_inclusive,game_equal,240,ridge_sgd_l2,L2 one-vs-rest logistic,zoo_cnn,Zoo CNN,22.557506419473516,15.56087582092093,6.996630598552584,6.661735740807295,7.331525456297873,coverage_game_equal,0.9,0.9359742505656072,0.9173616122198783,True,True,True,zoo_cnn,Zoo CNN,True,sharper_at_controlled_coverage
mean_width_inclusive_game_equal,mean_width_inclusive,game_equal,240,ridge_sgd_l2,L2 one-vs-rest logistic,set_transformer,Set Transformer,22.557506419473516,15.462700452579863,7.0948059668936505,6.828504450156189,7.361107483631112,coverage_game_equal,0.9,0.9359742505656072,0.9221245608122915,True,True,True,set_transformer,Set Transformer,True,sharper_at_controlled_coverage
mean_width_inclusive_game_equal,mean_width_inclusive,game_equal,240,lightgbm_multiclass,LightGBM,zoo_cnn,Zoo CNN,14.719049295350763,15.56087582092093,-0.8418265255701681,-1.1776338385198089,-0.5060192126205274,coverage_game_equal,0.9,0.9128440440882899,0.9173616122198783,True,True,True,lightgbm_multiclass,LightGBM,True,sharper_at_controlled_coverage
mean_width_inclusive_game_equal,mean_width_inclusive,game_equal,240,lightgbm_multiclass,LightGBM,set_transformer,Set Transformer,14.719049295350763,15.462700452579863,-0.7436511572291015,-1.0032412271842057,-0.4840610872739971,coverage_game_equal,0.9,0.9128440440882899,0.9221245608122915,True,True,True,lightgbm_multiclass,LightGBM,True,sharper_at_controlled_coverage
mean_width_inclusive_game_equal,mean_width_inclusive,game_equal,240,zoo_cnn,Zoo CNN,set_transformer,Set Transformer,15.56087582092093,15.462700452579863,0.09817536834106663,-0.2949397025000481,0.4912904391821813,coverage_game_equal,0.9,0.9173616122198783,0.9221245608122915,True,True,True,,,False,inconclusive_at_controlled_coverage
mean_width,mean_width,play,360,ridge_sgd_l2,L2 one-vs-rest logistic,lightgbm_multiclass,LightGBM,21.594451071720012,13.64421001519321,7.950241056526811,7.8074097262935,8.093072386760122,coverage,0.9,0.9361549189658648,0.9138959063080475,True,True,True,lightgbm_multiclass,LightGBM,True,sharper_at_controlled_coverage
mean_width,mean_width,play,360,ridge_sgd_l2,L2 one-vs-rest logistic,zoo_cnn,Zoo CNN,21.594451071720012,14.110986503404083,7.483464568315934,7.049558512578416,7.9173706240534525,coverage,0.9,0.9361549189658648,0.9167982903356343,True,True,True,zoo_cnn,Zoo CNN,True,sharper_at_controlled_coverage
mean_width,mean_width,play,360,ridge_sgd_l2,L2 one-vs-rest logistic,set_transformer,Set Transformer,21.594451071720012,14.464827689242238,7.129623382477779,6.8574968569669785,7.401749907988579,coverage,0.9,0.9361549189658648,0.9240897456141901,True,True,True,set_transformer,Set Transformer,True,sharper_at_controlled_coverage
mean_width,mean_width,play,360,lightgbm_multiclass,LightGBM,zoo_cnn,Zoo CNN,13.64421001519321,14.110986503404083,-0.4667764882108766,-0.9087095335496012,-0.02484344287215201,coverage,0.9,0.9138959063080475,0.9167982903356343,True,True,True,lightgbm_multiclass,LightGBM,True,sharper_at_controlled_coverage
mean_width,mean_width,play,360,lightgbm_multiclass,LightGBM,set_transformer,Set Transformer,13.64421001519321,14.464827689242238,-0.8206176740490299,-1.1107359096003837,-0.530499438497676,coverage,0.9,0.9138959063080475,0.9240897456141901,True,True,True,lightgbm_multiclass,LightGBM,True,sharper_at_controlled_coverage
mean_width,mean_width,play,360,zoo_cnn,Zoo CNN,set_transformer,Set Transformer,14.110986503404083,14.464827689242238,-0.3538411858381534,-0.8550912082364226,0.14740883656011583,coverage,0.9,0.9167982903356343,0.9240897456141901,True,True,True,,,False,inconclusive_at_controlled_coverage
mean_width_inclusive,mean_width_inclusive,play,360,ridge_sgd_l2,L2 one-vs-rest logistic,lightgbm_multiclass,LightGBM,22.594451071720012,14.64421001519321,7.950241056526811,7.8074097262935,8.093072386760122,coverage,0.9,0.9361549189658648,0.9138959063080475,True,True,True,lightgbm_multiclass,LightGBM,True,sharper_at_controlled_coverage
mean_width_inclusive,mean_width_inclusive,play,360,ridge_sgd_l2,L2 one-vs-rest logistic,zoo_cnn,Zoo CNN,22.594451071720012,15.110986503404083,7.483464568315934,7.049558512578416,7.9173706240534525,coverage,0.9,0.9361549189658648,0.9167982903356343,True,True,True,zoo_cnn,Zoo CNN,True,sharper_at_controlled_coverage
mean_width_inclusive,mean_width_inclusive,play,360,ridge_sgd_l2,L2 one-vs-rest logistic,set_transformer,Set Transformer,22.594451071720012,15.46482768924224,7.129623382477779,6.8574968569669785,7.401749907988579,coverage,0.9,0.9361549189658648,0.9240897456141901,True,True,True,set_transformer,Set Transformer,True,sharper_at_controlled_coverage
mean_width_inclusive,mean_width_inclusive,play,360,lightgbm_multiclass,LightGBM,zoo_cnn,Zoo CNN,14.64421001519321,15.110986503404083,-0.4667764882108764,-0.9087095335496009,-0.024843442872151844,coverage,0.9,0.9138959063080475,0.9167982903356343,True,True,True,lightgbm_multiclass,LightGBM,True,sharper_at_controlled_coverage
mean_width_inclusive,mean_width_inclusive,play,360,lightgbm_multiclass,LightGBM,set_transformer,Set Transformer,14.64421001519321,15.46482768924224,-0.8206176740490299,-1.1107359096003837,-0.530499438497676,coverage,0.9,0.9138959063080475,0.9240897456141901,True,True,True,lightgbm_multiclass,LightGBM,True,sharper_at_controlled_coverage
mean_width_inclusive,mean_width_inclusive,play,360,zoo_cnn,Zoo CNN,set_transformer,Set Transformer,15.110986503404083,15.46482768924224,-0.3538411858381534,-0.8550912082364226,0.14740883656011583,coverage,0.9,0.9167982903356343,0.9240897456141901,True,True,True,,,False,inconclusive_at_controlled_coverage
mean_width_game_equal,mean_width,game_equal,360,ridge_sgd_l2,L2 one-vs-rest logistic,lightgbm_multiclass,LightGBM,21.53983723053233,13.667309323739,7.872527906793331,7.73195033837207,8.013105475214592,coverage_game_equal,0.9,0.9358385554545975,0.914319856646462,True,True,True,lightgbm_multiclass,LightGBM,True,sharper_at_controlled_coverage
mean_width_game_equal,mean_width,game_equal,360,ridge_sgd_l2,L2 one-vs-rest logistic,zoo_cnn,Zoo CNN,21.53983723053233,14.138200510095627,7.401636720436704,6.965306418642158,7.83796702223125,coverage_game_equal,0.9,0.9358385554545975,0.9169896552349333,True,True,True,zoo_cnn,Zoo CNN,True,sharper_at_controlled_coverage
mean_width_game_equal,mean_width,game_equal,360,ridge_sgd_l2,L2 one-vs-rest logistic,set_transformer,Set Transformer,21.53983723053233,14.484736524805687,7.0551007057266455,6.784202376821428,7.325999034631863,coverage_game_equal,0.9,0.9358385554545975,0.9242262564808963,True,True,True,set_transformer,Set Transformer,True,sharper_at_controlled_coverage
mean_width_game_equal,mean_width,game_equal,360,lightgbm_multiclass,LightGBM,zoo_cnn,Zoo CNN,13.667309323739,14.138200510095627,-0.470891186356626,-0.91468581755437,-0.027096555158882096,coverage_game_equal,0.9,0.914319856646462,0.9169896552349333,True,True,True,lightgbm_multiclass,LightGBM,True,sharper_at_controlled_coverage
mean_width_game_equal,mean_width,game_equal,360,lightgbm_multiclass,LightGBM,set_transformer,Set Transformer,13.667309323739,14.484736524805687,-0.8174272010666858,-1.1077431655693055,-0.527111236564066,coverage_game_equal,0.9,0.914319856646462,0.9242262564808963,True,True,True,lightgbm_multiclass,LightGBM,True,sharper_at_controlled_coverage
mean_width_game_equal,mean_width,game_equal,360,zoo_cnn,Zoo CNN,set_transformer,Set Transformer,14.138200510095627,14.484736524805687,-0.3465360147100596,-0.8496501404914651,0.15657811107134584,coverage_game_equal,0.9,0.9169896552349333,0.9242262564808963,True,True,True,,,False,inconclusive_at_controlled_coverage
mean_width_inclusive_game_equal,mean_width_inclusive,game_equal,360,ridge_sgd_l2,L2 one-vs-rest logistic,lightgbm_multiclass,LightGBM,22.53983723053233,14.667309323739,7.872527906793331,7.73195033837207,8.013105475214592,coverage_game_equal,0.9,0.9358385554545975,0.914319856646462,True,True,True,lightgbm_multiclass,LightGBM,True,sharper_at_controlled_coverage
mean_width_inclusive_game_equal,mean_width_inclusive,game_equal,360,ridge_sgd_l2,L2 one-vs-rest logistic,zoo_cnn,Zoo CNN,22.53983723053233,15.138200510095627,7.401636720436704,6.965306418642158,7.83796702223125,coverage_game_equal,0.9,0.9358385554545975,0.9169896552349333,True,True,True,zoo_cnn,Zoo CNN,True,sharper_at_controlled_coverage
mean_width_inclusive_game_equal,mean_width_inclusive,game_equal,360,ridge_sgd_l2,L2 one-vs-rest logistic,set_transformer,Set Transformer,22.53983723053233,15.484736524805687,7.055100705726646,6.784202376821429,7.325999034631864,coverage_game_equal,0.9,0.9358385554545975,0.9242262564808963,True,True,True,set_transformer,Set Transformer,True,sharper_at_controlled_coverage
mean_width_inclusive_game_equal,mean_width_inclusive,game_equal,360,lightgbm_multiclass,LightGBM,zoo_cnn,Zoo CNN,14.667309323739,15.138200510095627,-0.47089118635662613,-0.9146858175543702,-0.027096555158882096,coverage_game_equal,0.9,0.914319856646462,0.9169896552349333,True,True,True,lightgbm_multiclass,LightGBM,True,sharper_at_controlled_coverage
mean_width_inclusive_game_equal,mean_width_inclusive,game_equal,360,lightgbm_multiclass,LightGBM,set_transformer,Set Transformer,14.667309323739,15.484736524805687,-0.8174272010666855,-1.1077431655693053,-0.5271112365640658,coverage_game_equal,0.9,0.914319856646462,0.9242262564808963,True,True,True,lightgbm_multiclass,LightGBM,True,sharper_at_controlled_coverage
mean_width_inclusive_game_equal,mean_width_inclusive,game_equal,360,zoo_cnn,Zoo CNN,set_transformer,Set Transformer,15.138200510095627,15.484736524805687,-0.34653601471005957,-0.8496501404914651,0.156578111071346,coverage_game_equal,0.9,0.9169896552349333,0.9242262564808963,True,True,True,,,False,inconclusive_at_controlled_coverage
