metric,n_train,model_a,model_b,contrast,n_repeats,mean,sd,mcse,pointwise_lower,pointwise_upper,simultaneous_lower,simultaneous_upper,confidence,max_t_critical,bootstrap_draws
crps,20,ridge_sgd_l2,lightgbm_multiclass,ridge_sgd_l2 - lightgbm_multiclass,100,6.740471007068703e-05,0.00011174991410213883,1.1174991410213883e-05,4.884985316460206e-05,8.595956697677199e-05,2.726601746706682e-05,0.00010754340267430724,0.9,3.591832076661254,10000
crps,20,ridge_sgd_l2,zoo_cnn,ridge_sgd_l2 - zoo_cnn,100,-0.0020045739430177233,0.0011826287636702848,0.00011826287636702848,-0.002200936577022668,-0.0018082113090127786,-0.0024293543358310404,-0.0015797935502044063,0.9,3.591832076661254,10000
crps,20,ridge_sgd_l2,set_transformer,ridge_sgd_l2 - set_transformer,100,0.0003859579044650191,0.00020167137111548405,2.0167137111548405e-05,0.0003524725683628221,0.0004194432405672161,0.0003135209344933339,0.00045839487443670424,0.9,3.591832076661254,10000
crps,20,lightgbm_multiclass,zoo_cnn,lightgbm_multiclass - zoo_cnn,100,-0.00207197865308841,0.0011695437942452053,0.00011695437942452054,-0.0022661686703423396,-0.0018777886358344808,-0.002492059144611414,-0.0016518981615654062,0.9,3.591832076661254,10000
crps,20,lightgbm_multiclass,set_transformer,lightgbm_multiclass - set_transformer,100,0.00031855319439433197,0.0001985980436568457,1.9859804365684567e-05,0.0002855781508653217,0.00035152823792334225,0.0002472201120374489,0.00038988627675121503,0.9,3.591832076661254,10000
crps,20,zoo_cnn,set_transformer,zoo_cnn - set_transformer,100,0.0023905318474827424,0.001186876835051407,0.00011868768350514071,0.002193463867462663,0.002587599827502822,0.001964225618764359,0.0028168380762011256,0.9,3.591832076661254,10000
coverage,20,ridge_sgd_l2,lightgbm_multiclass,ridge_sgd_l2 - lightgbm_multiclass,100,0.021943552764725625,0.005746358262848409,0.0005746358262848409,0.02098943252083176,0.02289767300861949,0.019879557371476987,0.024007548157974262,0.9,3.591832076661254,10000
coverage,20,ridge_sgd_l2,zoo_cnn,ridge_sgd_l2 - zoo_cnn,100,0.009718587298764262,0.021605901963123134,0.002160590196312313,0.006131162445030284,0.01330601215249824,0.0019581101271298603,0.017479064470398663,0.9,3.591832076661254,10000
coverage,20,ridge_sgd_l2,set_transformer,ridge_sgd_l2 - set_transformer,100,0.012034464876664805,0.010119187356273339,0.001011918735627334,0.010354283957421285,0.013714645795908325,0.008399822703064047,0.01566910705026556,0.9,3.591832076661254,10000
coverage,20,lightgbm_multiclass,zoo_cnn,lightgbm_multiclass - zoo_cnn,100,-0.012224965465961359,0.020918063894593938,0.002091806389459394,-0.01569818229511957,-0.008751748636803149,-0.019738382753786574,-0.004711548178136144,0.9,3.591832076661254,10000
coverage,20,lightgbm_multiclass,set_transformer,lightgbm_multiclass - set_transformer,100,-0.009909087888060816,0.010760412293416417,0.0010760412293416416,-0.011695737228769328,-0.008122438547352305,-0.013774047291420134,-0.006044128484701499,0.9,3.591832076661254,10000
coverage,20,zoo_cnn,set_transformer,zoo_cnn - set_transformer,100,0.0023158775779005434,0.021458702086066327,0.0021458702086066326,-0.0012471063384302435,0.00587886149423133,-0.005391727869724536,0.010023483025525623,0.9,3.591832076661254,10000
mean_width,20,ridge_sgd_l2,lightgbm_multiclass,ridge_sgd_l2 - lightgbm_multiclass,100,5.652251216891423,0.7168149684814147,0.07168149684814147,5.533231893474709,5.771270540308136,5.394783317209176,5.90971911657367,0.9,3.591832076661254,10000
mean_width,20,ridge_sgd_l2,zoo_cnn,ridge_sgd_l2 - zoo_cnn,100,1.0689805729811734,8.305927040254305,0.8305927040254305,-0.31012820703488897,2.448089352997236,-1.9143689439781748,4.052330089940522,0.9,3.591832076661254,10000
mean_width,20,ridge_sgd_l2,set_transformer,ridge_sgd_l2 - set_transformer,100,4.634734787925452,1.5044123261965894,0.15044123261965894,4.384943495783475,4.884526080067428,4.094375142949703,5.175094432901201,0.9,3.591832076661254,10000
mean_width,20,lightgbm_multiclass,zoo_cnn,lightgbm_multiclass - zoo_cnn,100,-4.583270643910251,8.119064363354557,0.8119064363354557,-5.931352910314914,-3.2351883775055885,-7.499502225187669,-1.667039062632833,0.9,3.591832076661254,10000
mean_width,20,lightgbm_multiclass,set_transformer,lightgbm_multiclass - set_transformer,100,-1.017516428965972,1.3583550655659222,0.1358355065565922,-1.2430565027256255,-0.7919763552063184,-1.50541475856547,-0.529618099366474,0.9,3.591832076661254,10000
mean_width,20,zoo_cnn,set_transformer,zoo_cnn - set_transformer,100,3.5657542149442794,8.009419548553765,0.8009419548553766,2.2358772766194526,4.895631153269106,0.6889052099509678,6.442603219937591,0.9,3.591832076661254,10000
mean_width_inclusive,20,ridge_sgd_l2,lightgbm_multiclass,ridge_sgd_l2 - lightgbm_multiclass,100,5.652251216891425,0.7168149684814147,0.07168149684814147,5.533231893474712,5.771270540308139,5.394783317209178,5.909719116573672,0.9,3.591832076661254,10000
mean_width_inclusive,20,ridge_sgd_l2,zoo_cnn,ridge_sgd_l2 - zoo_cnn,100,1.0689805729811737,8.305927040254305,0.8305927040254305,-0.31012820703488875,2.4480893529972363,-1.9143689439781746,4.052330089940522,0.9,3.591832076661254,10000
mean_width_inclusive,20,ridge_sgd_l2,set_transformer,ridge_sgd_l2 - set_transformer,100,4.634734787925452,1.5044123261965892,0.15044123261965892,4.384943495783475,4.884526080067428,4.094375142949704,5.1750944329012,0.9,3.591832076661254,10000
mean_width_inclusive,20,lightgbm_multiclass,zoo_cnn,lightgbm_multiclass - zoo_cnn,100,-4.583270643910251,8.119064363354557,0.8119064363354557,-5.931352910314914,-3.2351883775055885,-7.499502225187669,-1.667039062632833,0.9,3.591832076661254,10000
mean_width_inclusive,20,lightgbm_multiclass,set_transformer,lightgbm_multiclass - set_transformer,100,-1.0175164289659722,1.3583550655659222,0.1358355065565922,-1.2430565027256257,-0.7919763552063186,-1.50541475856547,-0.5296180993664742,0.9,3.591832076661254,10000
mean_width_inclusive,20,zoo_cnn,set_transformer,zoo_cnn - set_transformer,100,3.5657542149442794,8.009419548553765,0.8009419548553766,2.2358772766194526,4.895631153269106,0.6889052099509678,6.442603219937591,0.9,3.591832076661254,10000
mean_q,20,ridge_sgd_l2,lightgbm_multiclass,ridge_sgd_l2 - lightgbm_multiclass,100,-1.0216525597374018,0.21824551740116027,0.02182455174011603,-1.0578898524307256,-0.9854152670440779,-1.1000426847363036,-0.9432624347384998,0.9,3.591832076661254,10000
mean_q,20,ridge_sgd_l2,zoo_cnn,ridge_sgd_l2 - zoo_cnn,100,-2.320602662820778,1.4490193997740284,0.14490193997740283,-2.5611965624489623,-2.0800087631925934,-2.841066098802057,-1.8001392268394987,0.9,3.591832076661254,10000
mean_q,20,ridge_sgd_l2,set_transformer,ridge_sgd_l2 - set_transformer,100,-0.029247815158672842,0.3602128459213291,0.036021284592132906,-0.0890572375238214,0.030561607206475716,-0.1586302205992396,0.10013459028189392,0.9,3.591832076661254,10000
mean_q,20,lightgbm_multiclass,zoo_cnn,lightgbm_multiclass - zoo_cnn,100,-1.2989501030833766,1.4498374800221345,0.14498374800221345,-1.5396798360324477,-1.0582203701343054,-1.8197073797522987,-0.7781928264144543,0.9,3.591832076661254,10000
mean_q,20,lightgbm_multiclass,set_transformer,lightgbm_multiclass - set_transformer,100,0.992404744578729,0.37461638789904855,0.037461638789904855,0.930203770842068,1.05460571831539,0.8578488287288513,1.1269606604286067,0.9,3.591832076661254,10000
mean_q,20,zoo_cnn,set_transformer,zoo_cnn - set_transformer,100,2.2913548476621055,1.4666137560083794,0.14666137560083795,2.047839596685188,2.534870098639023,1.7645718143717515,2.8181378809524595,0.9,3.591832076661254,10000
crps_game_equal,20,ridge_sgd_l2,lightgbm_multiclass,ridge_sgd_l2 - lightgbm_multiclass,100,7.065108169648802e-05,0.00011091080471397377,1.1091080471397377e-05,5.223554977110706e-05,8.906661362186898e-05,3.0813783094491695e-05,0.00011048838029848434,0.9,3.591832076661254,10000
crps_game_equal,20,ridge_sgd_l2,zoo_cnn,ridge_sgd_l2 - zoo_cnn,100,-0.002014785983565402,0.0011919706115820759,0.00011919706115820758,-0.002212699729735706,-0.001816872237395098,-0.0024429218112772054,-0.001586650155853599,0.9,3.591832076661254,10000
crps_game_equal,20,ridge_sgd_l2,set_transformer,ridge_sgd_l2 - set_transformer,100,0.0003822111102811232,0.00020181866772891498,2.0181866772891497e-05,0.00034870131717950096,0.0004157209033827454,0.00030972123383934757,0.0004547009867228988,0.9,3.591832076661254,10000
crps_game_equal,20,lightgbm_multiclass,zoo_cnn,lightgbm_multiclass - zoo_cnn,100,-0.00208543706526189,0.0011794591966756715,0.00011794591966756715,-0.002281273427166209,-0.001889600703357571,-0.002509079002835169,-0.0016617951276886108,0.9,3.591832076661254,10000
crps_game_equal,20,lightgbm_multiclass,set_transformer,lightgbm_multiclass - set_transformer,100,0.00031156002858463515,0.0002000693647876175,2.000693647876175e-05,0.00027834068819630547,0.00034477936897296484,0.00023969847238449453,0.0003834215847847758,0.9,3.591832076661254,10000
crps_game_equal,20,zoo_cnn,set_transformer,zoo_cnn - set_transformer,100,0.0023969970938465253,0.0011961792515144194,0.00011961792515144195,0.0021983845488239688,0.002595609638869082,0.001967349593343911,0.0028266445943491395,0.9,3.591832076661254,10000
coverage_game_equal,20,ridge_sgd_l2,lightgbm_multiclass,ridge_sgd_l2 - lightgbm_multiclass,100,0.02153534107142029,0.005800052425415045,0.0005800052425415045,0.020572305496260886,0.022498376646579693,0.019452059636628022,0.023618622506212557,0.9,3.591832076661254,10000
coverage_game_equal,20,ridge_sgd_l2,zoo_cnn,ridge_sgd_l2 - zoo_cnn,100,0.009112852009334396,0.02152044110173044,0.002152044110173044,0.00553961700144462,0.012686087017224172,0.0013830709440249304,0.01684263307464386,0.9,3.591832076661254,10000
coverage_game_equal,20,ridge_sgd_l2,set_transformer,ridge_sgd_l2 - set_transformer,100,0.01170924960328298,0.010136159653257374,0.0010136159653257374,0.010026250618858501,0.01339224858770746,0.008068511265610036,0.015349987940955925,0.9,3.591832076661254,10000
coverage_game_equal,20,lightgbm_multiclass,zoo_cnn,lightgbm_multiclass - zoo_cnn,100,-0.012422489062085899,0.020814340058131455,0.0020814340058131456,-0.01587848367717106,-0.008966494447000735,-0.019898650489619082,-0.004946327634552715,0.9,3.591832076661254,10000
coverage_game_equal,20,lightgbm_multiclass,set_transformer,lightgbm_multiclass - set_transformer,100,-0.009826091468137314,0.010866070764302491,0.0010866070764302491,-0.011630284247907578,-0.00802189868836705,-0.01372900161998659,-0.005923181316288039,0.9,3.591832076661254,10000
coverage_game_equal,20,zoo_cnn,set_transformer,zoo_cnn - set_transformer,100,0.0025963975939485863,0.02142411106616022,0.002142411106616022,-0.0009608428600292301,0.006153638047926403,-0.0050987833401901755,0.010291578528087347,0.9,3.591832076661254,10000
mean_width_game_equal,20,ridge_sgd_l2,lightgbm_multiclass,ridge_sgd_l2 - lightgbm_multiclass,100,5.576753407557931,0.7132112607974338,0.07132112607974338,5.458332440577952,5.695174374537909,5.320579899161107,5.832926915954754,0.9,3.591832076661254,10000
mean_width_game_equal,20,ridge_sgd_l2,zoo_cnn,ridge_sgd_l2 - zoo_cnn,100,1.000188518309413,8.294750254707811,0.8294750254707811,-0.3770644781192398,2.3774415147380656,-1.979146484965949,3.979523521584775,0.9,3.591832076661254,10000
mean_width_game_equal,20,ridge_sgd_l2,set_transformer,ridge_sgd_l2 - set_transformer,100,4.579302008715166,1.5031900496413932,0.15031900496413933,4.329713662291435,4.828890355138896,4.039381384953168,5.119222632477164,0.9,3.591832076661254,10000
mean_width_game_equal,20,lightgbm_multiclass,zoo_cnn,lightgbm_multiclass - zoo_cnn,100,-4.576564889248518,8.109678482179106,0.8109678482179106,-5.923088732243666,-3.23004104625337,-7.489425219618564,-1.6637045588784716,0.9,3.591832076661254,10000
mean_width_game_equal,20,lightgbm_multiclass,set_transformer,lightgbm_multiclass - set_transformer,100,-0.9974513988427646,1.3578742077940564,0.13578742077940564,-1.2229116314032473,-0.7719911662822817,-1.4851770124053325,-0.5097257852801965,0.9,3.591832076661254,10000
mean_width_game_equal,20,zoo_cnn,set_transformer,zoo_cnn - set_transformer,100,3.579113490405752,8.000401848162326,0.8000401848162326,2.250733843078681,4.907493137732823,0.70550349196481,6.4527234888466936,0.9,3.591832076661254,10000
mean_width_inclusive_game_equal,20,ridge_sgd_l2,lightgbm_multiclass,ridge_sgd_l2 - lightgbm_multiclass,100,5.576753407557931,0.7132112607974339,0.07132112607974339,5.458332440577952,5.695174374537909,5.320579899161107,5.832926915954754,0.9,3.591832076661254,10000
mean_width_inclusive_game_equal,20,ridge_sgd_l2,zoo_cnn,ridge_sgd_l2 - zoo_cnn,100,1.0001885183094135,8.294750254707811,0.8294750254707811,-0.3770644781192394,2.3774415147380665,-1.9791464849659486,3.9795235215847757,0.9,3.591832076661254,10000
mean_width_inclusive_game_equal,20,ridge_sgd_l2,set_transformer,ridge_sgd_l2 - set_transformer,100,4.579302008715166,1.5031900496413932,0.15031900496413933,4.329713662291435,4.828890355138896,4.039381384953168,5.119222632477164,0.9,3.591832076661254,10000
mean_width_inclusive_game_equal,20,lightgbm_multiclass,zoo_cnn,lightgbm_multiclass - zoo_cnn,100,-4.576564889248517,8.109678482179108,0.8109678482179108,-5.923088732243665,-3.230041046253369,-7.489425219618564,-1.6637045588784698,0.9,3.591832076661254,10000
mean_width_inclusive_game_equal,20,lightgbm_multiclass,set_transformer,lightgbm_multiclass - set_transformer,100,-0.9974513988427646,1.3578742077940564,0.13578742077940564,-1.2229116314032473,-0.7719911662822817,-1.4851770124053325,-0.5097257852801965,0.9,3.591832076661254,10000
mean_width_inclusive_game_equal,20,zoo_cnn,set_transformer,zoo_cnn - set_transformer,100,3.579113490405752,8.000401848162326,0.8000401848162326,2.250733843078681,4.907493137732823,0.70550349196481,6.4527234888466936,0.9,3.591832076661254,10000
crps,40,ridge_sgd_l2,lightgbm_multiclass,ridge_sgd_l2 - lightgbm_multiclass,100,0.00021203954249499404,0.00010055072117986204,1.0055072117986204e-05,0.0001953441896771767,0.00022873489531281138,0.00017592341192846899,0.0002481556730615191,0.9,3.591832076661254,10000
crps,40,ridge_sgd_l2,zoo_cnn,ridge_sgd_l2 - zoo_cnn,100,-0.000981277567710058,0.0007370387143444564,7.370387143444564e-05,-0.0011036548240040249,-0.0008589003114160912,-0.0012460094973024169,-0.000716545638117699,0.9,3.591832076661254,10000
crps,40,ridge_sgd_l2,set_transformer,ridge_sgd_l2 - set_transformer,100,0.000594901368063455,0.00014566238514940352,1.4566238514940352e-05,0.000570715714456814,0.0006190870216700961,0.0005425818853291937,0.0006472208507977163,0.9,3.591832076661254,10000
crps,40,lightgbm_multiclass,zoo_cnn,lightgbm_multiclass - zoo_cnn,100,-0.001193317110205052,0.0007387789217079319,7.387789217079319e-05,-0.0013159833089906139,-0.0010706509114194903,-0.0014586740930602284,-0.0009279601273498758,0.9,3.591832076661254,10000
crps,40,lightgbm_multiclass,set_transformer,lightgbm_multiclass - set_transformer,100,0.000382861825568461,0.00012915803397267524,1.2915803397267525e-05,0.0003614165398347838,0.0004043071113021382,0.0003364704286303051,0.0004292532225066169,0.9,3.591832076661254,10000
crps,40,zoo_cnn,set_transformer,zoo_cnn - set_transformer,100,0.001576178935773513,0.0007483939141390985,7.483939141390985e-05,0.0014519162721481633,0.0017004415993988628,0.0013073684090952249,0.0018449894624518012,0.9,3.591832076661254,10000
coverage,40,ridge_sgd_l2,lightgbm_multiclass,ridge_sgd_l2 - lightgbm_multiclass,100,0.023107244929201513,0.005076239269953072,0.0005076239269953071,0.02226439065023589,0.023950099208167135,0.021283945025339018,0.02493054483306401,0.9,3.591832076661254,10000
coverage,40,ridge_sgd_l2,zoo_cnn,ridge_sgd_l2 - zoo_cnn,100,0.016265845996784118,0.012236934142667452,0.0012236934142667451,0.01423403627405938,0.018297655719508858,0.011870544739421694,0.020661147254146542,0.9,3.591832076661254,10000
coverage,40,ridge_sgd_l2,set_transformer,ridge_sgd_l2 - set_transformer,100,0.01772690145447733,0.006301648881934544,0.0006301648881934543,0.016680581247288485,0.018773221661666176,0.015463454995478429,0.01999034791347623,0.9,3.591832076661254,10000
coverage,40,lightgbm_multiclass,zoo_cnn,lightgbm_multiclass - zoo_cnn,100,-0.006841398932417397,0.0124589806358016,0.00124589806358016,-0.00891007705848459,-0.004772720806350205,-0.01131645556143476,-0.0023663423034000356,0.9,3.591832076661254,10000
coverage,40,lightgbm_multiclass,set_transformer,lightgbm_multiclass - set_transformer,100,-0.005380343474724184,0.006439108439736343,0.0006439108439736343,-0.006449487345321442,-0.0043111996041269255,-0.007693163098618703,-0.003067523850829664,0.9,3.591832076661254,10000
coverage,40,zoo_cnn,set_transformer,zoo_cnn - set_transformer,100,0.0014610554576932134,0.012261889595716648,0.0012261889595716648,-0.000574897846385254,0.0034970087617716807,-0.0029432093793441815,0.005865320294730608,0.9,3.591832076661254,10000
mean_width,40,ridge_sgd_l2,lightgbm_multiclass,ridge_sgd_l2 - lightgbm_multiclass,100,6.691653611785667,0.6456277325899278,0.06456277325899278,6.5844541540585055,6.798853069512829,6.459754971835809,6.923552251735525,0.9,3.591832076661254,10000
mean_width,40,ridge_sgd_l2,zoo_cnn,ridge_sgd_l2 - zoo_cnn,100,3.6202040285043076,3.465405161433422,0.3465405161433422,3.044811220298339,4.195596836710276,2.3754886867579037,4.864919370250711,0.9,3.591832076661254,10000
mean_width,40,ridge_sgd_l2,set_transformer,ridge_sgd_l2 - set_transformer,100,5.956853087996,0.9037149613437802,0.09037149613437802,5.806801055058456,6.106905120933545,5.632253849364673,6.281452326627328,0.9,3.591832076661254,10000
mean_width,40,lightgbm_multiclass,zoo_cnn,lightgbm_multiclass - zoo_cnn,100,-3.0714495832813604,3.493121443855237,0.3493121443855237,-3.651444378508414,-2.4914547880543068,-4.3261201482526115,-1.816779018310109,0.9,3.591832076661254,10000
mean_width,40,lightgbm_multiclass,set_transformer,lightgbm_multiclass - set_transformer,100,-0.7348005237896668,0.7982028922584471,0.0798202892258447,-0.8673334260909775,-0.602267621488356,-1.0215015989994345,-0.44809944857989903,0.9,3.591832076661254,10000
mean_width,40,zoo_cnn,set_transformer,zoo_cnn - set_transformer,100,2.3366490594916947,3.513255718633044,0.35132557186330443,1.7533111870872524,2.919986931896137,1.0747466011217193,3.59855151786167,0.9,3.591832076661254,10000
mean_width_inclusive,40,ridge_sgd_l2,lightgbm_multiclass,ridge_sgd_l2 - lightgbm_multiclass,100,6.691653611785667,0.6456277325899276,0.06456277325899276,6.5844541540585055,6.798853069512829,6.459754971835809,6.923552251735525,0.9,3.591832076661254,10000
mean_width_inclusive,40,ridge_sgd_l2,zoo_cnn,ridge_sgd_l2 - zoo_cnn,100,3.6202040285043076,3.4654051614334214,0.34654051614334214,3.0448112202983393,4.195596836710276,2.375488686757904,4.8649193702507105,0.9,3.591832076661254,10000
mean_width_inclusive,40,ridge_sgd_l2,set_transformer,ridge_sgd_l2 - set_transformer,100,5.956853087996,0.9037149613437802,0.09037149613437802,5.806801055058456,6.106905120933545,5.632253849364673,6.281452326627328,0.9,3.591832076661254,10000
mean_width_inclusive,40,lightgbm_multiclass,zoo_cnn,lightgbm_multiclass - zoo_cnn,100,-3.0714495832813604,3.493121443855237,0.3493121443855237,-3.651444378508414,-2.4914547880543068,-4.3261201482526115,-1.816779018310109,0.9,3.591832076661254,10000
mean_width_inclusive,40,lightgbm_multiclass,set_transformer,lightgbm_multiclass - set_transformer,100,-0.7348005237896666,0.798202892258447,0.07982028922584469,-0.8673334260909774,-0.6022676214883559,-1.0215015989994343,-0.448099448579899,0.9,3.591832076661254,10000
mean_width_inclusive,40,zoo_cnn,set_transformer,zoo_cnn - set_transformer,100,2.3366490594916947,3.513255718633044,0.35132557186330443,1.7533111870872524,2.919986931896137,1.0747466011217193,3.59855151786167,0.9,3.591832076661254,10000
mean_q,40,ridge_sgd_l2,lightgbm_multiclass,ridge_sgd_l2 - lightgbm_multiclass,100,-1.6568551586368372,0.17399276592177976,0.017399276592177975,-1.685744763611583,-1.6279655536620914,-1.7193504384113234,-1.594359878862351,0.9,3.591832076661254,10000
mean_q,40,ridge_sgd_l2,zoo_cnn,ridge_sgd_l2 - zoo_cnn,100,-1.4974790728882794,0.7629726882324658,0.07629726882324658,-1.6241623832706489,-1.37079576250591,-1.7715260504092631,-1.2234320953672957,0.9,3.591832076661254,10000
mean_q,40,ridge_sgd_l2,set_transformer,ridge_sgd_l2 - set_transformer,100,-0.020936377601408377,0.2679735336772644,0.02679735336772644,-0.06543046613784347,0.023557710935026715,-0.11718797099723467,0.07531521579441793,0.9,3.591832076661254,10000
mean_q,40,lightgbm_multiclass,zoo_cnn,lightgbm_multiclass - zoo_cnn,100,0.15937608574855738,0.7652846615666145,0.07652846615666145,0.032308897358491157,0.2864432741386236,-0.11550131377062439,0.43425348526773916,0.9,3.591832076661254,10000
mean_q,40,lightgbm_multiclass,set_transformer,lightgbm_multiclass - set_transformer,100,1.6359187810354285,0.2823030685057699,0.02823030685057699,1.5890454292090848,1.6827921328617723,1.5345202593555363,1.7373173027153208,0.9,3.591832076661254,10000
mean_q,40,zoo_cnn,set_transformer,zoo_cnn - set_transformer,100,1.4765426952868714,0.8242147418095955,0.08242147418095955,1.3396908084909236,1.6133945820828193,1.1804986005179936,1.7725867900557493,0.9,3.591832076661254,10000
crps_game_equal,40,ridge_sgd_l2,lightgbm_multiclass,ridge_sgd_l2 - lightgbm_multiclass,100,0.00022163433370038784,9.96325770746184e-05,9.963257707461839e-06,0.00020509142871780008,0.0002381772386829756,0.00018584798507868393,0.00025742068232209174,0.9,3.591832076661254,10000
crps_game_equal,40,ridge_sgd_l2,zoo_cnn,ridge_sgd_l2 - zoo_cnn,100,-0.000995826347034422,0.0007453105818293791,7.45310581829379e-05,-0.0011195770568899598,-0.0008720756371788842,-0.0012635293925234046,-0.0007281233015454395,0.9,3.591832076661254,10000
crps_game_equal,40,ridge_sgd_l2,set_transformer,ridge_sgd_l2 - set_transformer,100,0.000593987254990105,0.00014361967211129362,1.4361967211129361e-05,0.0005701407716497398,0.0006178337383304703,0.0005424014804772134,0.0006455730295029966,0.9,3.591832076661254,10000
crps_game_equal,40,lightgbm_multiclass,zoo_cnn,lightgbm_multiclass - zoo_cnn,100,-0.00121746068073481,0.0007472902804670825,7.472902804670825e-05,-0.00134154009800131,-0.00109338126346831,-0.0014858748007306952,-0.0009490465607389247,0.9,3.591832076661254,10000
crps_game_equal,40,lightgbm_multiclass,set_transformer,lightgbm_multiclass - set_transformer,100,0.00037235292128971704,0.00012808833894884688,1.2808833894884688e-05,0.0003510852467717598,0.00039362059580767426,0.0003263457408414443,0.0004183601017379898,0.9,3.591832076661254,10000
crps_game_equal,40,zoo_cnn,set_transformer,zoo_cnn - set_transformer,100,0.001589813602024527,0.0007582839840983858,7.582839840983857e-05,0.0014639087999298982,0.0017157184041191559,0.0013174507282942196,0.0018621764757548345,0.9,3.591832076661254,10000
coverage_game_equal,40,ridge_sgd_l2,lightgbm_multiclass,ridge_sgd_l2 - lightgbm_multiclass,100,0.022380723064867637,0.0050626450758060534,0.0005062645075806053,0.021540125953875503,0.02322132017585977,0.020562305967264504,0.02419914016247077,0.9,3.591832076661254,10000
coverage_game_equal,40,ridge_sgd_l2,zoo_cnn,ridge_sgd_l2 - zoo_cnn,100,0.015751766509760835,0.012220990036887454,0.0012220990036887454,0.013722604132258866,0.017780928887262803,0.01136219210745584,0.02014134091206583,0.9,3.591832076661254,10000
coverage_game_equal,40,ridge_sgd_l2,set_transformer,ridge_sgd_l2 - set_transformer,100,0.01740871333863671,0.0062723522786043056,0.0006272352278604306,0.01636725751355495,0.01845016916371847,0.015155789727595686,0.019661636949677735,0.9,3.591832076661254,10000
coverage_game_equal,40,lightgbm_multiclass,zoo_cnn,lightgbm_multiclass - zoo_cnn,100,-0.006628956555106806,0.012410623982140781,0.001241062398214078,-0.008689605585166698,-0.0045683075250469145,-0.011086644286150273,-0.002171268824063338,0.9,3.591832076661254,10000
coverage_game_equal,40,lightgbm_multiclass,set_transformer,lightgbm_multiclass - set_transformer,100,-0.004972009726230929,0.006400226634613041,0.0006400226634613041,-0.006034697696292517,-0.003909321756169341,-0.007270863658641411,-0.0026731557938204464,0.9,3.591832076661254,10000
coverage_game_equal,40,zoo_cnn,set_transformer,zoo_cnn - set_transformer,100,0.001656946828875877,0.012255080233042212,0.0012255080233042211,-0.00037787585464631526,0.0036917695123980694,-0.0027448721994339518,0.006058765857185706,0.9,3.591832076661254,10000
mean_width_game_equal,40,ridge_sgd_l2,lightgbm_multiclass,ridge_sgd_l2 - lightgbm_multiclass,100,6.613398430305677,0.6466824573135626,0.06466824573135625,6.5060238470182,6.7207730135931545,6.3811209509463795,6.845675909664975,0.9,3.591832076661254,10000
mean_width_game_equal,40,ridge_sgd_l2,zoo_cnn,ridge_sgd_l2 - zoo_cnn,100,3.541313282485005,3.4615131403986985,0.3461513140398699,2.966566702009545,4.116059862960465,2.297995889338157,4.784630675631853,0.9,3.591832076661254,10000
mean_width_game_equal,40,ridge_sgd_l2,set_transformer,ridge_sgd_l2 - set_transformer,100,5.896751587844156,0.9024527587292288,0.09024527587292289,5.746909129912441,6.04659404577587,5.572605711196648,6.220897464491664,0.9,3.591832076661254,10000
mean_width_game_equal,40,lightgbm_multiclass,zoo_cnn,lightgbm_multiclass - zoo_cnn,100,-3.072085147820672,3.4950143846117094,0.34950143846117093,-3.6523942452568168,-2.4917760503845274,-4.327435625324755,-1.816734670316589,0.9,3.591832076661254,10000
mean_width_game_equal,40,lightgbm_multiclass,set_transformer,lightgbm_multiclass - set_transformer,100,-0.7166468424615231,0.7965294162080331,0.0796529416208033,-0.8489018822794425,-0.5843918026436037,-1.0027468331755507,-0.4305468517474956,0.9,3.591832076661254,10000
mean_width_game_equal,40,zoo_cnn,set_transformer,zoo_cnn - set_transformer,100,2.3554383053591494,3.5118561082188626,0.35118561082188626,1.7723328230300648,2.938543787688234,1.0940385635472227,3.6168380471710764,0.9,3.591832076661254,10000
mean_width_inclusive_game_equal,40,ridge_sgd_l2,lightgbm_multiclass,ridge_sgd_l2 - lightgbm_multiclass,100,6.613398430305677,0.6466824573135623,0.06466824573135624,6.5060238470182,6.7207730135931545,6.3811209509463795,6.845675909664975,0.9,3.591832076661254,10000
mean_width_inclusive_game_equal,40,ridge_sgd_l2,zoo_cnn,ridge_sgd_l2 - zoo_cnn,100,3.541313282485005,3.461513140398698,0.3461513140398698,2.966566702009545,4.116059862960465,2.297995889338157,4.784630675631853,0.9,3.591832076661254,10000
mean_width_inclusive_game_equal,40,ridge_sgd_l2,set_transformer,ridge_sgd_l2 - set_transformer,100,5.896751587844156,0.9024527587292289,0.09024527587292289,5.746909129912441,6.04659404577587,5.572605711196648,6.220897464491664,0.9,3.591832076661254,10000
mean_width_inclusive_game_equal,40,lightgbm_multiclass,zoo_cnn,lightgbm_multiclass - zoo_cnn,100,-3.072085147820672,3.4950143846117094,0.34950143846117093,-3.6523942452568168,-2.4917760503845274,-4.327435625324755,-1.816734670316589,0.9,3.591832076661254,10000
mean_width_inclusive_game_equal,40,lightgbm_multiclass,set_transformer,lightgbm_multiclass - set_transformer,100,-0.7166468424615232,0.7965294162080327,0.07965294162080327,-0.8489018822794426,-0.5843918026436038,-1.0027468331755507,-0.43054685174749574,0.9,3.591832076661254,10000
mean_width_inclusive_game_equal,40,zoo_cnn,set_transformer,zoo_cnn - set_transformer,100,2.3554383053591494,3.5118561082188626,0.35118561082188626,1.7723328230300648,2.938543787688234,1.0940385635472227,3.6168380471710764,0.9,3.591832076661254,10000
crps,80,ridge_sgd_l2,lightgbm_multiclass,ridge_sgd_l2 - lightgbm_multiclass,100,0.00039960589332249197,9.02232179762486e-05,9.02232179762486e-06,0.00038462531000297634,0.0004145864766420076,0.00036719922848382297,0.00043201255816116096,0.9,3.591832076661254,10000
crps,80,ridge_sgd_l2,zoo_cnn,ridge_sgd_l2 - zoo_cnn,100,5.886318319057049e-06,0.0005471084515483876,5.4710845154838756e-05,-8.495508511425224e-05,9.672772175236633e-05,-0.00019062585024933975,0.00020239848688745384,0.9,3.591832076661254,10000
crps,80,ridge_sgd_l2,set_transformer,ridge_sgd_l2 - set_transformer,100,0.0009213569522390977,0.00011664206234136993,1.1664206234136992e-05,0.0009019898073659784,0.000940724097112217,0.0008794610821385323,0.0009632528223396631,0.9,3.591832076661254,10000
crps,80,lightgbm_multiclass,zoo_cnn,lightgbm_multiclass - zoo_cnn,100,-0.0003937195750034349,0.0005301939891897002,5.3019398918970016e-05,-0.0004817525160658295,-0.0003056866339410403,-0.0005841563527258904,-0.00020328279728097938,0.9,3.591832076661254,10000
crps,80,lightgbm_multiclass,set_transformer,lightgbm_multiclass - set_transformer,100,0.000521751058916606,0.000123680190581663,1.23680190581663e-05,0.000501215309454977,0.0005422868083782349,0.0004773272113387265,0.0005661749064944854,0.9,3.591832076661254,10000
crps,80,zoo_cnn,set_transformer,zoo_cnn - set_transformer,100,0.0009154706339200409,0.0005442112667577679,5.442112667577679e-05,0.0008251102764871008,0.001005830991352981,0.0007199990854779403,0.0011109421823621414,0.9,3.591832076661254,10000
coverage,80,ridge_sgd_l2,lightgbm_multiclass,ridge_sgd_l2 - lightgbm_multiclass,100,0.024107023851742265,0.0047360431483601025,0.00047360431483601026,0.023320655435937067,0.024893392267547464,0.022405916682069107,0.025808131021415423,0.9,3.591832076661254,10000
coverage,80,ridge_sgd_l2,zoo_cnn,ridge_sgd_l2 - zoo_cnn,100,0.017817354665590278,0.006797150605079658,0.0006797150605079658,0.0166887617905113,0.018945947540669257,0.01537593230826802,0.020258777022912535,0.9,3.591832076661254,10000
coverage,80,ridge_sgd_l2,set_transformer,ridge_sgd_l2 - set_transformer,100,0.017023016658949397,0.006658853817891651,0.0006658853817891651,0.01591738646010567,0.018128646857793123,0.014631268185259248,0.019414765132639546,0.9,3.591832076661254,10000
coverage,80,lightgbm_multiclass,zoo_cnn,lightgbm_multiclass - zoo_cnn,100,-0.0062896691861519805,0.007018102030121319,0.0007018102030121318,-0.007454948640435813,-0.005124389731868148,-0.008810453585059101,-0.003768884787244859,0.9,3.591832076661254,10000
coverage,80,lightgbm_multiclass,set_transformer,lightgbm_multiclass - set_transformer,100,-0.00708400719279286,0.007599299979846385,0.0007599299979846385,-0.008345788240638563,-0.0058222261449471565,-0.009813548135571205,-0.004354466250014513,0.9,3.591832076661254,10000
coverage,80,zoo_cnn,set_transformer,zoo_cnn - set_transformer,100,-0.0007943380066408789,0.009085796848454869,0.0009085796848454869,-0.00230293567989503,0.0007142596666132718,-0.004057803662871672,0.0024691276495899138,0.9,3.591832076661254,10000
mean_width,80,ridge_sgd_l2,lightgbm_multiclass,ridge_sgd_l2 - lightgbm_multiclass,100,7.3983955264596455,0.5668145680183192,0.05668145680183192,7.304282136875725,7.492508916043566,7.194805251766937,7.601985801152354,0.9,3.591832076661254,10000
mean_width,80,ridge_sgd_l2,zoo_cnn,ridge_sgd_l2 - zoo_cnn,100,5.0833920016335625,1.4378712450801667,0.14378712450801667,4.844649131751337,5.322134871515788,4.5669327956147825,5.599851207652343,0.9,3.591832076661254,10000
mean_width,80,ridge_sgd_l2,set_transformer,ridge_sgd_l2 - set_transformer,100,6.388536978853481,0.7679172556084365,0.07679172556084365,6.261032676876972,6.51604128082999,6.112713995761875,6.664359961945087,0.9,3.591832076661254,10000
mean_width,80,lightgbm_multiclass,zoo_cnn,lightgbm_multiclass - zoo_cnn,100,-2.3150035248260834,1.3548427400274377,0.13548427400274377,-2.539960415159622,-2.090046634492545,-2.801640286072301,-1.828366763579866,0.9,3.591832076661254,10000
mean_width,80,lightgbm_multiclass,set_transformer,lightgbm_multiclass - set_transformer,100,-1.0098585476061652,0.6977123309034433,0.06977123309034433,-1.1257060859737729,-0.8940110092385575,-1.2604651006482732,-0.7592519945640573,0.9,3.591832076661254,10000
mean_width,80,zoo_cnn,set_transformer,zoo_cnn - set_transformer,100,1.3051449772199184,1.475254826704659,0.1475254826704659,1.060194970506739,1.5500949839330977,0.7752582164392051,1.8350317380006316,0.9,3.591832076661254,10000
mean_width_inclusive,80,ridge_sgd_l2,lightgbm_multiclass,ridge_sgd_l2 - lightgbm_multiclass,100,7.3983955264596455,0.5668145680183192,0.05668145680183192,7.304282136875725,7.492508916043566,7.194805251766937,7.601985801152354,0.9,3.591832076661254,10000
mean_width_inclusive,80,ridge_sgd_l2,zoo_cnn,ridge_sgd_l2 - zoo_cnn,100,5.0833920016335625,1.4378712450801665,0.14378712450801664,4.844649131751338,5.322134871515787,4.5669327956147825,5.599851207652343,0.9,3.591832076661254,10000
mean_width_inclusive,80,ridge_sgd_l2,set_transformer,ridge_sgd_l2 - set_transformer,100,6.388536978853481,0.7679172556084365,0.07679172556084365,6.261032676876972,6.51604128082999,6.112713995761875,6.664359961945087,0.9,3.591832076661254,10000
mean_width_inclusive,80,lightgbm_multiclass,zoo_cnn,lightgbm_multiclass - zoo_cnn,100,-2.3150035248260834,1.3548427400274377,0.13548427400274377,-2.539960415159622,-2.090046634492545,-2.801640286072301,-1.828366763579866,0.9,3.591832076661254,10000
mean_width_inclusive,80,lightgbm_multiclass,set_transformer,lightgbm_multiclass - set_transformer,100,-1.0098585476061657,0.6977123309034435,0.06977123309034436,-1.1257060859737735,-0.8940110092385579,-1.2604651006482737,-0.7592519945640577,0.9,3.591832076661254,10000
mean_width_inclusive,80,zoo_cnn,set_transformer,zoo_cnn - set_transformer,100,1.305144977219918,1.475254826704659,0.1475254826704659,1.0601949705067386,1.5500949839330973,0.7752582164392047,1.8350317380006311,0.9,3.591832076661254,10000
mean_q,80,ridge_sgd_l2,lightgbm_multiclass,ridge_sgd_l2 - lightgbm_multiclass,100,-1.9329718555333866,0.16057550402657936,0.016057550402657935,-1.959633670209257,-1.9063100408575162,-1.9906478801422582,-1.875295830924515,0.9,3.591832076661254,10000
mean_q,80,ridge_sgd_l2,zoo_cnn,ridge_sgd_l2 - zoo_cnn,100,-0.540019476604041,0.4528409292884624,0.04528409292884624,-0.6152087840113488,-0.4648301691967332,-0.70267233414838,-0.37736661905970204,0.9,3.591832076661254,10000
mean_q,80,ridge_sgd_l2,set_transformer,ridge_sgd_l2 - set_transformer,100,0.07795435566311727,0.18213540039557058,0.01821354003955706,0.04771275486167539,0.10819595646455915,0.012534378319482148,0.1433743330067524,0.9,3.591832076661254,10000
mean_q,80,lightgbm_multiclass,zoo_cnn,lightgbm_multiclass - zoo_cnn,100,1.3929523789293452,0.4827478894434318,0.04827478894434318,1.312797346307571,1.4731074115511194,1.2195574435050014,1.566347314353689,0.9,3.591832076661254,10000
mean_q,80,lightgbm_multiclass,set_transformer,lightgbm_multiclass - set_transformer,100,2.0109262111965034,0.21589158213413098,0.021589158213413097,1.9750797638331008,2.046772658559906,1.9333815802174514,2.088470842175555,0.9,3.591832076661254,10000
mean_q,80,zoo_cnn,set_transformer,zoo_cnn - set_transformer,100,0.6179738322671582,0.4664784044552634,0.04664784044552634,0.5405201705441146,0.6954274939902018,0.4504226226479405,0.785525041886376,0.9,3.591832076661254,10000
crps_game_equal,80,ridge_sgd_l2,lightgbm_multiclass,ridge_sgd_l2 - lightgbm_multiclass,100,0.000410526984483042,8.925141094796426e-05,8.925141094796427e-06,0.0003957077591430382,0.00042534620982304577,0.00037846937641002466,0.00044258459255605933,0.9,3.591832076661254,10000
crps_game_equal,80,ridge_sgd_l2,zoo_cnn,ridge_sgd_l2 - zoo_cnn,100,-3.380743651893014e-06,0.0005469486841686795,5.469486841686795e-05,-9.419561945077358e-05,8.743413214698754e-05,-0.00019983552646036585,0.00019307403915657984,0.9,3.591832076661254,10000
crps_game_equal,80,ridge_sgd_l2,set_transformer,ridge_sgd_l2 - set_transformer,100,0.0009177053601096041,0.00011650216715809035,1.1650216715809036e-05,0.0008983614433089935,0.0009370492769102147,0.0008758597380097061,0.0009595509822095022,0.9,3.591832076661254,10000
crps_game_equal,80,lightgbm_multiclass,zoo_cnn,lightgbm_multiclass - zoo_cnn,100,-0.00041390772813493503,0.0005301753202536832,5.301753202536832e-05,-0.0005019375694237042,-0.0003258778868461659,-0.0006043378002890682,-0.0002234776559808018,0.9,3.591832076661254,10000
crps_game_equal,80,lightgbm_multiclass,set_transformer,lightgbm_multiclass - set_transformer,100,0.000507178375626562,0.0001244737959471114,1.2447379594711139e-05,0.0004865108566319173,0.0005278458946212067,0.0004624694783278998,0.0005518872729252242,0.9,3.591832076661254,10000
crps_game_equal,80,zoo_cnn,set_transformer,zoo_cnn - set_transformer,100,0.000921086103761497,0.0005456076999756172,5.456076999756172e-05,0.0008304938837920684,0.0010116783237309255,0.0007251129799569179,0.0011170592275660761,0.9,3.591832076661254,10000
coverage_game_equal,80,ridge_sgd_l2,lightgbm_multiclass,ridge_sgd_l2 - lightgbm_multiclass,100,0.02332654315923274,0.0047293146969107505,0.00047293146969107504,0.022541291929555562,0.024111794388909917,0.02162785273633379,0.02502523358213169,0.9,3.591832076661254,10000
coverage_game_equal,80,ridge_sgd_l2,zoo_cnn,ridge_sgd_l2 - zoo_cnn,100,0.017328097493264284,0.006844465779446677,0.0006844465779446676,0.016191648448478865,0.018464546538049704,0.0148696803198416,0.019786514666686968,0.9,3.591832076661254,10000
coverage_game_equal,80,ridge_sgd_l2,set_transformer,ridge_sgd_l2 - set_transformer,100,0.01668802411523659,0.0066395454648649705,0.000663954546486497,0.015585599858253139,0.01779044837222004,0.014303210877721314,0.019072837352751865,0.9,3.591832076661254,10000
coverage_game_equal,80,lightgbm_multiclass,zoo_cnn,lightgbm_multiclass - zoo_cnn,100,-0.005998445665968457,0.007101416529420649,0.0007101416529420649,-0.007177558586032749,-0.004819332745904166,-0.008549155233979009,-0.003447736097957905,0.9,3.591832076661254,10000
coverage_game_equal,80,lightgbm_multiclass,set_transformer,lightgbm_multiclass - set_transformer,100,-0.006638519043996152,0.007668096329325263,0.0007668096329325263,-0.007911722976865954,-0.00536531511112635,-0.009392770480256041,-0.003884267607736262,0.9,3.591832076661254,10000
coverage_game_equal,80,zoo_cnn,set_transformer,zoo_cnn - set_transformer,100,-0.0006400733780276946,0.00916060009302451,0.000916060009302451,-0.002161091315854326,0.0008809445597989371,-0.003930407103586844,0.0026502603475314556,0.9,3.591832076661254,10000
mean_width_game_equal,80,ridge_sgd_l2,lightgbm_multiclass,ridge_sgd_l2 - lightgbm_multiclass,100,7.323438175837123,0.5658717630423041,0.056587176304230415,7.229481328757605,7.417395022916641,7.120186540859903,7.526689810814343,0.9,3.591832076661254,10000
mean_width_game_equal,80,ridge_sgd_l2,zoo_cnn,ridge_sgd_l2 - zoo_cnn,100,4.9996928439837145,1.4425215518002525,0.14425215518002527,4.76017784128641,5.239207846681019,4.4815633258805825,5.5178223620868465,0.9,3.591832076661254,10000
mean_width_game_equal,80,ridge_sgd_l2,set_transformer,ridge_sgd_l2 - set_transformer,100,6.321338350579383,0.7694034415900011,0.07694034415900011,6.193587283596876,6.449089417561891,6.0449815544397305,6.597695146719036,0.9,3.591832076661254,10000
mean_width_game_equal,80,lightgbm_multiclass,zoo_cnn,lightgbm_multiclass - zoo_cnn,100,-2.3237453318534063,1.3594533319888478,0.13594533319888477,-2.5494677607986174,-2.098022902908195,-2.8120381403095625,-1.8354525233972498,0.9,3.591832076661254,10000
mean_width_game_equal,80,lightgbm_multiclass,set_transformer,lightgbm_multiclass - set_transformer,100,-1.0020998252577378,0.6970946626667548,0.06970946626667548,-1.1178448065375906,-0.8863548439778851,-1.2524845222413183,-0.7517151282741572,0.9,3.591832076661254,10000
mean_width_game_equal,80,zoo_cnn,set_transformer,zoo_cnn - set_transformer,100,1.3216455065956692,1.4781601535187834,0.14781601535187833,1.0762131019877388,1.5670779112035995,0.7907152012105402,1.852575811980798,0.9,3.591832076661254,10000
mean_width_inclusive_game_equal,80,ridge_sgd_l2,lightgbm_multiclass,ridge_sgd_l2 - lightgbm_multiclass,100,7.323438175837122,0.565871763042304,0.0565871763042304,7.229481328757604,7.41739502291664,7.120186540859902,7.526689810814342,0.9,3.591832076661254,10000
mean_width_inclusive_game_equal,80,ridge_sgd_l2,zoo_cnn,ridge_sgd_l2 - zoo_cnn,100,4.9996928439837145,1.4425215518002523,0.14425215518002524,4.76017784128641,5.239207846681019,4.481563325880583,5.517822362086846,0.9,3.591832076661254,10000
mean_width_inclusive_game_equal,80,ridge_sgd_l2,set_transformer,ridge_sgd_l2 - set_transformer,100,6.321338350579384,0.769403441590001,0.0769403441590001,6.193587283596877,6.449089417561892,6.044981554439731,6.597695146719037,0.9,3.591832076661254,10000
mean_width_inclusive_game_equal,80,lightgbm_multiclass,zoo_cnn,lightgbm_multiclass - zoo_cnn,100,-2.3237453318534063,1.3594533319888478,0.13594533319888477,-2.5494677607986174,-2.098022902908195,-2.8120381403095625,-1.8354525233972498,0.9,3.591832076661254,10000
mean_width_inclusive_game_equal,80,lightgbm_multiclass,set_transformer,lightgbm_multiclass - set_transformer,100,-1.0020998252577373,0.6970946626667547,0.06970946626667547,-1.11784480653759,-0.8863548439778847,-1.252484522241318,-0.7517151282741568,0.9,3.591832076661254,10000
mean_width_inclusive_game_equal,80,zoo_cnn,set_transformer,zoo_cnn - set_transformer,100,1.3216455065956685,1.4781601535187832,0.14781601535187833,1.0762131019877381,1.5670779112035989,0.7907152012105395,1.8525758119807976,0.9,3.591832076661254,10000
crps,160,ridge_sgd_l2,lightgbm_multiclass,ridge_sgd_l2 - lightgbm_multiclass,100,0.000622442554301463,7.165840249668986e-05,7.1658402496689865e-06,0.000610544456525482,0.000634340652077444,0.0005967040594364716,0.0006481810491664544,0.9,3.591832076661254,10000
crps,160,ridge_sgd_l2,zoo_cnn,ridge_sgd_l2 - zoo_cnn,100,0.000723262049981166,0.000449725129395032,4.49725129395032e-05,0.0006485900872325553,0.0007979340127297768,0.0005617283354369952,0.0008847957645253369,0.9,3.591832076661254,10000
crps,160,ridge_sgd_l2,set_transformer,ridge_sgd_l2 - set_transformer,100,0.001353846310548631,0.00013944010982873837,1.3944010982873837e-05,0.0013306937980332636,0.0013769988230639984,0.001303761764623028,0.001403930856474234,0.9,3.591832076661254,10000
crps,160,lightgbm_multiclass,zoo_cnn,lightgbm_multiclass - zoo_cnn,100,0.00010081949567970297,0.0004515933312393555,4.5159333123935554e-05,2.5837338349095245e-05,0.0001758016530103107,-6.138524559547981e-05,0.0002630242369548858,0.9,3.591832076661254,10000
crps,160,lightgbm_multiclass,set_transformer,lightgbm_multiclass - set_transformer,100,0.0007314037562471679,0.00014537363539043207,1.4537363539043207e-05,0.0007072660463951367,0.0007555414660991991,0.0006791879875775468,0.000783619524916789,0.9,3.591832076661254,10000
crps,160,zoo_cnn,set_transformer,zoo_cnn - set_transformer,100,0.000630584260567465,0.00047383347080979447,4.7383347080979446e-05,0.0005519093701317232,0.0007092591510032067,0.0004603912346224296,0.0008007772865125003,0.9,3.591832076661254,10000
coverage,160,ridge_sgd_l2,lightgbm_multiclass,ridge_sgd_l2 - lightgbm_multiclass,100,0.02413149946103984,0.004388082060059536,0.0004388082060059536,0.023402906196599873,0.024860092725479805,0.022555374071205475,0.025707624850874203,0.9,3.591832076661254,10000
coverage,160,ridge_sgd_l2,zoo_cnn,ridge_sgd_l2 - zoo_cnn,100,0.019638468657700466,0.007476930434670213,0.0007476930434670212,0.0183970057409124,0.020879931574488534,0.01695288080067914,0.02232405651472179,0.9,3.591832076661254,10000
coverage,160,ridge_sgd_l2,set_transformer,ridge_sgd_l2 - set_transformer,100,0.014132836696981937,0.00775603008804422,0.000775603008804422,0.012845032320582907,0.015420641073380967,0.011347000931203232,0.01691867246276064,0.9,3.591832076661254,10000
coverage,160,lightgbm_multiclass,zoo_cnn,lightgbm_multiclass - zoo_cnn,100,-0.004493030803339372,0.007452238226301858,0.0007452238226301858,-0.005730393847687707,-0.003255667758991037,-0.00716974963375459,-0.0018163119729241537,0.9,3.591832076661254,10000
coverage,160,lightgbm_multiclass,set_transformer,lightgbm_multiclass - set_transformer,100,-0.0099986627640579,0.007900556036623358,0.0007900556036623358,-0.011310464101140508,-0.008686861426975293,-0.012836409823638248,-0.007160915704477552,0.9,3.591832076661254,10000
coverage,160,zoo_cnn,set_transformer,zoo_cnn - set_transformer,100,-0.005505631960718529,0.00866027865367853,0.000866027865367853,-0.006943576969239584,-0.004067686952197473,-0.008616258626829257,-0.0023950052946078004,0.9,3.591832076661254,10000
mean_width,160,ridge_sgd_l2,lightgbm_multiclass,ridge_sgd_l2 - lightgbm_multiclass,100,7.783362133921412,0.4771305836410191,0.04771305836410191,7.704139793787135,7.862584474055689,7.61198484041362,7.954739427429204,0.9,3.591832076661254,10000
mean_width,160,ridge_sgd_l2,zoo_cnn,ridge_sgd_l2 - zoo_cnn,100,6.702481633257398,1.2820314179212624,0.12820314179212625,6.48961427045216,6.915348996062637,6.241997476239688,7.162965790275108,0.9,3.591832076661254,10000
mean_width,160,ridge_sgd_l2,set_transformer,ridge_sgd_l2 - set_transformer,100,6.887336331771377,0.8963738485257059,0.08963738485257058,6.738503210713677,7.036169452829077,6.565373897589884,7.20929876595287,0.9,3.591832076661254,10000
mean_width,160,lightgbm_multiclass,zoo_cnn,lightgbm_multiclass - zoo_cnn,100,-1.080880500664014,1.2087871365379312,0.12087871365379313,-1.2815864477654824,-0.8801745535625458,-1.515056541751259,-0.6467044595767693,0.9,3.591832076661254,10000
mean_width,160,lightgbm_multiclass,set_transformer,lightgbm_multiclass - set_transformer,100,-0.8960258021500351,0.8276432691659092,0.08276432691659093,-1.0334469585960417,-0.7586046457040286,-1.1933013663723249,-0.5987502379277454,0.9,3.591832076661254,10000
mean_width,160,zoo_cnn,set_transformer,zoo_cnn - set_transformer,100,0.1848546985139786,1.4822950867813787,0.14822950867813786,-0.061264266755945235,0.43097366378390245,-0.3475608054638947,0.7172702024918519,0.9,3.591832076661254,10000
mean_width_inclusive,160,ridge_sgd_l2,lightgbm_multiclass,ridge_sgd_l2 - lightgbm_multiclass,100,7.783362133921412,0.4771305836410191,0.04771305836410191,7.704139793787135,7.862584474055689,7.61198484041362,7.954739427429204,0.9,3.591832076661254,10000
mean_width_inclusive,160,ridge_sgd_l2,zoo_cnn,ridge_sgd_l2 - zoo_cnn,100,6.702481633257398,1.2820314179212624,0.12820314179212625,6.48961427045216,6.915348996062637,6.241997476239688,7.162965790275108,0.9,3.591832076661254,10000
mean_width_inclusive,160,ridge_sgd_l2,set_transformer,ridge_sgd_l2 - set_transformer,100,6.887336331771376,0.8963738485257059,0.08963738485257058,6.738503210713676,7.036169452829076,6.565373897589883,7.209298765952869,0.9,3.591832076661254,10000
mean_width_inclusive,160,lightgbm_multiclass,zoo_cnn,lightgbm_multiclass - zoo_cnn,100,-1.080880500664014,1.2087871365379312,0.12087871365379313,-1.2815864477654824,-0.8801745535625458,-1.515056541751259,-0.6467044595767693,0.9,3.591832076661254,10000
mean_width_inclusive,160,lightgbm_multiclass,set_transformer,lightgbm_multiclass - set_transformer,100,-0.8960258021500351,0.8276432691659091,0.08276432691659091,-1.0334469585960417,-0.7586046457040286,-1.1933013663723249,-0.5987502379277454,0.9,3.591832076661254,10000
mean_width_inclusive,160,zoo_cnn,set_transformer,zoo_cnn - set_transformer,100,0.18485469851397873,1.4822950867813787,0.14822950867813786,-0.061264266755945096,0.43097366378390256,-0.34756080546389456,0.717270202491852,0.9,3.591832076661254,10000
mean_q,160,ridge_sgd_l2,lightgbm_multiclass,ridge_sgd_l2 - lightgbm_multiclass,100,-1.7019137001968867,0.1513844123348978,0.01513844123348978,-1.727049434136856,-1.6767779662569173,-1.7562884390099867,-1.6475389613837867,0.9,3.591832076661254,10000
mean_q,160,ridge_sgd_l2,zoo_cnn,ridge_sgd_l2 - zoo_cnn,100,-0.3082879966848069,0.4246827794370078,0.042468277943700776,-0.37880194979379905,-0.23777404357581472,-0.46082691964355693,-0.1557490737260568,0.9,3.591832076661254,10000
mean_q,160,ridge_sgd_l2,set_transformer,ridge_sgd_l2 - set_transformer,100,0.09875930391014083,0.21560698517778995,0.021560698517778996,0.06296011077367195,0.13455849704660972,0.021316895378759484,0.17620171244152216,0.9,3.591832076661254,10000
mean_q,160,lightgbm_multiclass,zoo_cnn,lightgbm_multiclass - zoo_cnn,100,1.3936257035120798,0.43360750670001685,0.04336075067000168,1.3216298965813513,1.4656215104428083,1.2378811683874569,1.5493702386367028,0.9,3.591832076661254,10000
mean_q,160,lightgbm_multiclass,set_transformer,lightgbm_multiclass - set_transformer,100,1.8006730041070276,0.24273399142446508,0.024273399142446507,1.760369666844439,1.840976341369616,1.7134870304575864,1.8878589777564687,0.9,3.591832076661254,10000
mean_q,160,zoo_cnn,set_transformer,zoo_cnn - set_transformer,100,0.40704730059494765,0.46628769793574115,0.04662876979357412,0.329625303613745,0.4844692975761503,0.23956458955513477,0.5745300116347605,0.9,3.591832076661254,10000
crps_game_equal,160,ridge_sgd_l2,lightgbm_multiclass,ridge_sgd_l2 - lightgbm_multiclass,100,0.0006326518125595631,7.010241161153275e-05,7.010241161153276e-06,0.0006210120701340379,0.0006442915549850882,0.0006074722034918017,0.0006578314216273244,0.9,3.591832076661254,10000
crps_game_equal,160,ridge_sgd_l2,zoo_cnn,ridge_sgd_l2 - zoo_cnn,100,0.000714039567793983,0.000456554327042957,4.56554327042957e-05,0.0006382336911076416,0.0007898454444803245,0.0005500529201328445,0.0008780262154551216,0.9,3.591832076661254,10000
crps_game_equal,160,ridge_sgd_l2,set_transformer,ridge_sgd_l2 - set_transformer,100,0.0013491583325466899,0.00013894379954016385,1.3894379954016386e-05,0.0013260882269527012,0.0013722284381406785,0.0012992520529425348,0.001399064612150845,0.9,3.591832076661254,10000
crps_game_equal,160,lightgbm_multiclass,zoo_cnn,lightgbm_multiclass - zoo_cnn,100,8.138775523441999e-05,0.00045956057386577757,4.5956057386577754e-05,5.0827239843370025e-06,0.00015769278648450298,-8.367868580357534e-05,0.0002464541962724153,0.9,3.591832076661254,10000
crps_game_equal,160,lightgbm_multiclass,set_transformer,lightgbm_multiclass - set_transformer,100,0.0007165065199871268,0.00014578668897818474,1.4578668897818474e-05,0.0006923002270826891,0.0007407128128915645,0.0006641423894049186,0.000768870650569335,0.9,3.591832076661254,10000
crps_game_equal,160,zoo_cnn,set_transformer,zoo_cnn - set_transformer,100,0.000635118764752707,0.0004821490006310908,4.821490006310908e-05,0.0005550631710996776,0.0007151743584057364,0.000461938940133015,0.0008082985893723989,0.9,3.591832076661254,10000
coverage_game_equal,160,ridge_sgd_l2,lightgbm_multiclass,ridge_sgd_l2 - lightgbm_multiclass,100,0.02333699047161786,0.004400588610884654,0.0004400588610884654,0.022606320630539665,0.024067660312696058,0.021756372938741293,0.02491760800449443,0.9,3.591832076661254,10000
coverage_game_equal,160,ridge_sgd_l2,zoo_cnn,ridge_sgd_l2 - zoo_cnn,100,0.01905317492005877,0.007515402703578508,0.0007515402703578508,0.01780532410176598,0.020301025738351564,0.01635376847008477,0.021752581370032772,0.9,3.591832076661254,10000
coverage_game_equal,160,ridge_sgd_l2,set_transformer,ridge_sgd_l2 - set_transformer,100,0.013680754415556703,0.007781917018988946,0.0007781917018988946,0.012388651796037969,0.014972857035075438,0.01088562049888464,0.016475888332228766,0.9,3.591832076661254,10000
coverage_game_equal,160,lightgbm_multiclass,zoo_cnn,lightgbm_multiclass - zoo_cnn,100,-0.004283815551559086,0.007405532275700121,0.0007405532275700121,-0.005513423581176171,-0.003054207521942,-0.006943758388820076,-0.0016238727142980948,0.9,3.591832076661254,10000
coverage_game_equal,160,lightgbm_multiclass,set_transformer,lightgbm_multiclass - set_transformer,100,-0.00965623605606116,0.007872944633971292,0.0007872944633971292,-0.010963452820266895,-0.008349019291855424,-0.012484065563468778,-0.006828406548653541,0.9,3.591832076661254,10000
coverage_game_equal,160,zoo_cnn,set_transformer,zoo_cnn - set_transformer,100,-0.005372420504502073,0.008566716523197678,0.0008566716523197678,-0.0067948305396242775,-0.003950010469379869,-0.008449441224470612,-0.0022953997845335337,0.9,3.591832076661254,10000
mean_width_game_equal,160,ridge_sgd_l2,lightgbm_multiclass,ridge_sgd_l2 - lightgbm_multiclass,100,7.707727264229687,0.4751057170721436,0.04751057170721436,7.628841131149717,7.786613397309657,7.5370772687912,7.8783772596681745,0.9,3.591832076661254,10000
mean_width_game_equal,160,ridge_sgd_l2,zoo_cnn,ridge_sgd_l2 - zoo_cnn,100,6.618201449802473,1.2914828422245088,0.1291482842224509,6.403764780864747,6.832638118740198,6.154322499886509,7.0820803997184365,0.9,3.591832076661254,10000
mean_width_game_equal,160,ridge_sgd_l2,set_transformer,ridge_sgd_l2 - set_transformer,100,6.814672825404402,0.8933566618802702,0.08933566618802702,6.666340675348915,6.963004975459888,6.493794114000344,7.135551536808459,0.9,3.591832076661254,10000
mean_width_game_equal,160,lightgbm_multiclass,zoo_cnn,lightgbm_multiclass - zoo_cnn,100,-1.0895258144272153,1.2149941987031365,0.12149941987031365,-1.2912623766410791,-0.8877892522133515,-1.5259313280131417,-0.6531203008412889,0.9,3.591832076661254,10000
mean_width_game_equal,160,lightgbm_multiclass,set_transformer,lightgbm_multiclass - set_transformer,100,-0.8930544388252851,0.8277979470354574,0.08277979470354574,-1.0305012778479545,-0.7556075998026157,-1.1903855607409142,-0.5957233169096562,0.9,3.591832076661254,10000
mean_width_game_equal,160,zoo_cnn,set_transformer,zoo_cnn - set_transformer,100,0.19647137560193023,1.4874159874044215,0.14874159874044215,-0.050497859478527835,0.44344061068238827,-0.33778346988786706,0.7307262210917276,0.9,3.591832076661254,10000
mean_width_inclusive_game_equal,160,ridge_sgd_l2,lightgbm_multiclass,ridge_sgd_l2 - lightgbm_multiclass,100,7.707727264229686,0.4751057170721437,0.04751057170721437,7.628841131149716,7.786613397309656,7.537077268791199,7.878377259668174,0.9,3.591832076661254,10000
mean_width_inclusive_game_equal,160,ridge_sgd_l2,zoo_cnn,ridge_sgd_l2 - zoo_cnn,100,6.618201449802473,1.2914828422245088,0.1291482842224509,6.403764780864747,6.832638118740198,6.154322499886509,7.0820803997184365,0.9,3.591832076661254,10000
mean_width_inclusive_game_equal,160,ridge_sgd_l2,set_transformer,ridge_sgd_l2 - set_transformer,100,6.814672825404402,0.8933566618802703,0.08933566618802703,6.666340675348915,6.963004975459888,6.493794114000344,7.135551536808459,0.9,3.591832076661254,10000
mean_width_inclusive_game_equal,160,lightgbm_multiclass,zoo_cnn,lightgbm_multiclass - zoo_cnn,100,-1.0895258144272155,1.2149941987031365,0.12149941987031365,-1.2912623766410793,-0.8877892522133517,-1.525931328013142,-0.6531203008412891,0.9,3.591832076661254,10000
mean_width_inclusive_game_equal,160,lightgbm_multiclass,set_transformer,lightgbm_multiclass - set_transformer,100,-0.8930544388252848,0.8277979470354575,0.08277979470354575,-1.0305012778479543,-0.7556075998026153,-1.1903855607409137,-0.5957233169096559,0.9,3.591832076661254,10000
mean_width_inclusive_game_equal,160,zoo_cnn,set_transformer,zoo_cnn - set_transformer,100,0.1964713756019305,1.4874159874044213,0.14874159874044213,-0.05049785947852753,0.44344061068238855,-0.33778346988786667,0.7307262210917277,0.9,3.591832076661254,10000
crps,240,ridge_sgd_l2,lightgbm_multiclass,ridge_sgd_l2 - lightgbm_multiclass,100,0.0007510154032336931,6.185221709678727e-05,6.185221709678727e-06,0.0007407455158089383,0.0007612852906584479,0.0007287991254956075,0.0007732316809717787,0.9,3.591832076661254,10000
crps,240,ridge_sgd_l2,zoo_cnn,ridge_sgd_l2 - zoo_cnn,100,0.001120489499869078,0.0003264144274747997,3.264144274747997e-05,0.0010662919370115274,0.0011746870627266288,0.0010032469187801778,0.0012377320809579785,0.9,3.591832076661254,10000
crps,240,ridge_sgd_l2,set_transformer,ridge_sgd_l2 - set_transformer,100,0.0015498144014450168,0.0001236042037803398,1.236042037803398e-05,0.001529291268764677,0.0015703375341253566,0.001505417847050177,0.0015942109558398567,0.9,3.591832076661254,10000
crps,240,lightgbm_multiclass,zoo_cnn,lightgbm_multiclass - zoo_cnn,100,0.00036947409663538503,0.00033615253337023246,3.3615253337023244e-05,0.00031365962728732103,0.00042528856598344903,0.0002487337514343707,0.0004902144418363994,0.9,3.591832076661254,10000
crps,240,lightgbm_multiclass,set_transformer,lightgbm_multiclass - set_transformer,100,0.0007987989982113239,0.00012981087460696027,1.2981087460696027e-05,0.0007772453153961011,0.0008203526810265467,0.0007521731118800508,0.000845424884542597,0.9,3.591832076661254,10000
crps,240,zoo_cnn,set_transformer,zoo_cnn - set_transformer,100,0.000429324901575939,0.00035455838482371775,3.5455838482371776e-05,0.000370454340930642,0.000488195462221236,0.00030197348361003557,0.0005566763195418424,0.9,3.591832076661254,10000
coverage,240,ridge_sgd_l2,lightgbm_multiclass,ridge_sgd_l2 - lightgbm_multiclass,100,0.023793054565087512,0.004432439979042125,0.0004432439979042125,0.023057096151009746,0.02452901297916528,0.02220099655562759,0.025385112574547435,0.9,3.591832076661254,10000
coverage,240,ridge_sgd_l2,zoo_cnn,ridge_sgd_l2 - zoo_cnn,100,0.018544987456886118,0.006263592735919314,0.0006263592735919314,0.01750498605852485,0.019584988855247388,0.016295210126484376,0.02079476478728786,0.9,3.591832076661254,10000
coverage,240,ridge_sgd_l2,set_transformer,ridge_sgd_l2 - set_transformer,100,0.013704038050096741,0.006290743521055627,0.0006290743521055627,0.012659528559383546,0.014748547540809936,0.011444508613599086,0.015963567486594398,0.9,3.591832076661254,10000
coverage,240,lightgbm_multiclass,zoo_cnn,lightgbm_multiclass - zoo_cnn,100,-0.0052480671082013874,0.006530379964158572,0.0006530379964158571,-0.006332365621993331,-0.0041637685944094435,-0.00759366993100646,-0.0029024642853963147,0.9,3.591832076661254,10000
coverage,240,lightgbm_multiclass,set_transformer,lightgbm_multiclass - set_transformer,100,-0.010089016514990768,0.006564879960318009,0.000656487996031801,-0.011179043377633287,-0.008998989652348249,-0.012447011157080856,-0.00773102187290068,0.9,3.591832076661254,10000
coverage,240,zoo_cnn,set_transformer,zoo_cnn - set_transformer,100,-0.004840949406789378,0.008126153813725601,0.0008126153813725601,-0.006190208799263751,-0.0034916900143150053,-0.007759727399591658,-0.0019221714139870988,0.9,3.591832076661254,10000
mean_width,240,ridge_sgd_l2,lightgbm_multiclass,ridge_sgd_l2 - lightgbm_multiclass,100,7.916060322070053,0.4083727706779622,0.04083727706779622,7.848254468390869,7.983866175749237,7.769379680374439,8.062740963765666,0.9,3.591832076661254,10000
mean_width,240,ridge_sgd_l2,zoo_cnn,ridge_sgd_l2 - zoo_cnn,100,7.0782734894575405,0.9373772329866936,0.09373772329866936,6.922632202707262,7.233914776207819,6.741583328120183,7.414963650794898,0.9,3.591832076661254,10000
mean_width,240,ridge_sgd_l2,set_transformer,ridge_sgd_l2 - set_transformer,100,7.169303800716664,0.7421027202309208,0.07421027202309208,7.046085721363907,7.292521880069421,6.902752965246364,7.4358546361869635,0.9,3.591832076661254,10000
mean_width,240,lightgbm_multiclass,zoo_cnn,lightgbm_multiclass - zoo_cnn,100,-0.8377868326125121,0.934201472886344,0.0934201472886344,-0.9929008189643653,-0.6826728462606588,-1.173336314250248,-0.5022373509747762,0.9,3.591832076661254,10000
mean_width,240,lightgbm_multiclass,set_transformer,lightgbm_multiclass - set_transformer,100,-0.7467565213533885,0.7224413623065975,0.07224413623065976,-0.8667100462248627,-0.6268029964819144,-1.0062453272173577,-0.4872677154894194,0.9,3.591832076661254,10000
mean_width,240,zoo_cnn,set_transformer,zoo_cnn - set_transformer,100,0.09103031125912307,1.0934165480502234,0.10934165480502234,-0.09051960536339869,0.2725802278816448,-0.3017065517847783,0.48376717430302446,0.9,3.591832076661254,10000
mean_width_inclusive,240,ridge_sgd_l2,lightgbm_multiclass,ridge_sgd_l2 - lightgbm_multiclass,100,7.916060322070053,0.4083727706779622,0.04083727706779622,7.848254468390869,7.983866175749237,7.769379680374439,8.062740963765666,0.9,3.591832076661254,10000
mean_width_inclusive,240,ridge_sgd_l2,zoo_cnn,ridge_sgd_l2 - zoo_cnn,100,7.0782734894575405,0.9373772329866936,0.09373772329866936,6.922632202707262,7.233914776207819,6.741583328120183,7.414963650794898,0.9,3.591832076661254,10000
mean_width_inclusive,240,ridge_sgd_l2,set_transformer,ridge_sgd_l2 - set_transformer,100,7.169303800716664,0.7421027202309208,0.07421027202309208,7.046085721363907,7.292521880069421,6.902752965246364,7.4358546361869635,0.9,3.591832076661254,10000
mean_width_inclusive,240,lightgbm_multiclass,zoo_cnn,lightgbm_multiclass - zoo_cnn,100,-0.8377868326125117,0.934201472886344,0.0934201472886344,-0.9929008189643649,-0.6826728462606586,-1.1733363142502475,-0.5022373509747758,0.9,3.591832076661254,10000
mean_width_inclusive,240,lightgbm_multiclass,set_transformer,lightgbm_multiclass - set_transformer,100,-0.7467565213533888,0.7224413623065975,0.07224413623065976,-0.8667100462248629,-0.6268029964819146,-1.006245327217358,-0.4872677154894196,0.9,3.591832076661254,10000
mean_width_inclusive,240,zoo_cnn,set_transformer,zoo_cnn - set_transformer,100,0.09103031125912298,1.0934165480502234,0.10934165480502234,-0.09051960536339879,0.2725802278816447,-0.3017065517847784,0.48376717430302435,0.9,3.591832076661254,10000
mean_q,240,ridge_sgd_l2,lightgbm_multiclass,ridge_sgd_l2 - lightgbm_multiclass,100,-1.402540363631154,0.13114282489262005,0.013114282489262006,-1.424315202293833,-1.380765524968475,-1.4496446641384821,-1.3554360631238258,0.9,3.591832076661254,10000
mean_q,240,ridge_sgd_l2,zoo_cnn,ridge_sgd_l2 - zoo_cnn,100,-0.17269403679534523,0.36229142170897544,0.036229142170897545,-0.23284858404598568,-0.11253948954470476,-0.30282303175469594,-0.042565041835994494,0.9,3.591832076661254,10000
mean_q,240,ridge_sgd_l2,set_transformer,ridge_sgd_l2 - set_transformer,100,0.115433767028562,0.22463083563235497,0.022463083563235498,0.07813626174329516,0.15273127231382885,0.03475014294541057,0.19611739111171345,0.9,3.591832076661254,10000
mean_q,240,lightgbm_multiclass,zoo_cnn,lightgbm_multiclass - zoo_cnn,100,1.2298463268358086,0.3576874837700554,0.03576874837700554,1.1704562133688317,1.2892364403027856,1.101370989073255,1.3583216645983622,0.9,3.591832076661254,10000
mean_q,240,lightgbm_multiclass,set_transformer,lightgbm_multiclass - set_transformer,100,1.5179741306597163,0.23727224504853042,0.023727224504853043,1.4785776569350286,1.557370604384404,1.4327499245930422,1.6031983367263904,0.9,3.591832076661254,10000
mean_q,240,zoo_cnn,set_transformer,zoo_cnn - set_transformer,100,0.2881278038239073,0.3833799516992363,0.03833799516992363,0.224471735704344,0.3517838719434706,0.15042416301769138,0.42583144463012323,0.9,3.591832076661254,10000
crps_game_equal,240,ridge_sgd_l2,lightgbm_multiclass,ridge_sgd_l2 - lightgbm_multiclass,100,0.0007598258583822999,5.99483841890046e-05,5.99483841890046e-06,0.0007498720816898067,0.0007697796350747932,0.000738293405454892,0.0007813583113097078,0.9,3.591832076661254,10000
crps_game_equal,240,ridge_sgd_l2,zoo_cnn,ridge_sgd_l2 - zoo_cnn,100,0.0011099412731448038,0.0003272334770949888,3.272334770949888e-05,0.001055607716012683,0.0011642748302769246,0.0009924045031860862,0.0012274780431035213,0.9,3.591832076661254,10000
crps_game_equal,240,ridge_sgd_l2,set_transformer,ridge_sgd_l2 - set_transformer,100,0.0015428537152930339,0.00012484610147962035,1.2484610147962036e-05,0.0015221243790170377,0.00156358305156903,0.0014980110920989732,0.0015876963384870945,0.9,3.591832076661254,10000
crps_game_equal,240,lightgbm_multiclass,zoo_cnn,lightgbm_multiclass - zoo_cnn,100,0.00035011541476250393,0.00033579628629246366,3.3579628629246366e-05,0.00029436009636416835,0.0004058707331608395,0.00022950302752960426,0.00047072780199540357,0.9,3.591832076661254,10000
crps_game_equal,240,lightgbm_multiclass,set_transformer,lightgbm_multiclass - set_transformer,100,0.0007830278569107339,0.00013142326392486786,1.3142326392486786e-05,0.0007612064543991602,0.0008048492594223077,0.0007358228274122481,0.0008302328864092198,0.9,3.591832076661254,10000
crps_game_equal,240,zoo_cnn,set_transformer,zoo_cnn - set_transformer,100,0.00043291244214823,0.00035451512288059325,3.545151228805933e-05,0.00037404906467770866,0.0004917758196187514,0.00030557656314582793,0.0005602483211506321,0.9,3.591832076661254,10000
coverage_game_equal,240,ridge_sgd_l2,lightgbm_multiclass,ridge_sgd_l2 - lightgbm_multiclass,100,0.02297553127804557,0.004414947778727427,0.0004414947778727427,0.022242477253437982,0.023708585302653157,0.02138975617320382,0.02456130638288732,0.9,3.591832076661254,10000
coverage_game_equal,240,ridge_sgd_l2,zoo_cnn,ridge_sgd_l2 - zoo_cnn,100,0.018064063886286154,0.006358646743402848,0.0006358646743402848,0.017008279804587922,0.019119847967984386,0.015780144752574957,0.02034798301999735,0.9,3.591832076661254,10000
coverage_game_equal,240,ridge_sgd_l2,set_transformer,ridge_sgd_l2 - set_transformer,100,0.013308107698194847,0.00632451467048581,0.000632451467048581,0.012257990875697412,0.014358224520692282,0.011036448231918286,0.015579767164471408,0.9,3.591832076661254,10000
coverage_game_equal,240,lightgbm_multiclass,zoo_cnn,lightgbm_multiclass - zoo_cnn,100,-0.004911467391759418,0.006577645288060035,0.0006577645288060035,-0.006003613798130589,-0.0038193209853882473,-0.007274047125214797,-0.00254888765830404,0.9,3.591832076661254,10000
coverage_game_equal,240,lightgbm_multiclass,set_transformer,lightgbm_multiclass - set_transformer,100,-0.009667423579850726,0.006550347560333709,0.0006550347560333709,-0.010755037495652282,-0.00857980966404917,-0.012020198427899366,-0.007314648731802086,0.9,3.591832076661254,10000
coverage_game_equal,240,zoo_cnn,set_transformer,zoo_cnn - set_transformer,100,-0.004755956188091307,0.008144317861962291,0.0008144317861962291,-0.006108231523070646,-0.0034036808531119674,-0.0076812584020034425,-0.0018306539741791707,0.9,3.591832076661254,10000
mean_width_game_equal,240,ridge_sgd_l2,lightgbm_multiclass,ridge_sgd_l2 - lightgbm_multiclass,100,7.838457124122751,0.405949555349994,0.0405949555349994,7.771053618973535,7.9058606292719675,7.692646860681503,7.984267387564,0.9,3.591832076661254,10000
mean_width_game_equal,240,ridge_sgd_l2,zoo_cnn,ridge_sgd_l2 - zoo_cnn,100,6.996630598552584,0.9323789380949766,0.09323789380949767,6.841819224265643,7.1514419728395255,6.661735740807295,7.331525456297873,0.9,3.591832076661254,10000
mean_width_game_equal,240,ridge_sgd_l2,set_transformer,ridge_sgd_l2 - set_transformer,100,7.0948059668936505,0.7414085933131883,0.07414085933131884,6.971703139760429,7.217908794026872,6.828504450156189,7.361107483631112,0.9,3.591832076661254,10000
mean_width_game_equal,240,lightgbm_multiclass,zoo_cnn,lightgbm_multiclass - zoo_cnn,100,-0.8418265255701683,0.9349192996288023,0.09349192996288022,-0.9970596992394946,-0.6865933519008421,-1.1776338385198089,-0.5060192126205278,0.9,3.591832076661254,10000
mean_width_game_equal,240,lightgbm_multiclass,set_transformer,lightgbm_multiclass - set_transformer,100,-0.7436511572291018,0.7227232911077612,0.07227232911077612,-0.8636514933093837,-0.6236508211488199,-1.0032412271842064,-0.4840610872739972,0.9,3.591832076661254,10000
mean_width_game_equal,240,zoo_cnn,set_transformer,zoo_cnn - set_transformer,100,0.0981753683410666,1.0944695143057197,0.10944695143057197,-0.08354938186727617,0.2799001185494094,-0.2949397025000481,0.4912904391821813,0.9,3.591832076661254,10000
mean_width_inclusive_game_equal,240,ridge_sgd_l2,lightgbm_multiclass,ridge_sgd_l2 - lightgbm_multiclass,100,7.838457124122751,0.4059495553499939,0.04059495553499939,7.771053618973535,7.9058606292719675,7.692646860681503,7.984267387564,0.9,3.591832076661254,10000
mean_width_inclusive_game_equal,240,ridge_sgd_l2,zoo_cnn,ridge_sgd_l2 - zoo_cnn,100,6.996630598552584,0.9323789380949766,0.09323789380949767,6.841819224265643,7.1514419728395255,6.661735740807295,7.331525456297873,0.9,3.591832076661254,10000
mean_width_inclusive_game_equal,240,ridge_sgd_l2,set_transformer,ridge_sgd_l2 - set_transformer,100,7.0948059668936505,0.7414085933131882,0.07414085933131882,6.971703139760429,7.217908794026872,6.828504450156189,7.361107483631112,0.9,3.591832076661254,10000
mean_width_inclusive_game_equal,240,lightgbm_multiclass,zoo_cnn,lightgbm_multiclass - zoo_cnn,100,-0.8418265255701681,0.9349192996288025,0.09349192996288025,-0.9970596992394943,-0.6865933519008419,-1.1776338385198089,-0.5060192126205274,0.9,3.591832076661254,10000
mean_width_inclusive_game_equal,240,lightgbm_multiclass,set_transformer,lightgbm_multiclass - set_transformer,100,-0.7436511572291015,0.7227232911077607,0.07227232911077607,-0.8636514933093833,-0.6236508211488196,-1.0032412271842057,-0.4840610872739971,0.9,3.591832076661254,10000
mean_width_inclusive_game_equal,240,zoo_cnn,set_transformer,zoo_cnn - set_transformer,100,0.09817536834106663,1.0944695143057197,0.10944695143057197,-0.08354938186727615,0.27990011854940944,-0.2949397025000481,0.4912904391821813,0.9,3.591832076661254,10000
crps,360,ridge_sgd_l2,lightgbm_multiclass,ridge_sgd_l2 - lightgbm_multiclass,100,0.0008809443044927991,5.7537965116991135e-05,5.7537965116991135e-06,0.0008713907516512524,0.0008904978573343457,0.0008602776336194966,0.0009016109753661015,0.9,3.591832076661254,10000
crps,360,ridge_sgd_l2,zoo_cnn,ridge_sgd_l2 - zoo_cnn,100,0.001277759104258305,0.0003946452442521658,3.946452442521658e-05,0.0012122325569262587,0.0013432856515903512,0.0011360091595376306,0.0014195090489789793,0.9,3.591832076661254,10000
crps,360,ridge_sgd_l2,set_transformer,ridge_sgd_l2 - set_transformer,100,0.0016968606367573752,0.00010253854605240264,1.0253854605240263e-05,0.0016798352272557502,0.0017138860462590003,0.0016600305128768526,0.001733690760637898,0.9,3.591832076661254,10000
crps,360,lightgbm_multiclass,zoo_cnn,lightgbm_multiclass - zoo_cnn,100,0.0003968147997655061,0.0003914071535172639,3.914071535172639e-05,0.00033182590215532115,0.00046180369737569105,0.00025622792286170766,0.0005374016766693045,0.9,3.591832076661254,10000
crps,360,lightgbm_multiclass,set_transformer,lightgbm_multiclass - set_transformer,100,0.000815916332264576,0.00010411200735743361,1.0411200735743361e-05,0.0007986296666394301,0.0008332029978897218,0.0007785210475053737,0.0008533116170237783,0.9,3.591832076661254,10000
crps,360,zoo_cnn,set_transformer,zoo_cnn - set_transformer,100,0.00041910153249907,0.0003984512425768634,3.984512425768634e-05,0.00035294304057120957,0.0004852600244269305,0.00027598453709175877,0.0005622185279063813,0.9,3.591832076661254,10000
coverage,360,ridge_sgd_l2,lightgbm_multiclass,ridge_sgd_l2 - lightgbm_multiclass,100,0.022058164863548738,0.00444193027821417,0.000444193027821417,0.021320630688589647,0.022795699038507828,0.02046269809799049,0.023653631629106987,0.9,3.591832076661254,10000
coverage,360,ridge_sgd_l2,zoo_cnn,ridge_sgd_l2 - zoo_cnn,100,0.018544014761153603,0.007551648006279565,0.0007551648006279565,0.01729014580485561,0.019797883717451597,0.01583158960709261,0.021256439915214597,0.9,3.591832076661254,10000
coverage,360,ridge_sgd_l2,set_transformer,ridge_sgd_l2 - set_transformer,100,0.011224046381993041,0.007909816731236268,0.0007909816731236268,0.00991070740736705,0.012537385356619033,0.008382973036416412,0.01406511972756967,0.9,3.591832076661254,10000
coverage,360,lightgbm_multiclass,zoo_cnn,lightgbm_multiclass - zoo_cnn,100,-0.003514150102395136,0.0076156016232237,0.00076156016232237,-0.004778637860690063,-0.002249662344100209,-0.006249546321731976,-0.0007787538830582963,0.9,3.591832076661254,10000
coverage,360,lightgbm_multiclass,set_transformer,lightgbm_multiclass - set_transformer,100,-0.010834118481555702,0.008106454614416524,0.0008106454614416524,-0.012180107036398734,-0.00948812992671267,-0.013745820852761693,-0.00792241611034971,0.9,3.591832076661254,10000
coverage,360,zoo_cnn,set_transformer,zoo_cnn - set_transformer,100,-0.007319968379160562,0.010066011143283296,0.0010066011143283296,-0.008991319967028167,-0.005648616791292956,-0.010935510550008017,-0.0037044262083131057,0.9,3.591832076661254,10000
mean_width,360,ridge_sgd_l2,lightgbm_multiclass,ridge_sgd_l2 - lightgbm_multiclass,100,7.950241056526811,0.39765592373148506,0.03976559237314851,7.884214618636658,8.016267494416963,7.8074097262935,8.093072386760122,0.9,3.591832076661254,10000
mean_width,360,ridge_sgd_l2,zoo_cnn,ridge_sgd_l2 - zoo_cnn,100,7.483464568315934,1.2080354718053807,0.12080354718053807,7.282883426961888,7.684045709669981,7.049558512578416,7.9173706240534525,0.9,3.591832076661254,10000
mean_width,360,ridge_sgd_l2,set_transformer,ridge_sgd_l2 - set_transformer,100,7.129623382477779,0.757625968315736,0.0757625968315736,7.0038278367417535,7.255418928213804,6.8574968569669785,7.401749907988579,0.9,3.591832076661254,10000
mean_width,360,lightgbm_multiclass,zoo_cnn,lightgbm_multiclass - zoo_cnn,100,-0.4667764882108766,1.2303833695630848,0.12303833695630848,-0.6710682547441695,-0.2624847216775836,-0.9087095335496012,-0.02484344287215201,0.9,3.591832076661254,10000
mean_width,360,lightgbm_multiclass,set_transformer,lightgbm_multiclass - set_transformer,100,-0.8206176740490299,0.8077165896380935,0.08077165896380935,-0.9547302222493593,-0.6865051258487004,-1.1107359096003837,-0.530499438497676,0.9,3.591832076661254,10000
mean_width,360,zoo_cnn,set_transformer,zoo_cnn - set_transformer,100,-0.3538411858381534,1.395527440314527,0.1395527440314527,-0.5855533278258803,-0.12212904385042647,-0.8550912082364226,0.14740883656011583,0.9,3.591832076661254,10000
mean_width_inclusive,360,ridge_sgd_l2,lightgbm_multiclass,ridge_sgd_l2 - lightgbm_multiclass,100,7.950241056526811,0.39765592373148506,0.03976559237314851,7.884214618636658,8.016267494416963,7.8074097262935,8.093072386760122,0.9,3.591832076661254,10000
mean_width_inclusive,360,ridge_sgd_l2,zoo_cnn,ridge_sgd_l2 - zoo_cnn,100,7.483464568315934,1.2080354718053805,0.12080354718053805,7.282883426961888,7.684045709669981,7.049558512578416,7.9173706240534525,0.9,3.591832076661254,10000
mean_width_inclusive,360,ridge_sgd_l2,set_transformer,ridge_sgd_l2 - set_transformer,100,7.129623382477779,0.757625968315736,0.0757625968315736,7.0038278367417535,7.255418928213804,6.8574968569669785,7.401749907988579,0.9,3.591832076661254,10000
mean_width_inclusive,360,lightgbm_multiclass,zoo_cnn,lightgbm_multiclass - zoo_cnn,100,-0.4667764882108764,1.2303833695630848,0.12303833695630848,-0.6710682547441694,-0.2624847216775834,-0.9087095335496009,-0.024843442872151844,0.9,3.591832076661254,10000
mean_width_inclusive,360,lightgbm_multiclass,set_transformer,lightgbm_multiclass - set_transformer,100,-0.8206176740490299,0.8077165896380933,0.08077165896380933,-0.9547302222493593,-0.6865051258487004,-1.1107359096003837,-0.530499438497676,0.9,3.591832076661254,10000
mean_width_inclusive,360,zoo_cnn,set_transformer,zoo_cnn - set_transformer,100,-0.3538411858381534,1.395527440314527,0.1395527440314527,-0.5855533278258803,-0.12212904385042647,-0.8550912082364226,0.14740883656011583,0.9,3.591832076661254,10000
mean_q,360,ridge_sgd_l2,lightgbm_multiclass,ridge_sgd_l2 - lightgbm_multiclass,100,-1.0852062046521702,0.11800273336810838,0.011800273336810838,-1.104799274139194,-1.0656131351651463,-1.1275908049366978,-1.0428216043676426,0.9,3.591832076661254,10000
mean_q,360,ridge_sgd_l2,zoo_cnn,ridge_sgd_l2 - zoo_cnn,100,-0.12722110516828306,0.4317792198754825,0.04317792198754825,-0.19891334497159974,-0.05552886536496639,-0.2823089503667361,0.027866740030170006,0.9,3.591832076661254,10000
mean_q,360,ridge_sgd_l2,set_transformer,ridge_sgd_l2 - set_transformer,100,0.18282785419903191,0.19625557592794088,0.019625557592794086,0.1502417519400545,0.21541395645800931,0.11233614691487129,0.25331956148319257,0.9,3.591832076661254,10000
mean_q,360,lightgbm_multiclass,zoo_cnn,lightgbm_multiclass - zoo_cnn,100,0.9579850994838871,0.4408542765530696,0.04408542765530696,0.8847860452957885,1.0311841536719857,0.7996376463182264,1.1163325526495478,0.9,3.591832076661254,10000
mean_q,360,lightgbm_multiclass,set_transformer,lightgbm_multiclass - set_transformer,100,1.2680340588512022,0.2100320558120873,0.02100320558120873,1.2331605220561566,1.302907595646248,1.192594071331906,1.3434740463704984,0.9,3.591832076661254,10000
mean_q,360,zoo_cnn,set_transformer,zoo_cnn - set_transformer,100,0.3100489593673149,0.46832014001149375,0.04683201400114938,0.23228949750134262,0.3878084212332872,0.14183622926333764,0.4782616894712922,0.9,3.591832076661254,10000
crps_game_equal,360,ridge_sgd_l2,lightgbm_multiclass,ridge_sgd_l2 - lightgbm_multiclass,100,0.000888066312863382,5.649498109037716e-05,5.6494981090377155e-06,0.0008786859361672011,0.0008974466895595629,0.0008677742643383032,0.0009083583613884608,0.9,3.591832076661254,10000
crps_game_equal,360,ridge_sgd_l2,zoo_cnn,ridge_sgd_l2 - zoo_cnn,100,0.0012686374408913653,0.00039803717959922835,3.9803717959922835e-05,0.0012025476996141147,0.0013347271821686159,0.0011256691699525368,0.0014116057118301938,0.9,3.591832076661254,10000
crps_game_equal,360,ridge_sgd_l2,set_transformer,ridge_sgd_l2 - set_transformer,100,0.001688002880461345,0.00010278433620677407,1.0278433620677407e-05,0.0016709366601798646,0.0017050691007428254,0.0016510844728847623,0.0017249212880379276,0.9,3.591832076661254,10000
crps_game_equal,360,lightgbm_multiclass,zoo_cnn,lightgbm_multiclass - zoo_cnn,100,0.000380571128027983,0.0003931317532914645,3.9313175329146446e-05,0.0003152958793965229,0.00044584637665944307,0.00023936480384534692,0.0005217774522106191,0.9,3.591832076661254,10000
crps_game_equal,360,lightgbm_multiclass,set_transformer,lightgbm_multiclass - set_transformer,100,0.0007999365675979631,0.00010558261027591557,1.0558261027591556e-05,0.0007824057243648313,0.0008174674108310949,0.0007620130669652973,0.0008378600682306289,0.9,3.591832076661254,10000
crps_game_equal,360,zoo_cnn,set_transformer,zoo_cnn - set_transformer,100,0.00041936543956998,0.0004025380781193306,4.025380781193306e-05,0.0003525283730830387,0.00048620250605692133,0.0002747805214633215,0.0005639503576766385,0.9,3.591832076661254,10000
coverage_game_equal,360,ridge_sgd_l2,lightgbm_multiclass,ridge_sgd_l2 - lightgbm_multiclass,100,0.021333377676098143,0.0044357692834422705,0.00044357692834422706,0.020596866467262206,0.02206988888493408,0.01974012383640448,0.022926631515791808,0.9,3.591832076661254,10000
coverage_game_equal,360,ridge_sgd_l2,zoo_cnn,ridge_sgd_l2 - zoo_cnn,100,0.018074438988809255,0.007518953901378515,0.0007518953901378515,0.01682599853277442,0.01932287944484409,0.015373757008218393,0.020775120969400117,0.9,3.591832076661254,10000
coverage_game_equal,360,ridge_sgd_l2,set_transformer,ridge_sgd_l2 - set_transformer,100,0.01078875852724614,0.007933989070536095,0.0007933989070536095,0.00947140599878078,0.012106111055711499,0.007939002883303004,0.013638514171189275,0.9,3.591832076661254,10000
coverage_game_equal,360,lightgbm_multiclass,zoo_cnn,lightgbm_multiclass - zoo_cnn,100,-0.00325893868728889,0.007530608094549561,0.0007530608094549561,-0.004509314195250896,-0.002008563179326885,-0.00596380665836569,-0.0005540707162120903,0.9,3.591832076661254,10000
coverage_game_equal,360,lightgbm_multiclass,set_transformer,lightgbm_multiclass - set_transformer,100,-0.010544619148852004,0.008123343612485952,0.0008123343612485952,-0.011893411937997882,-0.009195826359706125,-0.013462387764558839,-0.007626850533145168,0.9,3.591832076661254,10000
coverage_game_equal,360,zoo_cnn,set_transformer,zoo_cnn - set_transformer,100,-0.0072856804615631125,0.01004997678502864,0.001004997678502864,-0.008954369718766874,-0.005616991204359351,-0.010895463360179793,-0.0036758975629464312,0.9,3.591832076661254,10000
mean_width_game_equal,360,ridge_sgd_l2,lightgbm_multiclass,ridge_sgd_l2 - lightgbm_multiclass,100,7.872527906793331,0.3913812378220451,0.039138123782204506,7.80754331220226,7.9375125013844015,7.73195033837207,8.013105475214592,0.9,3.591832076661254,10000
mean_width_game_equal,360,ridge_sgd_l2,zoo_cnn,ridge_sgd_l2 - zoo_cnn,100,7.401636720436704,1.2147848019669432,0.12147848019669431,7.199934926271728,7.60333851460168,6.965306418642158,7.83796702223125,0.9,3.591832076661254,10000
mean_width_game_equal,360,ridge_sgd_l2,set_transformer,ridge_sgd_l2 - set_transformer,100,7.0551007057266455,0.7542065528771275,0.07542065528771275,6.929872916705921,7.18032849474737,6.784202376821428,7.325999034631863,0.9,3.591832076661254,10000
mean_width_game_equal,360,lightgbm_multiclass,zoo_cnn,lightgbm_multiclass - zoo_cnn,100,-0.470891186356626,1.2355662005509682,0.12355662005509682,-0.6760435055634603,-0.2657388671497918,-0.91468581755437,-0.027096555158882096,0.9,3.591832076661254,10000
mean_width_game_equal,360,lightgbm_multiclass,set_transformer,lightgbm_multiclass - set_transformer,100,-0.8174272010666858,0.8082670857276815,0.08082670857276815,-0.9516311531508727,-0.6832232489824989,-1.1077431655693055,-0.527111236564066,0.9,3.591832076661254,10000
mean_width_game_equal,360,zoo_cnn,set_transformer,zoo_cnn - set_transformer,100,-0.3465360147100596,1.4007172803275076,0.14007172803275075,-0.5791098731436561,-0.11396215627646311,-0.8496501404914651,0.15657811107134584,0.9,3.591832076661254,10000
mean_width_inclusive_game_equal,360,ridge_sgd_l2,lightgbm_multiclass,ridge_sgd_l2 - lightgbm_multiclass,100,7.872527906793331,0.3913812378220453,0.039138123782204534,7.80754331220226,7.9375125013844015,7.73195033837207,8.013105475214592,0.9,3.591832076661254,10000
mean_width_inclusive_game_equal,360,ridge_sgd_l2,zoo_cnn,ridge_sgd_l2 - zoo_cnn,100,7.401636720436704,1.2147848019669434,0.12147848019669434,7.199934926271728,7.60333851460168,6.965306418642158,7.83796702223125,0.9,3.591832076661254,10000
mean_width_inclusive_game_equal,360,ridge_sgd_l2,set_transformer,ridge_sgd_l2 - set_transformer,100,7.055100705726646,0.7542065528771278,0.07542065528771277,6.929872916705922,7.1803284947473704,6.784202376821429,7.325999034631864,0.9,3.591832076661254,10000
mean_width_inclusive_game_equal,360,lightgbm_multiclass,zoo_cnn,lightgbm_multiclass - zoo_cnn,100,-0.47089118635662613,1.2355662005509684,0.12355662005509685,-0.6760435055634605,-0.2657388671497918,-0.9146858175543702,-0.027096555158882096,0.9,3.591832076661254,10000
mean_width_inclusive_game_equal,360,lightgbm_multiclass,set_transformer,lightgbm_multiclass - set_transformer,100,-0.8174272010666855,0.8082670857276812,0.08082670857276812,-0.9516311531508723,-0.6832232489824988,-1.1077431655693053,-0.5271112365640658,0.9,3.591832076661254,10000
mean_width_inclusive_game_equal,360,zoo_cnn,set_transformer,zoo_cnn - set_transformer,100,-0.34653601471005957,1.4007172803275079,0.14007172803275078,-0.5791098731436561,-0.11396215627646303,-0.8496501404914651,0.156578111071346,0.9,3.591832076661254,10000
