model,model_display_name,n_train,metric,base_metric,aggregation,n_repeats,mean,sd,mcse,median,iqr,q05,q95,q10,q90
lightgbm_multiclass,LightGBM,20,coverage,coverage,play,100,0.91569914211151,0.005497499386399708,0.0005497499386399707,0.915591384831397,0.007756293938964487,0.9069785021674204,0.9242817544610455,0.9084493265734487,0.9228841528434806
ridge_sgd_l2,L2 one-vs-rest logistic,20,coverage,coverage,play,100,0.9376426948762356,0.006107942094812481,0.0006107942094812481,0.9381311931744208,0.009032513844107859,0.9277481602730117,0.9471733766182459,0.9288289361774326,0.945936711884116
set_transformer,Set Transformer,20,coverage,coverage,play,100,0.9256082299995707,0.01113105190140696,0.001113105190140696,0.9241837889528028,0.013891432521841662,0.9097477782167293,0.9486735493420009,0.9144832289094937,0.9400018068340353
zoo_cnn,Zoo CNN,20,coverage,coverage,play,100,0.9279241075774712,0.02101843646219255,0.002101843646219255,0.9213255730111919,0.0191157968683362,0.9084031616770009,0.9797940042496,0.9111964336367622,0.9609022904090369
lightgbm_multiclass,LightGBM,40,coverage,coverage,play,100,0.9150231681879203,0.0049215077413959415,0.0004921507741395941,0.9149194192112025,0.0068059243827643945,0.9069363095767856,0.9224835966885376,0.9080698208639056,0.9213285138924889
ridge_sgd_l2,L2 one-vs-rest logistic,40,coverage,coverage,play,100,0.9381304131171216,0.005577114519338357,0.0005577114519338357,0.9387592141675626,0.007471069874872893,0.9282496989428157,0.9468700321996502,0.9299082276886856,0.9445123089355828
set_transformer,Set Transformer,40,coverage,coverage,play,100,0.9204035116626446,0.007665424686863236,0.0007665424686863236,0.919310837723943,0.011163499274775446,0.9092518971609628,0.9330173228257875,0.9119017026047604,0.930732460381963
zoo_cnn,Zoo CNN,40,coverage,coverage,play,100,0.9218645671203375,0.012189605714192878,0.0012189605714192878,0.9194127644143664,0.011445188800130568,0.9089909761207406,0.9406987795690523,0.9105639290793436,0.9344403784000914
lightgbm_multiclass,LightGBM,80,coverage,coverage,play,100,0.9137287177987901,0.005661683106657412,0.0005661683106657412,0.9132077946887752,0.006426862188194771,0.9045084107196719,0.9230786526259642,0.9063188125051763,0.9212352771237649
ridge_sgd_l2,L2 one-vs-rest logistic,80,coverage,coverage,play,100,0.9378357416505324,0.0045499952154632855,0.00045499952154632857,0.9384590336397565,0.005107786708638429,0.929510999046767,0.9449783852379305,0.9317165861745319,0.9433669363339546
set_transformer,Set Transformer,80,coverage,coverage,play,100,0.9208127249915827,0.007202240315323476,0.0007202240315323476,0.9204897640503764,0.009732287322284594,0.9083756731701281,0.9318537018407778,0.9114878359119305,0.9302719580634567
zoo_cnn,Zoo CNN,80,coverage,coverage,play,100,0.920018386984942,0.007411703121050271,0.0007411703121050271,0.9210712885420889,0.011584681220026649,0.9080703030363003,0.9308792286321294,0.9107465954874784,0.9285724552879762
lightgbm_multiclass,LightGBM,160,coverage,coverage,play,100,0.9135344643191966,0.005119476209398551,0.0005119476209398551,0.9134916350432905,0.0073967306838170765,0.9062353187597407,0.921953607506787,0.9075544649598373,0.9197663608616249
ridge_sgd_l2,L2 one-vs-rest logistic,160,coverage,coverage,play,100,0.9376659637802364,0.0045861115300537,0.00045861115300537003,0.9377872713734111,0.006093260284586455,0.9293373035889909,0.9441684567993894,0.9313503148889829,0.9430625191101222
set_transformer,Set Transformer,160,coverage,coverage,play,100,0.9235331270832546,0.007320338617845221,0.0007320338617845221,0.9225430902861216,0.010318016023431742,0.9142699806924999,0.9346322763440497,0.9153824764069829,0.931176613844052
zoo_cnn,Zoo CNN,160,coverage,coverage,play,100,0.9180274951225361,0.007288605085703001,0.0007288605085703001,0.9178749064099383,0.009008531757653149,0.9066175950773824,0.9299389852171664,0.9092483573508447,0.9289482799484592
lightgbm_multiclass,LightGBM,240,coverage,coverage,play,100,0.9135954897578378,0.005079784199139906,0.0005079784199139906,0.9135974713270432,0.007398278071043318,0.9052403651772611,0.9206378834604774,0.9077665072382984,0.9188298244023557
ridge_sgd_l2,L2 one-vs-rest logistic,240,coverage,coverage,play,100,0.9373885443229252,0.0043630431545589295,0.00043630431545589295,0.937836587730057,0.00580572930886758,0.9297877317504845,0.9430550929839616,0.9307224856056179,0.9424636656824218
set_transformer,Set Transformer,240,coverage,coverage,play,100,0.9236845062728284,0.006627434840014271,0.0006627434840014271,0.923183728415099,0.008930868427984517,0.9147610381491991,0.936574993840916,0.9159580749341205,0.9333332015682831
zoo_cnn,Zoo CNN,240,coverage,coverage,play,100,0.9188435568660391,0.006629503947293861,0.000662950394729386,0.9196343009379436,0.008792285868936878,0.9076558486701746,0.9301817902990881,0.9100199880712044,0.9266394170775955
lightgbm_multiclass,LightGBM,360,coverage,coverage,play,100,0.915162684805415,0.005109420650274712,0.0005109420650274712,0.9156895349911398,0.006072108211655269,0.9066118943879788,0.9225523378592553,0.9089359534643267,0.921350055259188
ridge_sgd_l2,L2 one-vs-rest logistic,360,coverage,coverage,play,100,0.937220849668964,0.004299321750011617,0.00042993217500116173,0.9376504546984943,0.005932432267827692,0.9294850723963141,0.944025137611459,0.9313927977968612,0.9424194713873445
set_transformer,Set Transformer,360,coverage,coverage,play,100,0.9259968032869709,0.007691920785537667,0.0007691920785537667,0.924906974305278,0.010341747943249713,0.9148076225363515,0.9385245576294681,0.9174577981240788,0.9366526035098653
zoo_cnn,Zoo CNN,360,coverage,coverage,play,100,0.9186768349078102,0.007576916129763497,0.0007576916129763497,0.9179625622150149,0.00974456711859717,0.9086786302093404,0.9329808500466611,0.9107904452348828,0.9295414339933483
lightgbm_multiclass,LightGBM,20,coverage_game_equal,coverage,game_equal,100,0.9157627778172039,0.005577516721134792,0.0005577516721134792,0.9158237670908402,0.008045155095179113,0.9070583119955054,0.9242671039523622,0.9080620329189372,0.9227405427172451
ridge_sgd_l2,L2 one-vs-rest logistic,20,coverage_game_equal,coverage,game_equal,100,0.9372981188886241,0.006168860328579348,0.0006168860328579348,0.937514069966449,0.00913814327831941,0.9275105081122674,0.9466358967696452,0.9287680910221707,0.945457541200191
set_transformer,Set Transformer,20,coverage_game_equal,coverage,game_equal,100,0.9255888692853415,0.011219022229753793,0.0011219022229753792,0.9241783701996276,0.014299800028364618,0.9105397310185518,0.9485787576020859,0.9139526306057756,0.93997599052228
zoo_cnn,Zoo CNN,20,coverage_game_equal,coverage,game_equal,100,0.9281852668792899,0.020974785383721835,0.0020974785383721835,0.9213532709823565,0.01920935084531672,0.9088852159680173,0.9800435427022838,0.9115766430872014,0.9606101446171571
lightgbm_multiclass,LightGBM,40,coverage_game_equal,coverage,game_equal,100,0.9154372563579095,0.004934037472089909,0.000493403747208991,0.9154779845531877,0.007333871634718658,0.907173485573636,0.9228527560042388,0.908593879617539,0.9213494869955137
ridge_sgd_l2,L2 one-vs-rest logistic,40,coverage_game_equal,coverage,game_equal,100,0.937817979422777,0.005636352713572898,0.0005636352713572898,0.9383647634727912,0.007500415721158227,0.9279598847479482,0.9458234949677629,0.9294447847486202,0.944589756482482
set_transformer,Set Transformer,40,coverage_game_equal,coverage,game_equal,100,0.9204092660841404,0.007663836814110795,0.0007663836814110795,0.9194463778592412,0.01135719931073742,0.9091293144157021,0.9323919367276113,0.9118536927166888,0.9308077636367245
zoo_cnn,Zoo CNN,40,coverage_game_equal,coverage,game_equal,100,0.922066212913016,0.01218233665103156,0.0012182336651031561,0.9199542431887304,0.011797052346866566,0.9092973229135424,0.9415068012513577,0.9104109100438503,0.9342390691823009
lightgbm_multiclass,LightGBM,80,coverage_game_equal,coverage,game_equal,100,0.9141918400188959,0.005706162514148854,0.0005706162514148854,0.913412267385476,0.006539374560957101,0.9039427974136522,0.9229960854179524,0.9072897708343605,0.9216884295086968
ridge_sgd_l2,L2 one-vs-rest logistic,80,coverage_game_equal,coverage,game_equal,100,0.9375183831781286,0.0046260476787885136,0.00046260476787885136,0.9381040560057314,0.005594581794580056,0.9283262227127524,0.9451600526802331,0.9313386656953733,0.9432118753122892
set_transformer,Set Transformer,80,coverage_game_equal,coverage,game_equal,100,0.9208303590628923,0.007215257930174813,0.0007215257930174813,0.9206952916533181,0.009910297744683993,0.9087656429312545,0.9322034955244639,0.9111733472009695,0.9305832893351365
zoo_cnn,Zoo CNN,80,coverage_game_equal,coverage,game_equal,100,0.9201902856848644,0.00743423243274972,0.000743423243274972,0.9207429360124539,0.011915016860474026,0.9081296303920204,0.9314106204582819,0.9107282450874445,0.9285748697944992
lightgbm_multiclass,LightGBM,160,coverage_game_equal,coverage,game_equal,100,0.9140214437010521,0.005155876959667523,0.0005155876959667523,0.9141064309505792,0.007640237513047987,0.906735020692023,0.9220249984135959,0.9076594878639737,0.9203886398700846
ridge_sgd_l2,L2 one-vs-rest logistic,160,coverage_game_equal,coverage,game_equal,100,0.9373584341726701,0.004679280482470829,0.0004679280482470829,0.9377004660625742,0.006594067597293973,0.928813059537943,0.9444727128449488,0.9312556083022626,0.9427478272267085
set_transformer,Set Transformer,160,coverage_game_equal,coverage,game_equal,100,0.9236776797571133,0.007336417323723528,0.0007336417323723528,0.9224065243579427,0.009970313818007503,0.9143104112674931,0.9345911259273028,0.91536938434528,0.9315595892927291
zoo_cnn,Zoo CNN,160,coverage_game_equal,coverage,game_equal,100,0.9183052592526113,0.007176313830908049,0.0007176313830908049,0.9178485750911074,0.008797903042230937,0.9072889694704569,0.9301175930792128,0.909698794549985,0.928374099700249
lightgbm_multiclass,LightGBM,240,coverage_game_equal,coverage,game_equal,100,0.9140979732726703,0.005057594269219356,0.0005057594269219357,0.9140403963948693,0.007244608494253235,0.9057622681294226,0.9211247333620376,0.9082834800793131,0.9195460931389593
ridge_sgd_l2,L2 one-vs-rest logistic,240,coverage_game_equal,coverage,game_equal,100,0.9370735045507159,0.00443372777725631,0.000443372777725631,0.937540082503598,0.00605586742443176,0.9295127741922211,0.943477136239778,0.930534754598082,0.9417232036394256
set_transformer,Set Transformer,240,coverage_game_equal,coverage,game_equal,100,0.9237653968525212,0.006618143239002144,0.0006618143239002144,0.9234548006488662,0.008805099790667348,0.9141608868291479,0.9361724498903744,0.9155359406296119,0.9332122620082534
zoo_cnn,Zoo CNN,240,coverage_game_equal,coverage,game_equal,100,0.9190094406644299,0.006646346381945153,0.0006646346381945152,0.9198026677925788,0.009425711545776094,0.9076798507032972,0.9303350561671512,0.9098344604420378,0.9273018675052704
lightgbm_multiclass,LightGBM,360,coverage_game_equal,coverage,game_equal,100,0.9155894166487795,0.005120639564126155,0.0005120639564126155,0.9159430352285984,0.0059014870703690825,0.9067036232055471,0.9229251059924157,0.9087702748982036,0.921643596228937
ridge_sgd_l2,L2 one-vs-rest logistic,360,coverage_game_equal,coverage,game_equal,100,0.9369227943248777,0.004373165857451633,0.0004373165857451633,0.937227930984444,0.005605913457159217,0.9290540277342472,0.9433126397119928,0.9310349341248294,0.9424910213343354
set_transformer,Set Transformer,360,coverage_game_equal,coverage,game_equal,100,0.9261340357976314,0.0076948314621336725,0.0007694831462133672,0.9252942552664194,0.010383051678317434,0.9153778509610082,0.9385097619590882,0.9174064368882652,0.9366629941681757
zoo_cnn,Zoo CNN,360,coverage_game_equal,coverage,game_equal,100,0.9188483553360683,0.00749687549887177,0.000749687549887177,0.9182730953603908,0.009306227058629934,0.9098014136111607,0.9332161673969701,0.9110236629072533,0.9294589110261414
lightgbm_multiclass,LightGBM,20,crps,crps,play,100,0.014217837126028247,0.00028403158052374357,2.8403158052374356e-05,0.014212829714601999,0.00037037832314557387,0.01376699914858133,0.014693482774570464,0.01383827549715127,0.01455166417173062
ridge_sgd_l2,L2 one-vs-rest logistic,20,crps,crps,play,100,0.014285241836098934,0.000256482718690654,2.5648271869065403e-05,0.014273337325044,0.00035544023580517427,0.013867661058267011,0.01471136657503524,0.013956867262911201,0.01464851343709765
set_transformer,Set Transformer,20,crps,crps,play,100,0.013899283931633916,0.0003282605984384003,3.2826059843840035e-05,0.0139283491632848,0.0004100696130140257,0.01341786364201253,0.014386722909758535,0.013479928848647751,0.01431944647011848
zoo_cnn,Zoo CNN,20,crps,crps,play,100,0.01628981577911666,0.0011825011596770128,0.00011825011596770128,0.016013493826115,0.0008607091064710276,0.01523336342264909,0.018659175320287234,0.01533327404918884,0.017506902995933334
lightgbm_multiclass,LightGBM,40,crps,crps,play,100,0.014036582267698685,0.0002877738957751893,2.877738957751893e-05,0.0140244073179461,0.0003772104955443237,0.01355903668599948,0.014468981194682479,0.01365719970417658,0.014401292864285759
ridge_sgd_l2,L2 one-vs-rest logistic,40,crps,crps,play,100,0.01424862181019368,0.00025241415875467554,2.5241415875467555e-05,0.014245557347161951,0.00036357537198212705,0.013862667540807255,0.014711246181190381,0.01390653815334493,0.01454417585387114
set_transformer,Set Transformer,40,crps,crps,play,100,0.013653720442130224,0.00029213221211604333,2.9213221211604332e-05,0.01365273454733365,0.00038769665770157363,0.01320385787406274,0.01412231346153457,0.013276716994149859,0.01402135584130532
zoo_cnn,Zoo CNN,40,crps,crps,play,100,0.015229899377903738,0.0007595084635789003,7.595084635789002e-05,0.0151001044016637,0.0007545615935717481,0.014397346383376395,0.016213807836456255,0.01455801135051705,0.01591230348245629
lightgbm_multiclass,LightGBM,80,crps,crps,play,100,0.013838711634908138,0.0002894582294938572,2.8945822949385722e-05,0.01383899962739295,0.00038727964048945046,0.013358182548775821,0.014287472109132069,0.013423960436304309,0.01417396682964075
ridge_sgd_l2,L2 one-vs-rest logistic,80,crps,crps,play,100,0.014238317528230628,0.00025261636266821083,2.5261636266821085e-05,0.01423265595462575,0.0003929191710971766,0.013854548310943435,0.01467308452197751,0.013930677631506759,0.01456237613309651
set_transformer,Set Transformer,80,crps,crps,play,100,0.013316960575991528,0.0002713256535965548,2.713256535965548e-05,0.013319998941373149,0.00036260591003339955,0.012888008842383916,0.013792593635184161,0.01295032684347195,0.01368862149226258
zoo_cnn,Zoo CNN,80,crps,crps,play,100,0.014232431209911573,0.0006195756375444436,6.195756375444436e-05,0.014092387353466799,0.0005544248540661247,0.013605900559163494,0.015238806522528025,0.01364362364115334,0.014949768552340731
lightgbm_multiclass,LightGBM,160,crps,crps,play,100,0.013607204957430324,0.00028375588778056126,2.8375588778056127e-05,0.01362963581456075,0.0003942159010298738,0.01311819236000226,0.01400196868567472,0.01322027714850975,0.01390321195877949
ridge_sgd_l2,L2 one-vs-rest logistic,160,crps,crps,play,100,0.014229647511731785,0.00025300364934497646,2.5300364934497645e-05,0.014217594375014301,0.00034918698917974986,0.01383618300890962,0.014666845178014915,0.01390560879831434,0.01453353533520771
set_transformer,Set Transformer,160,crps,crps,play,100,0.012875801201183153,0.00027308949733975506,2.7308949733975505e-05,0.0128411103489885,0.0003824891016299993,0.0124235305241843,0.013316237353891746,0.01257555309834032,0.01322756020876459
zoo_cnn,Zoo CNN,160,crps,crps,play,100,0.013506385461750621,0.000524196730217754,5.2419673021775396e-05,0.013477892084986051,0.000553006083073751,0.012838110292508064,0.014361479782580865,0.01292178568818085,0.01415309813996733
lightgbm_multiclass,LightGBM,240,crps,crps,play,100,0.013475707561037838,0.0002803956795021681,2.8039567950216808e-05,0.0134800586219001,0.000409913334619599,0.012998338314806861,0.01391101095574224,0.01307926850338211,0.01377898463201632
ridge_sgd_l2,L2 one-vs-rest logistic,240,crps,crps,play,100,0.014226722964271531,0.0002512434910078123,2.5124349100781234e-05,0.01421417474582375,0.00036639365443967564,0.013828497807720875,0.014651138536012395,0.013918463719476769,0.01454029768369663
set_transformer,Set Transformer,240,crps,crps,play,100,0.012676908562826515,0.0002691695996444807,2.691695996444807e-05,0.01270393713823275,0.0003537769865999251,0.01219995565627493,0.01310681917991051,0.01233176350581304,0.01306392473279429
zoo_cnn,Zoo CNN,240,crps,crps,play,100,0.013106233464402452,0.000373595250441007,3.7359525044100705e-05,0.013085888020675649,0.00047954868967272496,0.012571091468992006,0.013656313413615746,0.01267717080789282,0.01351155933102291
lightgbm_multiclass,LightGBM,360,crps,crps,play,100,0.013343954274302738,0.00027545613270227526,2.7545613270227527e-05,0.0133540233372334,0.00041252215000507457,0.012873963201797466,0.01379584951834436,0.01298751175472488,0.01364276580726062
ridge_sgd_l2,L2 one-vs-rest logistic,360,crps,crps,play,100,0.014224898578795537,0.00025216690846998073,2.5216690846998075e-05,0.0142124418724736,0.0003613201668352002,0.013815165547914395,0.01465250050529532,0.0139052649109046,0.014534069929148411
set_transformer,Set Transformer,360,crps,crps,play,100,0.012528037942038162,0.00025794266003418783,2.5794266003418783e-05,0.01252454505219505,0.00034072018555720077,0.012123256621373134,0.012959878881734265,0.01220152050712415,0.01289397639547302
zoo_cnn,Zoo CNN,360,crps,crps,play,100,0.012947139474537234,0.0004372666397238953,4.372666397238953e-05,0.012921057126404,0.0005677042639817501,0.012372388031283515,0.01371714884178678,0.01246989917707534,0.01350347558098145
lightgbm_multiclass,LightGBM,20,crps_game_equal,crps,game_equal,100,0.014174400080238332,0.0002786785382571427,2.7867853825714273e-05,0.01417950357167385,0.00035545606429600134,0.013743520542245225,0.01467529748988196,0.013803986596531731,0.01449905169077098
ridge_sgd_l2,L2 one-vs-rest logistic,20,crps_game_equal,crps,game_equal,100,0.014245051161934818,0.00025461669662656827,2.5461669662656828e-05,0.01423537527377995,0.00035854940242430015,0.01383063727703212,0.014682103098690365,0.01392192433549137,0.014606085179133069
set_transformer,Set Transformer,20,crps_game_equal,crps,game_equal,100,0.013862840051653695,0.00032777241417342667,3.277724141734267e-05,0.0138763918672682,0.0004334448891528987,0.013380115836353885,0.01436743230686994,0.013465587241074231,0.01428010472941205
zoo_cnn,Zoo CNN,20,crps_game_equal,crps,game_equal,100,0.01625983714550022,0.001187687327556551,0.00011876873275565512,0.0159891762670539,0.0008771347240579975,0.015189566647358165,0.01864916002750868,0.01528869971274723,0.017479568451360863
lightgbm_multiclass,LightGBM,40,crps_game_equal,crps,game_equal,100,0.013986466762512759,0.00028411288952153043,2.8411288952153044e-05,0.01399432449463515,0.0003905568638762,0.01349996946173784,0.01442231098799643,0.01359895459087684,0.01434497093632138
ridge_sgd_l2,L2 one-vs-rest logistic,40,crps_game_equal,crps,game_equal,100,0.014208101096213146,0.00025102462555993727,2.5102462555993726e-05,0.014204161006339248,0.00033586289041722533,0.013835152445976166,0.014589524032066745,0.01388053587318511,0.014543263950626729
set_transformer,Set Transformer,40,crps_game_equal,crps,game_equal,100,0.013614113841223043,0.00028700122588142896,2.8700122588142897e-05,0.0136118617445188,0.0003584729131807258,0.013159487301831065,0.014109652350032694,0.01323699325726644,0.0139805579130775
zoo_cnn,Zoo CNN,40,crps_game_equal,crps,game_equal,100,0.01520392744324757,0.0007714100742436223,7.714100742436223e-05,0.015066079546515749,0.0007837002738078271,0.01441313142748726,0.01613349863783498,0.01450903343873555,0.015868745111547972
lightgbm_multiclass,LightGBM,80,crps_game_equal,crps,game_equal,100,0.013787474458756695,0.0002862452004916408,2.8624520049164077e-05,0.01379652756586705,0.00037171178015104993,0.013287474425484764,0.01422242478208621,0.013421188542490171,0.014160061177900899
ridge_sgd_l2,L2 one-vs-rest logistic,80,crps_game_equal,crps,game_equal,100,0.014198001443239737,0.0002505414850750218,2.5054148507502178e-05,0.014162836814419849,0.00036701266427227423,0.013803872350803515,0.014575696394357315,0.013885137400852449,0.01451735830982641
set_transformer,Set Transformer,80,crps_game_equal,crps,game_equal,100,0.013280296083130132,0.00026670463165924085,2.6670463165924085e-05,0.0132582939109341,0.0003701825862688253,0.01285752027811745,0.013746165974508154,0.01293243023762875,0.01363985642281762
zoo_cnn,Zoo CNN,80,crps_game_equal,crps,game_equal,100,0.014201382186891627,0.0006163092101637539,6.16309210163754e-05,0.0140581249564986,0.000549498385912249,0.01356397128679726,0.015222681678776676,0.01364883406744413,0.01489397491338858
lightgbm_multiclass,LightGBM,160,crps_game_equal,crps,game_equal,100,0.013556193544882038,0.0002807501097922428,2.8075010979224282e-05,0.0135785300661506,0.00038672738278640144,0.013050514748606721,0.013938657582190764,0.01316477218759398,0.013891905088123201
ridge_sgd_l2,L2 one-vs-rest logistic,160,crps_game_equal,crps,game_equal,100,0.0141888453574416,0.0002511939441892555,2.511939441892555e-05,0.01416708451893775,0.0003561562773486994,0.013794702384960555,0.014550532730927724,0.013854027673405059,0.014525001561875191
set_transformer,Set Transformer,160,crps_game_equal,crps,game_equal,100,0.01283968702489491,0.000271030835745697,2.71030835745697e-05,0.01282859219482905,0.000342238370214399,0.012410362432489915,0.0132599473426381,0.01252586398140623,0.01320907957482118
zoo_cnn,Zoo CNN,160,crps_game_equal,crps,game_equal,100,0.013474805789647612,0.0005246871827907658,5.2468718279076584e-05,0.01344419296997945,0.0005485179440585016,0.01278469062548006,0.014325511073597056,0.012848650520372899,0.01411396065244117
lightgbm_multiclass,LightGBM,240,crps_game_equal,crps,game_equal,100,0.013426126846662834,0.0002769503936246376,2.769503936246376e-05,0.01343059628850475,0.00041048178042357546,0.01294614702105029,0.013849920776845345,0.013041978484699861,0.01375920257943274
ridge_sgd_l2,L2 one-vs-rest logistic,240,crps_game_equal,crps,game_equal,100,0.01418595270504513,0.0002491870201170457,2.4918702011704574e-05,0.0141838819420336,0.00036292236677655,0.013776700891410046,0.0145515016472672,0.01386033660706822,0.0145051830120123
set_transformer,Set Transformer,240,crps_game_equal,crps,game_equal,100,0.0126430989897521,0.00026548492754171707,2.6548492754171705e-05,0.01267070420909095,0.0003436516401430761,0.01218533426165158,0.01307678071546586,0.01228601862263197,0.01300447985147541
zoo_cnn,Zoo CNN,240,crps_game_equal,crps,game_equal,100,0.013076011431900332,0.0003693701917318325,3.693701917318325e-05,0.0130838605708803,0.00042126125750450126,0.012556512375534684,0.013647082221942594,0.01265224026171642,0.013446477816943591
lightgbm_multiclass,LightGBM,360,crps_game_equal,crps,game_equal,100,0.013296088143171023,0.00027177284102469746,2.7177284102469747e-05,0.01332106396139885,0.0004010956625929759,0.012854797726211446,0.01373589636867584,0.01290875797003567,0.01360835682992808
ridge_sgd_l2,L2 one-vs-rest logistic,360,crps_game_equal,crps,game_equal,100,0.014184154456034407,0.0002501032499190426,2.501032499190426e-05,0.01417126447356435,0.000359244127858949,0.01378462445492596,0.01458159560479106,0.01382867438170725,0.01450160618977624
set_transformer,Set Transformer,360,crps_game_equal,crps,game_equal,100,0.01249615157557306,0.0002535860436329039,2.535860436329039e-05,0.0125011851277234,0.0003485425474320774,0.012096738993733931,0.012922242363598915,0.01216379502997371,0.01283653228288879
zoo_cnn,Zoo CNN,360,crps_game_equal,crps,game_equal,100,0.01291551701514304,0.00043713746503185985,4.371374650318599e-05,0.012892138618607552,0.0005401977453078511,0.0123675726203711,0.0136453431502182,0.012443838881167199,0.01342209085966561
lightgbm_multiclass,LightGBM,20,mean_q,mean_q,play,100,1.3902117070043485,0.26244347452145894,0.026244347452145895,1.4054612148570373,0.31777563940347453,0.9745856343438546,1.8441620675294352,1.0618405935604942,1.7056709902630856
ridge_sgd_l2,L2 one-vs-rest logistic,20,mean_q,mean_q,play,100,0.36855914726694666,0.16930714897489474,0.016930714897489475,0.3448415807038453,0.2223977971109764,0.133596653392801,0.6901768967031129,0.1705896566412637,0.5843048001900911
set_transformer,Set Transformer,20,mean_q,mean_q,play,100,0.39780696242561947,0.36496659426227457,0.03649665942622746,0.293664528484499,0.5259733530934879,0.0,1.019390888376104,0.005799093629293172,0.9259698012457558
zoo_cnn,Zoo CNN,20,mean_q,mean_q,play,100,2.689161810087725,1.4365056109810612,0.14365056109810612,2.946499445967982,2.0522646526136157,0.04182126975325891,4.682540081528224,0.20376769378911883,4.404485171990876
lightgbm_multiclass,LightGBM,40,mean_q,mean_q,play,100,2.003984859770909,0.215225462070342,0.0215225462070342,1.9985313315926891,0.25977337110070153,1.6787887603112914,2.3920497184932747,1.7421376021965103,2.3207914386178317
ridge_sgd_l2,L2 one-vs-rest logistic,40,mean_q,mean_q,play,100,0.34712970113407166,0.13612754755157588,0.013612754755157589,0.34801691752235997,0.20741779428595708,0.1358185601257358,0.5818016257026445,0.18819107144912844,0.49411903848710514
set_transformer,Set Transformer,40,mean_q,mean_q,play,100,0.3680660787354802,0.27182610516861627,0.027182610516861626,0.32269952439151645,0.3314747593885014,0.0007713972343676252,0.8555149139537906,0.03305727290968975,0.7935895757127879
zoo_cnn,Zoo CNN,40,mean_q,mean_q,play,100,1.8446087740223513,0.7732988148883867,0.07732988148883867,1.8861665299744579,1.1012259641593598,0.5083532555113311,2.866152320518357,0.8780573708974077,2.717461918689494
lightgbm_multiclass,LightGBM,80,mean_q,mean_q,play,100,2.274866885718537,0.19169828730383226,0.019169828730383226,2.255430401237766,0.2679358987061793,2.0129618368917033,2.596563374222332,2.0488151081561616,2.553166082255606
ridge_sgd_l2,L2 one-vs-rest logistic,80,mean_q,mean_q,play,100,0.34189503018515066,0.11406366876950208,0.011406366876950208,0.34029583517988743,0.1497510484362587,0.18549959898177304,0.5261817471576307,0.20148465282048747,0.45661766555265865
set_transformer,Set Transformer,80,mean_q,mean_q,play,100,0.26394067452203346,0.17038274035063442,0.01703827403506344,0.25749977295816817,0.25646408913825497,0.016905481779624254,0.5639273508455426,0.057617471282881666,0.46837546186935575
zoo_cnn,Zoo CNN,80,mean_q,mean_q,play,100,0.8819145067891917,0.45785821014227274,0.045785821014227276,0.8238494519838296,0.5992034092991346,0.24634113973293298,1.7358956123758966,0.3138400172062335,1.5021008135499576
lightgbm_multiclass,LightGBM,160,mean_q,mean_q,play,100,2.018506287369728,0.18211850602684698,0.0182118506026847,2.0118293480226095,0.23835818297377442,1.7324699327082183,2.3090211510393766,1.7797576600614937,2.264491708157985
ridge_sgd_l2,L2 one-vs-rest logistic,160,mean_q,mean_q,play,100,0.31659258717284156,0.10623258652692424,0.010623258652692424,0.3002786486221159,0.1441937595486465,0.1702656149071682,0.5054137963587474,0.19261244864485585,0.448015345108305
set_transformer,Set Transformer,160,mean_q,mean_q,play,100,0.21783328326270068,0.21879836559707716,0.021879836559707717,0.139990528802461,0.3253601387713939,0.0,0.6342987104287506,0.0,0.5209001814602556
zoo_cnn,Zoo CNN,160,mean_q,mean_q,play,100,0.6248805838576484,0.4222932299287064,0.04222932299287064,0.6208886422631605,0.6887882134483481,0.00397273644634487,1.2677249930005188,0.09491565771858107,1.1731686167771316
lightgbm_multiclass,LightGBM,240,mean_q,mean_q,play,100,1.7217568911204735,0.1563396286986259,0.01563396286986259,1.7152464448400502,0.18537243575161133,1.4833419355096757,1.9829101761839405,1.5339048213543132,1.910637484577686
ridge_sgd_l2,L2 one-vs-rest logistic,240,mean_q,mean_q,play,100,0.31921652748931945,0.09056198582541149,0.009056198582541149,0.31680880767514885,0.10846817844986167,0.2012189556338527,0.47002993667719584,0.21390609728315582,0.422701176747727
set_transformer,Set Transformer,240,mean_q,mean_q,play,100,0.20378276046075744,0.208120648163718,0.0208120648163718,0.1363904655332803,0.3143857439846451,0.0,0.5831449098810888,0.0015926640926640307,0.5141117679081222
zoo_cnn,Zoo CNN,240,mean_q,mean_q,play,100,0.4919105642846647,0.3682430851442187,0.03682430851442187,0.4504871710243415,0.6459707634308566,0.0,1.1154998284774256,0.0020514490394007608,1.001357246728066
lightgbm_multiclass,LightGBM,360,mean_q,mean_q,play,100,1.4008180468629847,0.1404330358799215,0.014043303587992152,1.3863535528573667,0.1775872625844921,1.194089929319566,1.6450930357265416,1.2266562079928764,1.5753289813046882
ridge_sgd_l2,L2 one-vs-rest logistic,360,mean_q,mean_q,play,100,0.31561184221081495,0.08797879936562455,0.008797879936562456,0.31492479602181567,0.1134454152581773,0.18761877439150598,0.45319656398607516,0.20210823362808872,0.418098523274142
set_transformer,Set Transformer,360,mean_q,mean_q,play,100,0.13278398801178304,0.1812273436993829,0.01812273436993829,0.04517147211197055,0.2250165841115987,0.0,0.5505832776295231,0.0,0.34731419769515254
zoo_cnn,Zoo CNN,360,mean_q,mean_q,play,100,0.44283294737909806,0.4435742113519464,0.04435742113519464,0.2957389468885223,0.640893607861041,0.0,1.200122951754003,0.0,1.0292206702495024
lightgbm_multiclass,LightGBM,20,mean_width,mean_width,play,100,16.057834396508646,0.580446678439613,0.0580446678439613,15.994376203070011,0.834033598347629,15.26280084044255,17.11849106445793,15.389614461007483,16.774830732940792
ridge_sgd_l2,L2 one-vs-rest logistic,20,mean_width,mean_width,play,100,21.710085613400068,0.9337000562597817,0.09337000562597816,21.614127640584744,1.230555728454874,20.354288051450084,23.589192168129266,20.47441137218311,22.953975342957754
set_transformer,Set Transformer,20,mean_width,mean_width,play,100,17.07535082547462,1.5086822531736048,0.1508682253173605,16.83142393470184,1.8377438240368171,15.00795540844063,19.87751791904646,15.215790957705396,19.081206196224077
zoo_cnn,Zoo CNN,20,mean_width,mean_width,play,100,20.641105040418903,8.105972437235469,0.8105972437235469,17.65755617171198,4.271719267391017,15.47253711331996,42.761685578435525,15.734816432147474,31.447670190460833
lightgbm_multiclass,LightGBM,40,mean_width,mean_width,play,100,15.01899107609301,0.3246401119068172,0.03246401119068172,14.993440648127923,0.44474110074640905,14.486973192126682,15.510897076083141,14.61336840149824,15.458847620582233
ridge_sgd_l2,L2 one-vs-rest logistic,40,mean_width,mean_width,play,100,21.71064468787868,0.7288514691566552,0.07288514691566553,21.690075802792855,0.9409735115402746,20.57435476332657,22.96005018989223,20.870014471990217,22.772382629284728
set_transformer,Set Transformer,40,mean_width,mean_width,play,100,15.75379159988268,0.8580895792006104,0.08580895792006103,15.598664929990232,1.1168188711667195,14.575370949740021,17.010710627063773,14.784348737525994,16.811258748366146
zoo_cnn,Zoo CNN,40,mean_width,mean_width,play,100,18.090440659374373,3.4757550057711324,0.34757550057711323,17.213119242863392,2.618823821346183,15.140244113982122,23.354033935937863,15.675930779099959,20.942935050934746
lightgbm_multiclass,LightGBM,80,mean_width,mean_width,play,100,14.286418885334967,0.33299541684801737,0.03329954168480174,14.243723958231886,0.43681897078654863,13.725259591053577,14.843712887230522,13.919039844052973,14.6968940384467
ridge_sgd_l2,L2 one-vs-rest logistic,80,mean_width,mean_width,play,100,21.68481441179462,0.5322621924046905,0.05322621924046905,21.696568976949585,0.6710895810450737,20.763511603749723,22.58802202744344,20.98921680149899,22.38708685906645
set_transformer,Set Transformer,80,mean_width,mean_width,play,100,15.296277432941135,0.683617581637147,0.0683617581637147,15.288932884616923,0.9082078278482815,14.271448484325749,16.355761395695545,14.456924135823767,16.216857532753238
zoo_cnn,Zoo CNN,80,mean_width,mean_width,play,100,16.60142241016105,1.3275759400188976,0.13275759400188974,16.391508336911887,1.6081786467871453,14.72314673899304,19.025403562457853,15.182460210778597,18.34292176336472
lightgbm_multiclass,LightGBM,160,mean_width,mean_width,play,100,13.865484550986505,0.30770225310880767,0.030770225310880767,13.851414713436935,0.4333849177113862,13.437324669308696,14.37665981927226,13.496245826695413,14.28855869110896
ridge_sgd_l2,L2 one-vs-rest logistic,160,mean_width,mean_width,play,100,21.648846684907923,0.42603591953136044,0.042603591953136045,21.681773483931018,0.5438531356928031,20.99273494749053,22.28511651707369,21.114111771566794,22.139064307960613
set_transformer,Set Transformer,160,mean_width,mean_width,play,100,14.761510353136542,0.7827129113320674,0.07827129113320674,14.613124607774768,0.9720871923208865,13.413128327745069,16.154458288631037,13.898799025600242,15.775606693021201
zoo_cnn,Zoo CNN,160,mean_width,mean_width,play,100,14.94636505165052,1.214440067613562,0.12144400676135621,14.866501301508396,1.4109917833651586,13.362549551191863,16.917218977502205,13.567597974919742,16.30802441593272
lightgbm_multiclass,LightGBM,240,mean_width,mean_width,play,100,13.696381897412577,0.26545711875170297,0.026545711875170297,13.673855631598714,0.37327040174641546,13.331348344084553,14.142148274292854,13.378998308864654,14.064387421615443
ridge_sgd_l2,L2 one-vs-rest logistic,240,mean_width,mean_width,play,100,21.61244221948263,0.32876735351275943,0.03287673535127594,21.611458414774575,0.4222316211010835,21.08137552974886,22.100555087186425,21.196823437729552,22.003576517917466
set_transformer,Set Transformer,240,mean_width,mean_width,play,100,14.443138418765963,0.6939471248352956,0.06939471248352956,14.459136347408482,0.9555235721966255,13.389896688792797,15.611724537580894,13.589299030706103,15.429145703092162
zoo_cnn,Zoo CNN,240,mean_width,mean_width,play,100,14.534168730025087,0.9286218567445189,0.0928621856744519,14.44726691318752,1.1680189832902084,13.1488530851755,15.884081731372678,13.34889969673281,15.578543872992514
lightgbm_multiclass,LightGBM,360,mean_width,mean_width,play,100,13.64421001519321,0.25625020070855065,0.025625020070855063,13.644041207935995,0.32202651961863005,13.241496238138167,14.061455008474908,13.295524898790422,13.990672988942261
ridge_sgd_l2,L2 one-vs-rest logistic,360,mean_width,mean_width,play,100,21.594451071720012,0.3054769875096059,0.03054769875096059,21.57252726351239,0.402226814636947,21.114478148669264,22.07210953229502,21.223862897136076,21.964570018671623
set_transformer,Set Transformer,360,mean_width,mean_width,play,100,14.464827689242238,0.7666585784700626,0.07666585784700626,14.36192555292057,1.1144999371007422,13.37691398708838,15.863000130204458,13.580091260765512,15.494162799521732
zoo_cnn,Zoo CNN,360,mean_width,mean_width,play,100,14.110986503404083,1.2012739971234454,0.12012739971234454,13.78979451543557,1.2956297143987197,12.85342767097359,16.293211064334276,12.957624041675675,15.467788156601141
lightgbm_multiclass,LightGBM,20,mean_width_game_equal,mean_width,game_equal,100,16.079649307362512,0.5824532059658654,0.05824532059658653,15.997797305754059,0.8176961386102377,15.272564122176306,17.12435568838177,15.396110696251096,16.82668647238411
ridge_sgd_l2,L2 one-vs-rest logistic,20,mean_width_game_equal,mean_width,game_equal,100,21.656402714920443,0.9313592128680382,0.09313592128680383,21.543095967010096,1.2380547756426097,20.301281276180323,23.493171654738223,20.442499357682713,22.906777918757296
set_transformer,Set Transformer,20,mean_width_game_equal,mean_width,game_equal,100,17.077100706205275,1.5080042598022425,0.15080042598022425,16.840515233807555,1.826121596372353,15.005702308347269,19.87413513456991,15.217882929252923,19.112369853745435
zoo_cnn,Zoo CNN,20,mean_width_game_equal,mean_width,game_equal,100,20.65621419661103,8.09777366460255,0.8097773664602551,17.70123650007897,4.302951904379029,15.494685265816715,42.692035891771724,15.748560815919827,31.44265890430494
lightgbm_multiclass,LightGBM,40,mean_width_game_equal,mean_width,game_equal,100,15.043029427806095,0.3275961210778189,0.03275961210778189,15.013029385425394,0.47230643855280086,14.533306884849978,15.553025089763958,14.628573384832398,15.474489507262536
ridge_sgd_l2,L2 one-vs-rest logistic,40,mean_width_game_equal,mean_width,game_equal,100,21.65642785811178,0.7283757507251118,0.07283757507251118,21.62095995419923,0.9230449754329477,20.522219299289254,22.91370274607236,20.816279792227057,22.6946251961222
set_transformer,Set Transformer,40,mean_width_game_equal,mean_width,game_equal,100,15.75967627026762,0.857225100206501,0.0857225100206501,15.597111378157795,1.118890111209863,14.582538323913647,17.00885952588249,14.805842273162034,16.82678583865991
zoo_cnn,Zoo CNN,40,mean_width_game_equal,mean_width,game_equal,100,18.115114575626773,3.4748970428288386,0.34748970428288384,17.219879382468665,2.607039893385682,15.159128821409865,23.372054897490724,15.689612297834813,20.97910466214085
lightgbm_multiclass,LightGBM,80,mean_width_game_equal,mean_width,game_equal,100,14.306110075079564,0.33316669477016897,0.0333166694770169,14.267118387227733,0.43128887211351596,13.730653669567886,14.849359767876354,13.922956241615836,14.72831020917616
ridge_sgd_l2,L2 one-vs-rest logistic,80,mean_width_game_equal,mean_width,game_equal,100,21.62954825091668,0.5311077092598272,0.05311077092598272,21.649580361092788,0.6645666100522796,20.71581949477207,22.501284103682135,20.959987258350218,22.3568405823698
set_transformer,Set Transformer,80,mean_width_game_equal,mean_width,game_equal,100,15.308209900337303,0.6826794239635732,0.06826794239635732,15.293897313212202,0.9335085251781781,14.308028362224473,16.361990543818028,14.480992861395354,16.228914662670515
zoo_cnn,Zoo CNN,80,mean_width_game_equal,mean_width,game_equal,100,16.629855406932972,1.331809395527114,0.1331809395527114,16.421334727645025,1.614748584553892,14.742951448751482,19.074386545568807,15.20768545613243,18.342866036665715
lightgbm_multiclass,LightGBM,160,mean_width_game_equal,mean_width,game_equal,100,13.886082650643388,0.3075526986059123,0.03075526986059123,13.864725613135306,0.43292831993522896,13.462231451400191,14.40609231333458,13.516656148253539,14.308379038900304
ridge_sgd_l2,L2 one-vs-rest logistic,160,mean_width_game_equal,mean_width,game_equal,100,21.593809914873074,0.4246686208353158,0.04246686208353158,21.627396224587237,0.5588454607562952,20.923274647055155,22.195898739145814,21.064954326322205,22.06870218020082
set_transformer,Set Transformer,160,mean_width_game_equal,mean_width,game_equal,100,14.779137089468673,0.7848589422762514,0.07848589422762514,14.637432704265635,1.011068110303862,13.445431263385892,16.16907101851967,13.918461298458976,15.80521768455004
zoo_cnn,Zoo CNN,160,mean_width_game_equal,mean_width,game_equal,100,14.975608465070607,1.2214521332903991,0.12214521332903991,14.883722529350377,1.3995557209948775,13.384134201578883,16.9234228789072,13.600143134581105,16.35059132411035
lightgbm_multiclass,LightGBM,240,mean_width_game_equal,mean_width,game_equal,100,13.719049295350763,0.2657521874920447,0.02657521874920447,13.698061775605685,0.3667342112675982,13.36791243183703,14.169477502373756,13.407711118161224,14.08270366246549
ridge_sgd_l2,L2 one-vs-rest logistic,240,mean_width_game_equal,mean_width,game_equal,100,21.557506419473516,0.3297204009440515,0.032972040094405144,21.536661664693494,0.3921611433983827,21.029313438875725,22.065304290149065,21.154289412753364,21.954790331705446
set_transformer,Set Transformer,240,mean_width_game_equal,mean_width,game_equal,100,14.462700452579863,0.6941002387586004,0.06941002387586004,14.481149198707932,0.9487880913149986,13.398720937696691,15.642403577268775,13.614574049864338,15.446646488691984
zoo_cnn,Zoo CNN,240,mean_width_game_equal,mean_width,game_equal,100,14.56087582092093,0.9289595763857288,0.09289595763857288,14.490587892880368,1.1554079635250627,13.180999168624487,15.918062261667732,13.364319073054185,15.595786083035069
lightgbm_multiclass,LightGBM,360,mean_width_game_equal,mean_width,game_equal,100,13.667309323739,0.2560090265694638,0.025600902656946378,13.665323879299043,0.32324181354767845,13.274879042220698,14.073262900577463,13.312921982003699,14.004163790680463
ridge_sgd_l2,L2 one-vs-rest logistic,360,mean_width_game_equal,mean_width,game_equal,100,21.53983723053233,0.302493843164774,0.0302493843164774,21.51236119637377,0.38988572940533217,21.061548711429392,22.010766997288478,21.145276265322288,21.881069360591002
set_transformer,Set Transformer,360,mean_width_game_equal,mean_width,game_equal,100,14.484736524805687,0.7649473968668828,0.07649473968668828,14.389007391807091,1.0973815754928822,13.39700142911035,15.874372752744144,13.594680408043699,15.508065028018795
zoo_cnn,Zoo CNN,360,mean_width_game_equal,mean_width,game_equal,100,14.138200510095627,1.2064708810788836,0.12064708810788835,13.814608772045844,1.281307945898071,12.886727307247655,16.324660853213217,12.970111631493452,15.496837966012677
lightgbm_multiclass,LightGBM,20,mean_width_inclusive,mean_width_inclusive,play,100,17.057834396508646,0.5804466784396128,0.058044667843961284,16.994376203070008,0.8340335983476272,16.26280084044255,18.118491064457928,16.389614461007483,17.774830732940792
ridge_sgd_l2,L2 one-vs-rest logistic,20,mean_width_inclusive,mean_width_inclusive,play,100,22.710085613400068,0.9337000562597817,0.09337000562597816,22.614127640584744,1.230555728454874,21.354288051450084,24.589192168129266,21.47441137218311,23.953975342957754
set_transformer,Set Transformer,20,mean_width_inclusive,mean_width_inclusive,play,100,18.07535082547462,1.5086822531736048,0.1508682253173605,17.83142393470184,1.8377438240368136,16.00795540844063,20.87751791904646,16.215790957705398,20.081206196224077
zoo_cnn,Zoo CNN,20,mean_width_inclusive,mean_width_inclusive,play,100,21.641105040418903,8.105972437235469,0.8105972437235469,18.65755617171198,4.271719267391017,16.472537113319955,43.761685578435525,16.734816432147472,32.44767019046083
lightgbm_multiclass,LightGBM,40,mean_width_inclusive,mean_width_inclusive,play,100,16.01899107609301,0.3246401119068174,0.03246401119068174,15.993440648127923,0.44474110074640905,15.486973192126682,16.51089707608314,15.61336840149824,16.458847620582233
ridge_sgd_l2,L2 one-vs-rest logistic,40,mean_width_inclusive,mean_width_inclusive,play,100,22.71064468787868,0.7288514691566552,0.07288514691566553,22.690075802792855,0.9409735115402746,21.57435476332657,23.96005018989223,21.870014471990217,23.772382629284728
set_transformer,Set Transformer,40,mean_width_inclusive,mean_width_inclusive,play,100,16.753791599882682,0.8580895792006102,0.08580895792006102,16.598664929990232,1.1168188711667213,15.575370949740021,18.010710627063773,15.784348737525994,17.811258748366146
zoo_cnn,Zoo CNN,40,mean_width_inclusive,mean_width_inclusive,play,100,19.090440659374373,3.4757550057711324,0.34757550057711323,18.213119242863392,2.618823821346183,16.14024411398212,24.354033935937863,16.675930779099957,21.942935050934746
lightgbm_multiclass,LightGBM,80,mean_width_inclusive,mean_width_inclusive,play,100,15.286418885334967,0.3329954168480174,0.033299541684801745,15.243723958231886,0.43681897078654863,14.725259591053577,15.843712887230522,14.919039844052973,15.6968940384467
ridge_sgd_l2,L2 one-vs-rest logistic,80,mean_width_inclusive,mean_width_inclusive,play,100,22.68481441179462,0.5322621924046905,0.05322621924046905,22.696568976949585,0.6710895810450737,21.763511603749723,23.58802202744344,21.98921680149899,23.38708685906645
set_transformer,Set Transformer,80,mean_width_inclusive,mean_width_inclusive,play,100,16.296277432941135,0.6836175816371471,0.06836175816371472,16.288932884616926,0.9082078278482832,15.271448484325749,17.355761395695545,15.456924135823767,17.216857532753238
zoo_cnn,Zoo CNN,80,mean_width_inclusive,mean_width_inclusive,play,100,17.60142241016105,1.3275759400188976,0.13275759400188974,17.391508336911887,1.6081786467871453,15.72314673899304,20.025403562457853,16.182460210778597,19.34292176336472
lightgbm_multiclass,LightGBM,160,mean_width_inclusive,mean_width_inclusive,play,100,14.865484550986505,0.30770225310880767,0.030770225310880767,14.851414713436935,0.4333849177113862,14.437324669308696,15.37665981927226,14.496245826695413,15.28855869110896
ridge_sgd_l2,L2 one-vs-rest logistic,160,mean_width_inclusive,mean_width_inclusive,play,100,22.648846684907923,0.42603591953136044,0.042603591953136045,22.681773483931018,0.5438531356928031,21.99273494749053,23.28511651707369,22.114111771566794,23.139064307960613
set_transformer,Set Transformer,160,mean_width_inclusive,mean_width_inclusive,play,100,15.761510353136542,0.7827129113320674,0.07827129113320674,15.613124607774768,0.9720871923208865,14.413128327745069,17.154458288631037,14.898799025600242,16.775606693021203
zoo_cnn,Zoo CNN,160,mean_width_inclusive,mean_width_inclusive,play,100,15.946365051650519,1.2144400676135623,0.12144400676135622,15.866501301508396,1.4109917833651586,14.362549551191863,17.917218977502205,14.567597974919742,17.30802441593272
lightgbm_multiclass,LightGBM,240,mean_width_inclusive,mean_width_inclusive,play,100,14.696381897412577,0.26545711875170297,0.026545711875170297,14.673855631598714,0.37327040174641546,14.331348344084553,15.142148274292854,14.378998308864654,15.064387421615443
ridge_sgd_l2,L2 one-vs-rest logistic,240,mean_width_inclusive,mean_width_inclusive,play,100,22.61244221948263,0.32876735351275943,0.03287673535127594,22.611458414774575,0.4222316211010835,22.08137552974886,23.100555087186425,22.196823437729552,23.003576517917466
set_transformer,Set Transformer,240,mean_width_inclusive,mean_width_inclusive,play,100,15.443138418765963,0.6939471248352957,0.06939471248352957,15.459136347408482,0.9555235721966255,14.389896688792797,16.611724537580894,14.589299030706103,16.429145703092164
zoo_cnn,Zoo CNN,240,mean_width_inclusive,mean_width_inclusive,play,100,15.534168730025087,0.9286218567445188,0.09286218567445188,15.44726691318752,1.1680189832902048,14.1488530851755,16.884081731372678,14.34889969673281,16.578543872992512
lightgbm_multiclass,LightGBM,360,mean_width_inclusive,mean_width_inclusive,play,100,14.64421001519321,0.25625020070855065,0.025625020070855063,14.644041207935995,0.32202651961863005,14.241496238138167,15.061455008474908,14.295524898790422,14.990672988942261
ridge_sgd_l2,L2 one-vs-rest logistic,360,mean_width_inclusive,mean_width_inclusive,play,100,22.594451071720012,0.3054769875096059,0.03054769875096059,22.57252726351239,0.402226814636947,22.114478148669264,23.07210953229502,22.223862897136076,22.964570018671623
set_transformer,Set Transformer,360,mean_width_inclusive,mean_width_inclusive,play,100,15.46482768924224,0.7666585784700625,0.07666585784700625,15.36192555292057,1.114499937100744,14.37691398708838,16.863000130204455,14.580091260765512,16.49416279952173
zoo_cnn,Zoo CNN,360,mean_width_inclusive,mean_width_inclusive,play,100,15.110986503404083,1.2012739971234454,0.12012739971234454,14.78979451543557,1.2956297143987197,13.85342767097359,17.293211064334276,13.957624041675675,16.46778815660114
lightgbm_multiclass,LightGBM,20,mean_width_inclusive_game_equal,mean_width_inclusive,game_equal,100,17.079649307362516,0.5824532059658651,0.05824532059658651,16.997797305754062,0.8176961386102377,16.27256412217631,18.12435568838177,16.396110696251096,17.82668647238411
ridge_sgd_l2,L2 one-vs-rest logistic,20,mean_width_inclusive_game_equal,mean_width_inclusive,game_equal,100,22.656402714920443,0.9313592128680385,0.09313592128680384,22.543095967010096,1.2380547756426097,21.301281276180323,24.493171654738223,21.442499357682713,23.906777918757296
set_transformer,Set Transformer,20,mean_width_inclusive_game_equal,mean_width_inclusive,game_equal,100,18.077100706205275,1.5080042598022427,0.15080042598022428,17.840515233807555,1.8261215963723494,16.005702308347267,20.87413513456991,16.217882929252923,20.112369853745435
zoo_cnn,Zoo CNN,20,mean_width_inclusive_game_equal,mean_width_inclusive,game_equal,100,21.656214196611028,8.09777366460255,0.8097773664602551,18.70123650007897,4.302951904379029,16.494685265816713,43.692035891771724,16.74856081591983,32.442658904304935
lightgbm_multiclass,LightGBM,40,mean_width_inclusive_game_equal,mean_width_inclusive,game_equal,100,16.043029427806097,0.327596121077819,0.0327596121077819,16.013029385425394,0.4723064385527955,15.533306884849978,16.55302508976396,15.628573384832398,16.47448950726254
ridge_sgd_l2,L2 one-vs-rest logistic,40,mean_width_inclusive_game_equal,mean_width_inclusive,game_equal,100,22.65642785811178,0.7283757507251118,0.07283757507251118,22.62095995419923,0.9230449754329477,21.522219299289254,23.91370274607236,21.816279792227057,23.6946251961222
set_transformer,Set Transformer,40,mean_width_inclusive_game_equal,mean_width_inclusive,game_equal,100,16.759676270267622,0.8572251002065009,0.0857225100206501,16.5971113781578,1.1188901112098613,15.58253832391365,18.00885952588249,15.805842273162034,17.82678583865991
zoo_cnn,Zoo CNN,40,mean_width_inclusive_game_equal,mean_width_inclusive,game_equal,100,19.115114575626773,3.4748970428288386,0.34748970428288384,18.219879382468665,2.607039893385682,16.159128821409862,24.372054897490724,16.689612297834817,21.97910466214085
lightgbm_multiclass,LightGBM,80,mean_width_inclusive_game_equal,mean_width_inclusive,game_equal,100,15.306110075079564,0.3331666947701691,0.033316669477016905,15.267118387227736,0.43128887211351596,14.730653669567886,15.84935976787635,14.922956241615836,15.728310209176161
ridge_sgd_l2,L2 one-vs-rest logistic,80,mean_width_inclusive_game_equal,mean_width_inclusive,game_equal,100,22.62954825091668,0.531107709259827,0.053110770925982695,22.649580361092788,0.6645666100522796,21.71581949477207,23.501284103682135,21.959987258350218,23.356840582369795
set_transformer,Set Transformer,80,mean_width_inclusive_game_equal,mean_width_inclusive,game_equal,100,16.308209900337303,0.6826794239635732,0.06826794239635732,16.293897313212202,0.9335085251781816,15.308028362224473,17.361990543818028,15.480992861395354,17.228914662670515
zoo_cnn,Zoo CNN,80,mean_width_inclusive_game_equal,mean_width_inclusive,game_equal,100,17.629855406932972,1.3318093955271137,0.13318093955271137,17.421334727645025,1.6147485845538938,15.742951448751482,20.074386545568807,16.20768545613243,19.342866036665715
lightgbm_multiclass,LightGBM,160,mean_width_inclusive_game_equal,mean_width_inclusive,game_equal,100,14.886082650643388,0.30755269860591233,0.030755269860591232,14.864725613135306,0.4329283199352272,14.462231451400191,15.406092313334582,14.516656148253539,15.308379038900307
ridge_sgd_l2,L2 one-vs-rest logistic,160,mean_width_inclusive_game_equal,mean_width_inclusive,game_equal,100,22.593809914873074,0.42466862083531587,0.042466862083531585,22.627396224587237,0.5588454607562952,21.923274647055155,23.195898739145814,22.064954326322205,23.06870218020082
set_transformer,Set Transformer,160,mean_width_inclusive_game_equal,mean_width_inclusive,game_equal,100,15.779137089468673,0.7848589422762515,0.07848589422762516,15.637432704265635,1.0110681103038655,14.445431263385892,17.169071018519674,14.918461298458976,16.80521768455004
zoo_cnn,Zoo CNN,160,mean_width_inclusive_game_equal,mean_width_inclusive,game_equal,100,15.975608465070607,1.2214521332903991,0.12214521332903991,15.883722529350377,1.3995557209948757,14.384134201578886,17.9234228789072,14.600143134581103,17.35059132411035
lightgbm_multiclass,LightGBM,240,mean_width_inclusive_game_equal,mean_width_inclusive,game_equal,100,14.719049295350763,0.2657521874920445,0.02657521874920445,14.698061775605687,0.3667342112675982,14.36791243183703,15.169477502373756,14.407711118161222,15.08270366246549
ridge_sgd_l2,L2 one-vs-rest logistic,240,mean_width_inclusive_game_equal,mean_width_inclusive,game_equal,100,22.557506419473516,0.3297204009440513,0.03297204009440513,22.536661664693494,0.3921611433983827,22.029313438875725,23.065304290149065,22.154289412753364,22.954790331705446
set_transformer,Set Transformer,240,mean_width_inclusive_game_equal,mean_width_inclusive,game_equal,100,15.462700452579863,0.6941002387586002,0.06941002387586001,15.48114919870793,0.9487880913149986,14.398720937696691,16.642403577268773,14.614574049864338,16.446646488691986
zoo_cnn,Zoo CNN,240,mean_width_inclusive_game_equal,mean_width_inclusive,game_equal,100,15.56087582092093,0.9289595763857286,0.09289595763857286,15.490587892880367,1.1554079635250627,14.180999168624487,16.918062261667732,14.364319073054187,16.59578608303507
lightgbm_multiclass,LightGBM,360,mean_width_inclusive_game_equal,mean_width_inclusive,game_equal,100,14.667309323739,0.25600902656946367,0.025600902656946367,14.665323879299043,0.32324181354767845,14.2748790422207,15.073262900577463,14.312921982003699,15.004163790680463
ridge_sgd_l2,L2 one-vs-rest logistic,360,mean_width_inclusive_game_equal,mean_width_inclusive,game_equal,100,22.53983723053233,0.3024938431647739,0.03024938431647739,22.512361196373767,0.38988572940533217,22.061548711429392,23.010766997288478,22.145276265322288,22.881069360591002
set_transformer,Set Transformer,360,mean_width_inclusive_game_equal,mean_width_inclusive,game_equal,100,15.484736524805687,0.7649473968668831,0.07649473968668831,15.389007391807091,1.097381575492884,14.39700142911035,16.874372752744144,14.594680408043699,16.508065028018795
zoo_cnn,Zoo CNN,360,mean_width_inclusive_game_equal,mean_width_inclusive,game_equal,100,15.138200510095627,1.2064708810788836,0.12064708810788835,14.814608772045844,1.2813079458980727,13.886727307247655,17.324660853213217,13.970111631493458,16.496837966012677
