metric,model_a,model_b,contrast,n_repeats,mean,sd,mcse,pointwise_lower,pointwise_upper,simultaneous_lower,simultaneous_upper,confidence,max_t_critical,bootstrap_draws
crps,ridge_sgd_l2,lightgbm_multiclass,change(ridge_sgd_l2) - change(lightgbm_multiclass),100,0.0008135395944221073,9.661822120796335e-05,9.661822120796336e-06,0.0007943684431875617,0.0008327107456566529,0.0007835424396810418,0.0008435367491631728,0.95,3.1047098948860716,10000
crps,ridge_sgd_l2,zoo_cnn,change(ridge_sgd_l2) - change(zoo_cnn),100,0.003282333047276021,0.0012473948925678761,0.0001247394892567876,0.0030348228381701678,0.003529843256381874,0.0028950531206974376,0.003669612973854604,0.95,3.1047098948860716,10000
crps,ridge_sgd_l2,set_transformer,change(ridge_sgd_l2) - change(set_transformer),100,0.0013109027322923505,0.00022466371969002679,2.246637196900268e-05,0.001266324576192556,0.001355480888392145,0.0012411511649379969,0.0013806542996467042,0.95,3.1047098948860716,10000
crps,lightgbm_multiclass,zoo_cnn,change(lightgbm_multiclass) - change(zoo_cnn),100,0.0024687934528539136,0.0012349730463344052,0.00012349730463344052,0.002223748007534609,0.002713838898173218,0.0020853701491667116,0.0028522167565411156,0.95,3.1047098948860716,10000
crps,lightgbm_multiclass,set_transformer,change(lightgbm_multiclass) - change(set_transformer),100,0.0004973631378702431,0.00023247910234176956,2.3247910234176955e-05,0.000451234240296437,0.0005434920354440492,0.00042518512093077073,0.0005695411548097155,0.95,3.1047098948860716,10000
crps,zoo_cnn,set_transformer,change(zoo_cnn) - change(set_transformer),100,-0.0019714303149836712,0.001247645215878817,0.0001247645215878817,-0.0022189901936652172,-0.0017238704363021255,-0.0023587879596882943,-0.0015840726702790481,0.95,3.1047098948860716,10000
coverage,ridge_sgd_l2,lightgbm_multiclass,change(ridge_sgd_l2) - change(lightgbm_multiclass),100,0.0001146120988231214,0.006340230765486483,0.0006340230765486483,-0.0011434272373123937,0.0013726514349586365,-0.0018538456205235761,0.002083069818169819,0.95,3.1047098948860716,10000
coverage,ridge_sgd_l2,zoo_cnn,change(ridge_sgd_l2) - change(zoo_cnn),100,0.008825427462389328,0.02321028962600748,0.002321028962600748,0.004220002449854312,0.013430852474924345,0.0016193058758856328,0.016031549048893024,0.95,3.1047098948860716,10000
coverage,ridge_sgd_l2,set_transformer,change(ridge_sgd_l2) - change(set_transformer),100,-0.0008104184946717774,0.01172696076773608,0.0011726960767736079,-0.0031373019291736975,0.0015164649398301429,-0.004451299607924874,0.002830462618581319,0.95,3.1047098948860716,10000
coverage,lightgbm_multiclass,zoo_cnn,change(lightgbm_multiclass) - change(zoo_cnn),100,0.008710815363566209,0.02232111430336513,0.002232111430336513,0.0042818220258362075,0.01313980870129621,0.0017807569193121339,0.015640873807820282,0.95,3.1047098948860716,10000
coverage,lightgbm_multiclass,set_transformer,change(lightgbm_multiclass) - change(set_transformer),100,-0.0009250305934948988,0.012124432417719318,0.0012124432417719318,-0.0033307810265609064,0.0014807198395711085,-0.004689315123211961,0.0028392539362221635,0.95,3.1047098948860716,10000
coverage,zoo_cnn,set_transformer,change(zoo_cnn) - change(set_transformer),100,-0.009635845957061106,0.02414420489516738,0.002414420489516738,-0.01442658002043011,-0.004845111893692103,-0.017131921141279396,-0.0021397707728428176,0.95,3.1047098948860716,10000
mean_width,ridge_sgd_l2,lightgbm_multiclass,change(ridge_sgd_l2) - change(lightgbm_multiclass),100,2.297989839635385,0.6680007436590055,0.06680007436590055,2.1654439997165245,2.4305356795542457,2.090594987772448,2.505384691498322,0.95,3.1047098948860716,10000
mean_width,ridge_sgd_l2,zoo_cnn,change(ridge_sgd_l2) - change(zoo_cnn),100,6.41448399533476,8.363131155803812,0.8363131155803811,4.755057334631127,8.073910656038393,3.817974390169352,9.010993600500168,0.95,3.1047098948860716,10000
mean_width,ridge_sgd_l2,set_transformer,change(ridge_sgd_l2) - change(set_transformer),100,2.4948885945523274,1.4907367516844612,0.1490736751684461,2.1990940812593975,2.790683107845257,2.0320580801898207,2.957719108914834,0.95,3.1047098948860716,10000
mean_width,lightgbm_multiclass,zoo_cnn,change(lightgbm_multiclass) - change(zoo_cnn),100,4.116494155699372,8.20353592251322,0.820353592251322,2.4887346517232567,5.744253659675487,1.5695342405313588,6.663454070867385,0.95,3.1047098948860716,10000
mean_width,lightgbm_multiclass,set_transformer,change(lightgbm_multiclass) - change(set_transformer),100,0.19689875491694223,1.3992776220203165,0.13992776220203165,-0.08074828283100491,0.4745457926648894,-0.23753635296097067,0.6313338627948551,0.95,3.1047098948860716,10000
mean_width,zoo_cnn,set_transformer,change(zoo_cnn) - change(set_transformer),100,-3.9195954007824327,8.211733121814637,0.8211733121814637,-5.548981406939425,-2.2902093946254407,-6.469100308528592,-1.3700904930362734,0.95,3.1047098948860716,10000
mean_width_inclusive,ridge_sgd_l2,lightgbm_multiclass,change(ridge_sgd_l2) - change(lightgbm_multiclass),100,2.297989839635385,0.6680007436590055,0.06680007436590055,2.1654439997165245,2.4305356795542457,2.090594987772448,2.505384691498322,0.95,3.1047098948860716,10000
mean_width_inclusive,ridge_sgd_l2,zoo_cnn,change(ridge_sgd_l2) - change(zoo_cnn),100,6.41448399533476,8.363131155803812,0.8363131155803811,4.755057334631127,8.073910656038393,3.817974390169352,9.010993600500168,0.95,3.1047098948860716,10000
mean_width_inclusive,ridge_sgd_l2,set_transformer,change(ridge_sgd_l2) - change(set_transformer),100,2.4948885945523283,1.4907367516844612,0.1490736751684461,2.1990940812593984,2.790683107845258,2.0320580801898216,2.957719108914835,0.95,3.1047098948860716,10000
mean_width_inclusive,lightgbm_multiclass,zoo_cnn,change(lightgbm_multiclass) - change(zoo_cnn),100,4.116494155699374,8.203535922513218,0.8203535922513219,2.488734651723259,5.744253659675488,1.569534240531361,6.663454070867386,0.95,3.1047098948860716,10000
mean_width_inclusive,lightgbm_multiclass,set_transformer,change(lightgbm_multiclass) - change(set_transformer),100,0.19689875491694253,1.3992776220203162,0.13992776220203162,-0.08074828283100455,0.4745457926648896,-0.2375363529609703,0.6313338627948554,0.95,3.1047098948860716,10000
mean_width_inclusive,zoo_cnn,set_transformer,change(zoo_cnn) - change(set_transformer),100,-3.9195954007824314,8.211733121814639,0.8211733121814639,-5.548981406939424,-2.290209394625439,-6.469100308528592,-1.3700904930362712,0.95,3.1047098948860716,10000
mean_q,ridge_sgd_l2,lightgbm_multiclass,change(ridge_sgd_l2) - change(lightgbm_multiclass),100,-0.06355364491476831,0.22761097560866042,0.022761097560866042,-0.10871660052998164,-0.01839068929955498,-0.13422024973045632,0.007112959900919716,0.95,3.1047098948860716,10000
mean_q,ridge_sgd_l2,zoo_cnn,change(ridge_sgd_l2) - change(zoo_cnn),100,2.193381557652496,1.5267121867414615,0.15267121867414615,1.8904487375517665,2.496314377753226,1.7193817143705594,2.667381400934433,0.95,3.1047098948860716,10000
mean_q,ridge_sgd_l2,set_transformer,change(ridge_sgd_l2) - change(set_transformer),100,0.2120756693577048,0.3876228515921895,0.03876228515921895,0.13516288606556914,0.28898845264984047,0.0917300190754822,0.3324213196399274,0.95,3.1047098948860716,10000
mean_q,lightgbm_multiclass,zoo_cnn,change(lightgbm_multiclass) - change(zoo_cnn),100,2.256935202567264,1.5209874067993991,0.15209874067993992,1.9551383030070042,2.558732102127524,1.784712737378544,2.7291576677559846,0.95,3.1047098948860716,10000
mean_q,lightgbm_multiclass,set_transformer,change(lightgbm_multiclass) - change(set_transformer),100,0.2756293142724731,0.4294524925290964,0.04294524925290964,0.1904166227180842,0.360842005826862,0.14229677397861587,0.4089618545663304,0.95,3.1047098948860716,10000
mean_q,zoo_cnn,set_transformer,change(zoo_cnn) - change(set_transformer),100,-1.9813058882947907,1.5648849996257328,0.15648849996257327,-2.2918130226366946,-1.670798753952887,-2.4671572825644708,-1.4954544940251109,0.95,3.1047098948860716,10000
crps_game_equal,ridge_sgd_l2,lightgbm_multiclass,change(ridge_sgd_l2) - change(lightgbm_multiclass),100,0.000817415231166897,9.707029244155493e-05,9.707029244155493e-06,0.0007981543791918532,0.0008366760831419408,0.000787277721422619,0.000847552740911175,0.95,3.1047098948860716,10000
crps_game_equal,ridge_sgd_l2,zoo_cnn,change(ridge_sgd_l2) - change(zoo_cnn),100,0.0032834234244567646,0.0012577088512331785,0.00012577088512331786,0.0030338667021888263,0.003532980146724703,0.0028929413129258202,0.003673905535987709,0.95,3.1047098948860716,10000
crps_game_equal,ridge_sgd_l2,set_transformer,change(ridge_sgd_l2) - change(set_transformer),100,0.0013057917701802166,0.00022669724688497415,2.2669724688497416e-05,0.0012608101181672653,0.001350773422193168,0.0012354088516254957,0.0013761746887349375,0.95,3.1047098948860716,10000
crps_game_equal,lightgbm_multiclass,zoo_cnn,change(lightgbm_multiclass) - change(zoo_cnn),100,0.002466008193289867,0.00124514141956064,0.000124514141956064,0.0022189451221180864,0.002713071264461648,0.0020794279047056264,0.002852588481874108,0.95,3.1047098948860716,10000
crps_game_equal,lightgbm_multiclass,set_transformer,change(lightgbm_multiclass) - change(set_transformer),100,0.0004883765390133191,0.00023513456364062453,2.3513456364062453e-05,0.0004417207403071867,0.0005350323377194515,0.00041537407837684254,0.0005613789996497956,0.95,3.1047098948860716,10000
crps_game_equal,zoo_cnn,set_transformer,change(zoo_cnn) - change(set_transformer),100,-0.0019776316542765497,0.0012573143597923231,0.0001257314359792323,-0.002227110100884071,-0.0017281532076690283,-0.0023679912876595067,-0.0015872720208935924,0.95,3.1047098948860716,10000
coverage_game_equal,ridge_sgd_l2,lightgbm_multiclass,change(ridge_sgd_l2) - change(lightgbm_multiclass),100,-0.0002019633953221689,0.0064054184737833515,0.0006405418473783351,-0.001472937387040949,0.0010690105963966111,-0.00219066000696629,0.001786733216321952,0.95,3.1047098948860716,10000
coverage_game_equal,ridge_sgd_l2,zoo_cnn,change(ridge_sgd_l2) - change(zoo_cnn),100,0.008961586979474858,0.023117446162635693,0.0023117446162635694,0.004374584124325748,0.013548589834623967,0.0017842905949117492,0.016138883364037966,0.95,3.1047098948860716,10000
coverage_game_equal,ridge_sgd_l2,set_transformer,change(ridge_sgd_l2) - change(set_transformer),100,-0.0009204910760368634,0.011799160420154832,0.0011799160420154831,-0.003261700487961016,0.0014207183358872894,-0.004583788086817144,0.002742805934743417,0.95,3.1047098948860716,10000
coverage_game_equal,lightgbm_multiclass,zoo_cnn,change(lightgbm_multiclass) - change(zoo_cnn),100,0.009163550374797026,0.022214371432353615,0.0022214371432353617,0.0047557371384784,0.013571363611115652,0.002266632495326751,0.016060468254267303,0.95,3.1047098948860716,10000
coverage_game_equal,lightgbm_multiclass,set_transformer,change(lightgbm_multiclass) - change(set_transformer),100,-0.0007185276807146945,0.01225226256867949,0.001225226256867949,-0.0031496423890256106,0.0017125870275962218,-0.004522499763886839,0.0030854444024574507,0.95,3.1047098948860716,10000
coverage_game_equal,zoo_cnn,set_transformer,change(zoo_cnn) - change(set_transformer),100,-0.009882078055511721,0.024162478908991838,0.0024162478908991837,-0.014676438079680984,-0.005087718031342459,-0.017383826790884016,-0.002380329320139424,0.95,3.1047098948860716,10000
mean_width_game_equal,ridge_sgd_l2,lightgbm_multiclass,change(ridge_sgd_l2) - change(lightgbm_multiclass),100,2.295774499235399,0.666618895280456,0.06666188952804561,2.163502848014252,2.428046150456546,2.0888086712058738,2.5027403272649242,0.95,3.1047098948860716,10000
mean_width_game_equal,ridge_sgd_l2,zoo_cnn,change(ridge_sgd_l2) - change(zoo_cnn),100,6.401448202127292,8.356611364439543,0.8356611364439542,4.743315209478188,8.059581194776396,3.8069628030380076,8.995933601216576,0.95,3.1047098948860716,10000
mean_width_game_equal,ridge_sgd_l2,set_transformer,change(ridge_sgd_l2) - change(set_transformer),100,2.475798697011479,1.4893798578648476,0.14893798578648476,2.1802734208903765,2.7713239731325814,2.0133894588157784,2.9382079352071795,0.95,3.1047098948860716,10000
mean_width_game_equal,lightgbm_multiclass,zoo_cnn,change(lightgbm_multiclass) - change(zoo_cnn),100,4.105673702891893,8.195458878778867,0.8195458878778867,2.479516859625355,5.73183054615843,1.5612214754842264,6.650125930299559,0.95,3.1047098948860716,10000
mean_width_game_equal,lightgbm_multiclass,set_transformer,change(lightgbm_multiclass) - change(set_transformer),100,0.1800241977760792,1.3999213331608023,0.13999213331608024,-0.09775056622755063,0.457798961779709,-0.2546107637365652,0.6146591592887236,0.95,3.1047098948860716,10000
mean_width_game_equal,zoo_cnn,set_transformer,change(zoo_cnn) - change(set_transformer),100,-3.9256495051158122,8.205706649176115,0.8205706649176114,-5.553839728356088,-2.297459281875536,-6.473283367938763,-1.378015642292861,0.95,3.1047098948860716,10000
mean_width_inclusive_game_equal,ridge_sgd_l2,lightgbm_multiclass,change(ridge_sgd_l2) - change(lightgbm_multiclass),100,2.2957744992354,0.6666188952804557,0.06666188952804557,2.163502848014253,2.428046150456547,2.0888086712058747,2.502740327264925,0.95,3.1047098948860716,10000
mean_width_inclusive_game_equal,ridge_sgd_l2,zoo_cnn,change(ridge_sgd_l2) - change(zoo_cnn),100,6.401448202127292,8.356611364439544,0.8356611364439545,4.743315209478188,8.059581194776397,3.806962803038007,8.995933601216578,0.95,3.1047098948860716,10000
mean_width_inclusive_game_equal,ridge_sgd_l2,set_transformer,change(ridge_sgd_l2) - change(set_transformer),100,2.4757986970114785,1.4893798578648476,0.14893798578648476,2.180273420890376,2.771323973132581,2.0133894588157784,2.9382079352071786,0.95,3.1047098948860716,10000
mean_width_inclusive_game_equal,lightgbm_multiclass,zoo_cnn,change(lightgbm_multiclass) - change(zoo_cnn),100,4.105673702891891,8.195458878778867,0.8195458878778867,2.4795168596253534,5.731830546158428,1.5612214754842246,6.6501259302995575,0.95,3.1047098948860716,10000
mean_width_inclusive_game_equal,lightgbm_multiclass,set_transformer,change(lightgbm_multiclass) - change(set_transformer),100,0.18002419777607875,1.399921333160802,0.1399921333160802,-0.09775056622755102,0.4577989617797085,-0.25461076373656555,0.6146591592887231,0.95,3.1047098948860716,10000
mean_width_inclusive_game_equal,zoo_cnn,set_transformer,change(zoo_cnn) - change(set_transformer),100,-3.9256495051158122,8.205706649176115,0.8205706649176114,-5.553839728356088,-2.297459281875536,-6.473283367938763,-1.378015642292861,0.95,3.1047098948860716,10000
