metric,base_metric,aggregation,n_train,model_a,model_b,contrast,n_repeats,log_sd_ratio,log_bootstrap_lower,log_bootstrap_upper,sd_ratio,ratio_bootstrap_lower,ratio_bootstrap_upper,bca_bias_correction,bca_acceleration,regularized,confidence,bootstrap_draws,interval_method
crps,crps,play,20,ridge_sgd_l2,lightgbm_multiclass,log SD(ridge_sgd_l2) / SD(lightgbm_multiclass),100,-0.10202414219091338,-0.18172637891220947,-0.026745246494393415,0.9030077508202012,0.8338294625293706,0.9736092403007743,0.0025066308995717666,-0.019382467855358642,False,0.95,10000,bca_repeat_block
crps,crps,play,20,ridge_sgd_l2,zoo_cnn,log SD(ridge_sgd_l2) / SD(zoo_cnn),100,-1.5283258122495775,-1.8617419849688877,-1.2124539126550522,0.21689849231159167,0.15540168704394305,0.2974664264436355,-0.0393642276393018,-0.07818401323456818,False,0.95,10000,bca_repeat_block
crps,crps,play,20,ridge_sgd_l2,set_transformer,log SD(ridge_sgd_l2) / SD(set_transformer),100,-0.24674651154892402,-0.4276964260712895,-0.12613205820865628,0.7813387287746152,0.6520093177882749,0.8814984299930906,-0.040869415452702035,-0.0651577424621407,False,0.95,10000,bca_repeat_block
crps,crps,play,20,lightgbm_multiclass,zoo_cnn,log SD(lightgbm_multiclass) / SD(zoo_cnn),100,-1.4263016700586642,-1.773442811703194,-1.1080750566102497,0.24019560420670028,0.16974757273496732,0.33019395438585597,-0.04488371162510891,-0.07652900934192729,False,0.95,10000,bca_repeat_block
crps,crps,play,20,lightgbm_multiclass,set_transformer,log SD(lightgbm_multiclass) / SD(set_transformer),100,-0.14472236935801064,-0.32130697775265116,-0.0124427758357193,0.8652624831458268,0.7252005963675877,0.9876343154251713,-0.02707489287656524,-0.048008697111816594,False,0.95,10000,bca_repeat_block
crps,crps,play,20,zoo_cnn,set_transformer,log SD(zoo_cnn) / SD(set_transformer),100,1.2815793007006535,0.9564577496916581,1.6417428617202101,3.602324388922727,2.6024615566345464,5.164162093975693,0.04839681198128462,0.06688677363870374,False,0.95,10000,bca_repeat_block
crps,crps,play,40,ridge_sgd_l2,lightgbm_multiclass,log SD(ridge_sgd_l2) / SD(lightgbm_multiclass),100,-0.13110386209597635,-0.19917717694715334,-0.060787963623633354,0.8771266694456248,0.8194047008475456,0.9410227496775042,0.0233137547405855,-0.0003670564056219281,False,0.95,10000,bca_repeat_block
crps,crps,play,40,ridge_sgd_l2,zoo_cnn,log SD(ridge_sgd_l2) / SD(zoo_cnn),100,-1.1016002400069995,-1.4650740923829966,-0.7825838383495921,0.3323388360483442,0.23106087099254016,0.45722309316627396,-0.050153583464733656,-0.07662776255714836,False,0.95,10000,bca_repeat_block
crps,crps,play,40,ridge_sgd_l2,set_transformer,log SD(ridge_sgd_l2) / SD(set_transformer),100,-0.14613525542701566,-0.2595521550851948,-0.043399456948260653,0.864040829069597,0.7713969746698718,0.9575288221212495,-0.006517279650583851,-0.005230317877561599,False,0.95,10000,bca_repeat_block
crps,crps,play,40,lightgbm_multiclass,zoo_cnn,log SD(lightgbm_multiclass) / SD(zoo_cnn),100,-0.9704963779110232,-1.3421083859897525,-0.6537023077824873,0.37889491635044475,0.2612941784225694,0.5201165760699078,-0.06672579327973209,-0.07933371369363959,False,0.95,10000,bca_repeat_block
crps,crps,play,40,lightgbm_multiclass,set_transformer,log SD(lightgbm_multiclass) / SD(set_transformer),100,-0.015031393331039311,-0.10704999525610116,0.07164358458812378,0.9850810141432611,0.8984807520920962,1.0742723885864052,-0.006517279650583851,-0.005830695735229383,False,0.95,10000,bca_repeat_block
crps,crps,play,40,zoo_cnn,set_transformer,log SD(zoo_cnn) / SD(set_transformer),100,0.9554649845799839,0.6443299678429607,1.3069012520101007,2.599879205642725,1.9047103844157258,3.6947069892870905,0.06119991177015732,0.0769749589671304,False,0.95,10000,bca_repeat_block
crps,crps,play,80,ridge_sgd_l2,lightgbm_multiclass,log SD(ridge_sgd_l2) / SD(lightgbm_multiclass),100,-0.13613901679705265,-0.19131703139544148,-0.08290249207418193,0.8727213011353632,0.8258707196964068,0.9204408931269119,0.002757294595891845,-0.0190239061528133,False,0.95,10000,bca_repeat_block
crps,crps,play,80,ridge_sgd_l2,zoo_cnn,log SD(ridge_sgd_l2) / SD(zoo_cnn),100,-0.8971628033083956,-1.28292774986132,-0.6231186047584913,0.40772481576165576,0.27722446725211114,0.5362694147364792,-0.08708996732542465,-0.10095377639988773,False,0.95,10000,bca_repeat_block
crps,crps,play,80,ridge_sgd_l2,set_transformer,log SD(ridge_sgd_l2) / SD(set_transformer),100,-0.0714477884250595,-0.14761495341732564,0.003538084106023535,0.9310448876457714,0.8627632550362464,1.003544350513774,0.01504033667863567,-0.01063094710665703,False,0.95,10000,bca_repeat_block
crps,crps,play,80,lightgbm_multiclass,zoo_cnn,log SD(lightgbm_multiclass) / SD(zoo_cnn),100,-0.761023786511343,-1.1521631718409668,-0.48563011152169744,0.4671878814361788,0.31595256992301474,0.6153093610694292,-0.08708996732542465,-0.09820891999227362,False,0.95,10000,bca_repeat_block
crps,crps,play,80,lightgbm_multiclass,set_transformer,log SD(lightgbm_multiclass) / SD(set_transformer),100,0.06469122837199315,-0.026018406614574788,0.1536363394253596,1.0668295668210828,0.9743171555633413,1.166066757156526,0.0050132775489266585,0.005409511291154242,False,0.95,10000,bca_repeat_block
crps,crps,play,80,zoo_cnn,set_transformer,log SD(zoo_cnn) / SD(set_transformer),100,0.8257150148833361,0.5457808973979839,1.1927104071687757,2.2835129274790904,1.7259556505454143,3.2960026207216724,0.0752698620998299,0.09697404852108547,False,0.95,10000,bca_repeat_block
crps,crps,play,160,ridge_sgd_l2,lightgbm_multiclass,log SD(ridge_sgd_l2) / SD(lightgbm_multiclass),100,-0.11471040555583123,-0.1657197542630899,-0.0702556213569189,0.8916243159706203,0.8472836485511245,0.9321555105922937,-0.015792414544589822,-0.01697269542885351,False,0.95,10000,bca_repeat_block
crps,crps,play,160,ridge_sgd_l2,zoo_cnn,log SD(ridge_sgd_l2) / SD(zoo_cnn),100,-0.7284631402962454,-0.9732507709690056,-0.5196322938698439,0.4826501860091312,0.3778527267818972,0.5947391970170206,-0.032591936696663076,-0.052241226504140585,False,0.95,10000,bca_repeat_block
crps,crps,play,160,ridge_sgd_l2,set_transformer,log SD(ridge_sgd_l2) / SD(set_transformer),100,-0.07639565763217782,-0.17420889139940868,0.01721274613982477,0.9264495771882681,0.840121385195721,1.0173617390863052,-0.020054370352950632,-0.008727416545537827,False,0.95,10000,bca_repeat_block
crps,crps,play,160,lightgbm_multiclass,zoo_cnn,log SD(lightgbm_multiclass) / SD(zoo_cnn),100,-0.6137527347404141,-0.870304942434797,-0.4091467637079025,0.5413156386204195,0.4188238126192986,0.6642167422564456,-0.03735744868497225,-0.05763036189357837,False,0.95,10000,bca_repeat_block
crps,crps,play,160,lightgbm_multiclass,set_transformer,log SD(lightgbm_multiclass) / SD(set_transformer),100,0.038314747923653414,-0.06113072906845145,0.14498718055270432,1.0390582228342855,0.9407002548693226,1.156024750574669,0.00701861679253328,0.006059167623851339,False,0.95,10000,bca_repeat_block
crps,crps,play,160,zoo_cnn,set_transformer,log SD(zoo_cnn) / SD(set_transformer),100,0.6520674826640676,0.44269119340614344,0.9032455578089922,1.919505273267917,1.5568914817448922,2.467598863561013,0.03284273371844667,0.04951805440953,False,0.95,10000,bca_repeat_block
crps,crps,play,240,ridge_sgd_l2,lightgbm_multiclass,log SD(ridge_sgd_l2) / SD(lightgbm_multiclass),100,-0.10977919410307813,-0.14989677553097486,-0.07157056200460377,0.896031962596179,0.8607968271346147,0.9309305869488952,-0.010528033237178321,-0.009818214436877378,False,0.95,10000,bca_repeat_block
crps,crps,play,240,ridge_sgd_l2,zoo_cnn,log SD(ridge_sgd_l2) / SD(zoo_cnn),100,-0.39675044072038457,-0.6385718785013641,-0.20495114827764271,0.6725018337659227,0.528045999660584,0.814687114308025,-0.061953327272426355,-0.04302901221220641,False,0.95,10000,bca_repeat_block
crps,crps,play,240,ridge_sgd_l2,set_transformer,log SD(ridge_sgd_l2) / SD(set_transformer),100,-0.06891911028019138,-0.1598400420027059,0.026879422258869443,0.9334021796653724,0.8522801070823967,1.0272439325426677,0.017296597500018798,0.009434692331954177,False,0.95,10000,bca_repeat_block
crps,crps,play,240,lightgbm_multiclass,zoo_cnn,log SD(lightgbm_multiclass) / SD(zoo_cnn),100,-0.28697124661730644,-0.5356495035293554,-0.09262333313459896,0.7505333088982716,0.5852890193807796,0.9115367813429102,-0.06572094093465736,-0.04279088418721411,False,0.95,10000,bca_repeat_block
crps,crps,play,240,lightgbm_multiclass,set_transformer,log SD(lightgbm_multiclass) / SD(set_transformer),100,0.04086008382288675,-0.04847510193394973,0.13930228528247313,1.0417063437792067,0.9526810589264774,1.149471515813469,0.029080986449119637,0.016347388290344038,False,0.95,10000,bca_repeat_block
crps,crps,play,240,zoo_cnn,set_transformer,log SD(zoo_cnn) / SD(set_transformer),100,0.3278313304401932,0.1451441285884489,0.5558326025233156,1.3879548468120033,1.1562062006272862,1.743391933181298,0.05642906916247393,0.04888367401020005,False,0.95,10000,bca_repeat_block
crps,crps,play,360,ridge_sgd_l2,lightgbm_multiclass,log SD(ridge_sgd_l2) / SD(lightgbm_multiclass),100,-0.08833718451131922,-0.12675592344269812,-0.0485291828225763,0.9154521483917533,0.8809486652761335,0.9526295384813812,0.004261280963260362,-0.00604024315203356,False,0.95,10000,bca_repeat_block
crps,crps,play,360,ridge_sgd_l2,zoo_cnn,log SD(ridge_sgd_l2) / SD(zoo_cnn),100,-0.5504519651125763,-0.8345378036568014,-0.365431389083924,0.5766891081130898,0.4340750629821749,0.6938972466052041,-0.06747947670031154,-0.08015570865929036,False,0.95,10000,bca_repeat_block
crps,crps,play,360,ridge_sgd_l2,set_transformer,log SD(ridge_sgd_l2) / SD(set_transformer),100,-0.022646108828766387,-0.12108970199385058,0.056900273362328266,0.9776083895411509,0.8859544841446871,1.0585502394752815,-0.031588768951337824,-0.0202134287924939,False,0.95,10000,bca_repeat_block
crps,crps,play,360,lightgbm_multiclass,zoo_cnn,log SD(lightgbm_multiclass) / SD(zoo_cnn),100,-0.4621147806012571,-0.746427822270642,-0.2865193398799353,0.6299500297489115,0.47405694741840343,0.7508725566055732,-0.08306481838496249,-0.0855089971641182,False,0.95,10000,bca_repeat_block
crps,crps,play,360,lightgbm_multiclass,set_transformer,log SD(lightgbm_multiclass) / SD(set_transformer),100,0.06569107568255284,-0.0258855566695404,0.14163008498326352,1.0678967669239647,0.974446602142199,1.152150371974683,-0.03033485385333439,-0.011739490027165888,False,0.95,10000,bca_repeat_block
crps,crps,play,360,zoo_cnn,set_transformer,log SD(zoo_cnn) / SD(set_transformer),100,0.5278058562838099,0.3498392978523335,0.8008452439573135,1.6952086935365527,1.4188395197133707,2.227422848742847,0.06396260838426915,0.08729667319208911,False,0.95,10000,bca_repeat_block
coverage,coverage,play,20,ridge_sgd_l2,lightgbm_multiclass,log SD(ridge_sgd_l2) / SD(lightgbm_multiclass),100,0.10529657525848446,-0.03503165583554561,0.26157951024158105,1.1110400684942243,0.9655748496951151,1.2989802196971032,0.01428826731971852,0.017207020706623423,False,0.95,10000,bca_repeat_block
coverage,coverage,play,20,ridge_sgd_l2,zoo_cnn,log SD(ridge_sgd_l2) / SD(zoo_cnn),100,-1.2358100722513607,-1.4610285590344185,-0.9983696931062787,0.2905992605967296,0.231997528814448,0.36847968671972076,-0.013034836136889386,-0.024876746240074025,False,0.95,10000,bca_repeat_block
coverage,coverage,play,20,ridge_sgd_l2,set_transformer,log SD(ridge_sgd_l2) / SD(set_transformer),100,-0.6001487641896315,-0.7839838910706171,-0.4082622195538212,0.5487299986482373,0.4565834046338966,0.6648045312171712,-0.0005013256759256268,-0.016278288282407797,False,0.95,10000,bca_repeat_block
coverage,coverage,play,20,lightgbm_multiclass,zoo_cnn,log SD(lightgbm_multiclass) / SD(zoo_cnn),100,-1.3411066475098452,-1.5762815900105605,-1.09334951533394,0.26155605800119736,0.2067424237990782,0.3350922153504661,-0.0077706258524470675,-0.029230137224424,False,0.95,10000,bca_repeat_block
coverage,coverage,play,20,lightgbm_multiclass,set_transformer,log SD(lightgbm_multiclass) / SD(set_transformer),100,-0.7054453394481159,-0.9072304030285456,-0.5081407669405322,0.4938885772066914,0.4036405991464105,0.6016130785687941,-0.008773311508328193,-0.02433317924742401,False,0.95,10000,bca_repeat_block
coverage,coverage,play,20,zoo_cnn,set_transformer,log SD(zoo_cnn) / SD(set_transformer),100,0.6356613080617293,0.42549224224717436,0.8601083677597064,1.8882704571286604,1.5303435340309577,2.3634167980124725,0.02807792553819829,0.025565731382882786,False,0.95,10000,bca_repeat_block
coverage,coverage,play,40,ridge_sgd_l2,lightgbm_multiclass,log SD(ridge_sgd_l2) / SD(lightgbm_multiclass),100,0.12505659635462507,-0.022507726065185613,0.26377411567772335,1.133212586953374,0.9777436830527245,1.301834099172971,-0.0025066308995717666,-0.013614684503743047,False,0.95,10000,bca_repeat_block
coverage,coverage,play,40,ridge_sgd_l2,zoo_cnn,log SD(ridge_sgd_l2) / SD(zoo_cnn),100,-0.7819120665335655,-1.1510312539895657,-0.48830681489454997,0.4575303459442232,0.3163104047587199,0.6136645627279871,-0.06999203404538505,-0.09059146062977597,False,0.95,10000,bca_repeat_block
coverage,coverage,play,40,ridge_sgd_l2,set_transformer,log SD(ridge_sgd_l2) / SD(set_transformer),100,-0.3180483853569731,-0.48476885202129266,-0.16238669247189552,0.7275675839456407,0.6158395303762425,0.8501124089041432,-0.009023984261129074,-0.017401028641294954,False,0.95,10000,bca_repeat_block
coverage,coverage,play,40,lightgbm_multiclass,zoo_cnn,log SD(lightgbm_multiclass) / SD(zoo_cnn),100,-0.9069686628881906,-1.302587494812779,-0.6057732069896127,0.40374626192097557,0.2718275299646668,0.5456523612691577,-0.07225371305299151,-0.0907200758258036,False,0.95,10000,bca_repeat_block
coverage,coverage,play,40,lightgbm_multiclass,set_transformer,log SD(lightgbm_multiclass) / SD(set_transformer),100,-0.4431049817115982,-0.5713851106016077,-0.31873715919151313,0.6420398011124249,0.5647426656576829,0.7270666269737915,-0.006266611701750475,-0.004994348774831751,False,0.95,10000,bca_repeat_block
coverage,coverage,play,40,zoo_cnn,set_transformer,log SD(zoo_cnn) / SD(set_transformer),100,0.4638636811765924,0.16750503217799156,0.8313940509290232,1.5902061806285899,1.1823512399718397,2.296517972813038,0.0689869589723279,0.08537338877295232,False,0.95,10000,bca_repeat_block
coverage,coverage,play,80,ridge_sgd_l2,lightgbm_multiclass,log SD(ridge_sgd_l2) / SD(lightgbm_multiclass),100,-0.21859503526140678,-0.3814515095236439,-0.047532971181066766,0.8036471010030684,0.6828694979225266,0.9535790319873783,0.002255967360748947,-0.001164235713259813,False,0.95,10000,bca_repeat_block
coverage,coverage,play,80,ridge_sgd_l2,zoo_cnn,log SD(ridge_sgd_l2) / SD(zoo_cnn),100,-0.4879340723803214,-0.6708672677713317,-0.31220426959354364,0.6138933442356397,0.5112649818147635,0.7318320219293754,0.002757294595891845,0.0039020092005826513,False,0.95,10000,bca_repeat_block
coverage,coverage,play,80,ridge_sgd_l2,set_transformer,log SD(ridge_sgd_l2) / SD(set_transformer),100,-0.45926595111362634,-0.6206836066157335,-0.3064372587675934,0.6317472086820974,0.5375768208851612,0.7360646983369497,-0.014538956187067702,0.00720441694696511,False,0.95,10000,bca_repeat_block
coverage,coverage,play,80,lightgbm_multiclass,zoo_cnn,log SD(lightgbm_multiclass) / SD(zoo_cnn),100,-0.2693390371189146,-0.44602567259816456,-0.08421234050925826,0.7638842266330726,0.6401673370918806,0.9192360443203947,0.019051527317045326,0.015049018267446776,False,0.95,10000,bca_repeat_block
coverage,coverage,play,80,lightgbm_multiclass,set_transformer,log SD(lightgbm_multiclass) / SD(set_transformer),100,-0.24067091585221956,-0.4211467680066339,-0.0632469791711567,0.7861002769668243,0.6562937714116669,0.9387116028430519,0.002005303963673465,0.008302123740650098,False,0.95,10000,bca_repeat_block
coverage,coverage,play,80,zoo_cnn,set_transformer,log SD(zoo_cnn) / SD(set_transformer),100,0.028668121266695046,-0.11952429569373667,0.1861305151808854,1.029083007030623,0.8873424489567784,1.2045794660254439,0.0017546406925954574,0.007522068833355063,False,0.95,10000,bca_repeat_block
coverage,coverage,play,160,ridge_sgd_l2,lightgbm_multiclass,log SD(ridge_sgd_l2) / SD(lightgbm_multiclass),100,-0.1100196271460181,-0.24515296146964397,0.048985945312800074,0.8958165528016945,0.7825848237614865,1.050205590325234,0.019302236240380202,0.009333375007681563,False,0.95,10000,bca_repeat_block
coverage,coverage,play,160,ridge_sgd_l2,zoo_cnn,log SD(ridge_sgd_l2) / SD(zoo_cnn),100,-0.4632796776228254,-0.6543063199488753,-0.27238951350154306,0.6292166300859959,0.5198025141881686,0.7615575663559885,0.004762611726370971,-0.003044306115375099,False,0.95,10000,bca_repeat_block
coverage,coverage,play,160,ridge_sgd_l2,set_transformer,log SD(ridge_sgd_l2) / SD(set_transformer),100,-0.4676240823515059,-0.6584361332824034,-0.2646824792542623,0.6264889876642954,0.5176602534475093,0.7674495924599511,0.0025066308995717666,-0.01846708981824233,False,0.95,10000,bca_repeat_block
coverage,coverage,play,160,lightgbm_multiclass,zoo_cnn,log SD(lightgbm_multiclass) / SD(zoo_cnn),100,-0.3532600504768073,-0.5448699036088204,-0.1526829500357715,0.7023945115973813,0.5799172235704585,0.8584018349434475,0.002757294595891845,0.008590674725577545,False,0.95,10000,bca_repeat_block
coverage,coverage,play,160,lightgbm_multiclass,set_transformer,log SD(lightgbm_multiclass) / SD(set_transformer),100,-0.3576044552054878,-0.585394189830668,-0.1344572679916227,0.6993496444165174,0.5568862996242759,0.874190233982839,-0.017045897714989152,-0.01572346035182874,False,0.95,10000,bca_repeat_block
coverage,coverage,play,160,zoo_cnn,set_transformer,log SD(zoo_cnn) / SD(set_transformer),100,-0.004344404728680473,-0.2147711772239431,0.19574408130704307,0.9956650185464303,0.8067260163454834,1.216215613193194,-0.022060117941149964,-0.01920029788266041,False,0.95,10000,bca_repeat_block
coverage,coverage,play,240,ridge_sgd_l2,lightgbm_multiclass,log SD(ridge_sgd_l2) / SD(lightgbm_multiclass),100,-0.15209899508238145,-0.3248621482427475,0.029922448620899947,0.8589032493344217,0.7226269621728826,1.0303746238819171,0.002255967360748947,-0.006973298781435109,False,0.95,10000,bca_repeat_block
coverage,coverage,play,240,ridge_sgd_l2,zoo_cnn,log SD(ridge_sgd_l2) / SD(zoo_cnn),100,-0.41836019686455206,-0.5850166105037,-0.25862611395801655,0.6581251311178258,0.5570966080800498,0.7721116508524932,-0.0015039775317649809,-0.00585094897115473,False,0.95,10000,bca_repeat_block
coverage,coverage,play,240,ridge_sgd_l2,set_transformer,log SD(ridge_sgd_l2) / SD(set_transformer),100,-0.418048042251848,-0.5861373006838163,-0.24550556852574792,0.6583305999805988,0.5564726250931088,0.7823089274749756,0.0025066308995717666,0.00424833060037707,False,0.95,10000,bca_repeat_block
coverage,coverage,play,240,lightgbm_multiclass,zoo_cnn,log SD(lightgbm_multiclass) / SD(zoo_cnn),100,-0.2662612017821706,-0.4204234709302941,-0.10142913546383867,0.7662389583783945,0.6567686384920319,0.9035452063855218,0.021558673039087442,0.02017327158497932,False,0.95,10000,bca_repeat_block
coverage,coverage,play,240,lightgbm_multiclass,set_transformer,log SD(lightgbm_multiclass) / SD(set_transformer),100,-0.26594904716946655,-0.4466756256427817,-0.07765260260990632,0.766478180738925,0.6397513935685956,0.9252858125923551,0.005263943686483789,0.013724138877017735,False,0.95,10000,bca_repeat_block
coverage,coverage,play,240,zoo_cnn,set_transformer,log SD(zoo_cnn) / SD(set_transformer),100,0.0003121546127040631,-0.18598419834276772,0.18672160995024345,1.000312203338025,0.8302867147843467,1.2052916971243888,-0.009274657580969804,-0.0006676539552726396,False,0.95,10000,bca_repeat_block
coverage,coverage,play,360,ridge_sgd_l2,lightgbm_multiclass,log SD(ridge_sgd_l2) / SD(lightgbm_multiclass),100,-0.1726287444050154,-0.3231407163227179,-0.016135768966806793,0.8414499498647606,0.723871986596782,0.9839937151757384,-0.00701861679253328,-0.011197836038276511,False,0.95,10000,bca_repeat_block
coverage,coverage,play,360,ridge_sgd_l2,zoo_cnn,log SD(ridge_sgd_l2) / SD(zoo_cnn),100,-0.5666489961290884,-0.73629135849975,-0.39910875127782397,0.5674236953901481,0.4788866451660011,0.6709177342249718,-0.009274657580969804,-0.006976139669252264,False,0.95,10000,bca_repeat_block
coverage,coverage,play,360,ridge_sgd_l2,set_transformer,log SD(ridge_sgd_l2) / SD(set_transformer),100,-0.5817132516784778,-0.7584078414920672,-0.419080894590394,0.5589399409956484,0.46841161916514273,0.657650992708269,-0.010778710290106233,-0.008113158528582123,False,0.95,10000,bca_repeat_block
coverage,coverage,play,360,lightgbm_multiclass,zoo_cnn,log SD(lightgbm_multiclass) / SD(zoo_cnn),100,-0.39402025172407296,-0.5738317109006347,-0.21918263455887038,0.674340399546456,0.5633626549387087,0.8031750172427364,0.0,-0.002632849005568305,False,0.95,10000,bca_repeat_block
coverage,coverage,play,360,lightgbm_multiclass,set_transformer,log SD(lightgbm_multiclass) / SD(set_transformer),100,-0.40908450727346235,-0.6119854355699194,-0.19613308243094485,0.6642580953097473,0.5422731511558638,0.8219028465707082,0.009274657580969943,0.015021278298222295,False,0.95,10000,bca_repeat_block
coverage,coverage,play,360,zoo_cnn,set_transformer,log SD(zoo_cnn) / SD(set_transformer),100,-0.015064255549389394,-0.19807106905086047,0.16182169353522097,0.985048642727783,0.820311552302731,1.1756505965293618,-0.002757294595891845,0.0047950652595911475,False,0.95,10000,bca_repeat_block
mean_width,mean_width,play,20,ridge_sgd_l2,lightgbm_multiclass,log SD(ridge_sgd_l2) / SD(lightgbm_multiclass),100,0.4753573053653416,0.31916533137528663,0.634882705818211,1.6085888522435903,1.375978798568387,1.8868008177208848,-0.016795199001296272,-0.002233598679768152,False,0.95,10000,bca_repeat_block
mean_width,mean_width,play,20,ridge_sgd_l2,zoo_cnn,log SD(ridge_sgd_l2) / SD(zoo_cnn),100,-2.161201159146227,-2.4677461739792435,-1.8295213303098736,0.11518668037541697,0.08477571355343122,0.16049037126823743,-0.029080986449119495,-0.0479256184144853,False,0.95,10000,bca_repeat_block
mean_width,mean_width,play,20,ridge_sgd_l2,set_transformer,log SD(ridge_sgd_l2) / SD(set_transformer),100,-0.47983662104005814,-0.6759618787594602,-0.3096005229801023,0.6188844962520682,0.5086669093243187,0.7337400099588339,-0.03209034878725276,-0.01608107233634486,False,0.95,10000,bca_repeat_block
mean_width,mean_width,play,20,lightgbm_multiclass,zoo_cnn,log SD(lightgbm_multiclass) / SD(zoo_cnn),100,-2.6365584645115687,-2.9216061575555856,-2.3159143291449404,0.07160728499066715,0.05384713083126914,0.0986759204731398,-0.009525331483604745,-0.04697291442484092,False,0.95,10000,bca_repeat_block
mean_width,mean_width,play,20,lightgbm_multiclass,set_transformer,log SD(lightgbm_multiclass) / SD(set_transformer),100,-0.9551939264053997,-1.125407707245226,-0.7682250267136649,0.3847375265524654,0.3245201311742709,0.4638356339387523,0.00701861679253328,0.011169302968048585,False,0.95,10000,bca_repeat_block
mean_width,mean_width,play,20,zoo_cnn,set_transformer,log SD(zoo_cnn) / SD(set_transformer),100,1.681364538106169,1.395558455584783,1.9823905105669337,5.372882474214874,4.037228556032977,7.2600775497756445,0.036103288744783815,0.06634783563336412,False,0.95,10000,bca_repeat_block
mean_width,mean_width,play,40,ridge_sgd_l2,lightgbm_multiclass,log SD(ridge_sgd_l2) / SD(lightgbm_multiclass),100,0.8087527444488543,0.6355208943360356,0.9749989798366628,2.245106018709914,1.8880053366523704,2.651164506360397,-0.008271967640830305,0.004846730794378342,False,0.95,10000,bca_repeat_block
mean_width,mean_width,play,40,ridge_sgd_l2,zoo_cnn,log SD(ridge_sgd_l2) / SD(zoo_cnn),100,-1.5620970370106584,-2.1512049112844895,-1.1052809538447372,0.20969586980281205,0.11634388921988326,0.33111784034204805,-0.11051620356204167,-0.14184812209635472,False,0.95,10000,bca_repeat_block
mean_width,mean_width,play,40,ridge_sgd_l2,set_transformer,log SD(ridge_sgd_l2) / SD(set_transformer),100,-0.1632385334640895,-0.39878672632225914,0.062051638258988795,0.8493885566535465,0.6711338212693664,1.0640172873097025,-0.017045897714989152,-0.030513143669511713,False,0.95,10000,bca_repeat_block
mean_width,mean_width,play,40,lightgbm_multiclass,zoo_cnn,log SD(lightgbm_multiclass) / SD(zoo_cnn),100,-2.370849781459513,-2.9810190240880816,-1.9153892874078453,0.09340132183303652,0.0507411011066283,0.14728448542907457,-0.12414559219253689,-0.14193305320587732,False,0.95,10000,bca_repeat_block
mean_width,mean_width,play,40,lightgbm_multiclass,set_transformer,log SD(lightgbm_multiclass) / SD(set_transformer),100,-0.9719912779129438,-1.1992147594761058,-0.7681186668719885,0.3783289294915451,0.3014308146958473,0.4638849700469857,-0.021809394804630282,-0.04160743969280367,False,0.95,10000,bca_repeat_block
mean_width,mean_width,play,40,zoo_cnn,set_transformer,log SD(zoo_cnn) / SD(set_transformer),100,1.3988585035465688,0.928619399650112,1.9955063419983992,4.050573611451055,2.5310124477091227,7.355926699710733,0.09942605041158487,0.12834855627858757,False,0.95,10000,bca_repeat_block
mean_width,mean_width,play,80,ridge_sgd_l2,lightgbm_multiclass,log SD(ridge_sgd_l2) / SD(lightgbm_multiclass),100,0.46900748413388427,0.25858221202469156,0.6572224616227045,1.598406961401576,1.295092617662605,1.9294258307261773,-0.02782716476390159,-0.017088552566045776,False,0.95,10000,bca_repeat_block
mean_width,mean_width,play,80,ridge_sgd_l2,zoo_cnn,log SD(ridge_sgd_l2) / SD(zoo_cnn),100,-0.9139737459667914,-1.1416626000300538,-0.7098062397684293,0.4009278688774025,0.31928773248423425,0.49173946778401745,-0.02356448643428617,-0.02401894298007552,False,0.95,10000,bca_repeat_block
mean_width,mean_width,play,80,ridge_sgd_l2,set_transformer,log SD(ridge_sgd_l2) / SD(set_transformer),100,-0.25026245929859225,-0.4560125820323614,-0.05323237854806295,0.7785964063855908,0.6338058624825081,0.9481596549161628,-0.01153074557586483,-0.005493182568572873,False,0.95,10000,bca_repeat_block
mean_width,mean_width,play,80,lightgbm_multiclass,zoo_cnn,log SD(lightgbm_multiclass) / SD(zoo_cnn),100,-1.3829812301006756,-1.6018943696556454,-1.1458119258941297,0.25082965637602433,0.20151441339533452,0.3179656484134192,0.013786892263084145,-0.003743025185743385,False,0.95,10000,bca_repeat_block
mean_width,mean_width,play,80,lightgbm_multiclass,set_transformer,log SD(lightgbm_multiclass) / SD(set_transformer),100,-0.7192699434324765,-0.9257430587437417,-0.5132453392260338,0.48710774238800386,0.39623688237946636,0.598549925814954,-0.001253314465432556,0.0047192657693516556,False,0.95,10000,bca_repeat_block
mean_width,mean_width,play,80,zoo_cnn,set_transformer,log SD(zoo_cnn) / SD(set_transformer),100,0.6637112866681991,0.43677064510900326,0.885256427248746,1.941986244472503,1.5477010635371298,2.4236057903752117,-0.0010026514778483275,0.012662857355468812,False,0.95,10000,bca_repeat_block
mean_width,mean_width,play,160,ridge_sgd_l2,lightgbm_multiclass,log SD(ridge_sgd_l2) / SD(lightgbm_multiclass),100,0.325391056141777,0.10401372746667598,0.5791073824680094,1.384571985505444,1.1096156870234,1.7844448928497172,0.029331756209256883,0.02857153890819329,False,0.95,10000,bca_repeat_block
mean_width,mean_width,play,160,ridge_sgd_l2,zoo_cnn,log SD(ridge_sgd_l2) / SD(zoo_cnn),100,-1.0475147389864883,-1.3153752314118334,-0.778130819404598,0.3508085173511634,0.2683736021379288,0.4592636562232843,-0.006517279650583851,-0.021254687028864246,False,0.95,10000,bca_repeat_block
mean_width,mean_width,play,160,ridge_sgd_l2,set_transformer,log SD(ridge_sgd_l2) / SD(set_transformer),100,-0.6082423156998846,-0.8023285803100472,-0.35553465236470305,0.5443067481872853,0.44828388278877374,0.7007986593675551,0.03384594262165119,0.040549233673207015,False,0.95,10000,bca_repeat_block
mean_width,mean_width,play,160,lightgbm_multiclass,zoo_cnn,log SD(lightgbm_multiclass) / SD(zoo_cnn),100,-1.3729057951282653,-1.677413371378305,-1.1209211625511488,0.2533696485438417,0.18685668031939215,0.3259793762833414,-0.02832868807807452,-0.057777484080355344,False,0.95,10000,bca_repeat_block
mean_width,mean_width,play,160,lightgbm_multiclass,set_transformer,log SD(lightgbm_multiclass) / SD(set_transformer),100,-0.9336333718416616,-1.1393141532154867,-0.7293261784788583,0.3931227512079004,0.32003844390040714,0.4822338201654142,-0.011280066443693096,0.002594438927022193,False,0.95,10000,bca_repeat_block
mean_width,mean_width,play,160,zoo_cnn,set_transformer,log SD(zoo_cnn) / SD(set_transformer),100,0.43927242328660354,0.21425950185708098,0.740736842480663,1.5515779157734297,1.238944121381378,2.097480457938253,0.049149695440031456,0.06179483664858893,False,0.95,10000,bca_repeat_block
mean_width,mean_width,play,240,ridge_sgd_l2,lightgbm_multiclass,log SD(ridge_sgd_l2) / SD(lightgbm_multiclass),100,0.21389705210480403,0.018311264345191446,0.4379730597826468,1.2384951477616022,1.0184799435496665,1.5495631612888188,0.02406595428173628,0.0207791106131846,False,0.95,10000,bca_repeat_block
mean_width,mean_width,play,240,ridge_sgd_l2,zoo_cnn,log SD(ridge_sgd_l2) / SD(zoo_cnn),100,-1.0383512441677338,-1.237501989513039,-0.8205283642733554,0.35403792310609977,0.2901080063894197,0.44019900762146685,-0.0042612809632602226,0.003229866080657647,False,0.95,10000,bca_repeat_block
mean_width,mean_width,play,240,ridge_sgd_l2,set_transformer,log SD(ridge_sgd_l2) / SD(set_transformer),100,-0.7470454001567188,-0.9457473610111006,-0.5247408827759387,0.47376427071556876,0.38838919546580514,0.5917086664114508,0.027074892876565376,0.017438954354149237,False,0.95,10000,bca_repeat_block
mean_width,mean_width,play,240,lightgbm_multiclass,zoo_cnn,log SD(lightgbm_multiclass) / SD(zoo_cnn),100,-1.2522482962725379,-1.4558275823595108,-1.0449173043791296,0.2858613727683723,0.23320728578232572,0.35172090395399236,-0.009274657580969804,-0.012158901082519545,False,0.95,10000,bca_repeat_block
mean_width,mean_width,play,240,lightgbm_multiclass,set_transformer,log SD(lightgbm_multiclass) / SD(set_transformer),100,-0.9609424522615229,-1.1475046305082144,-0.7576828141685684,0.3825321977012409,0.31742788176167863,0.4687513535311486,0.01980365774256217,0.0037373772391315874,False,0.95,10000,bca_repeat_block
mean_width,mean_width,play,240,zoo_cnn,set_transformer,log SD(zoo_cnn) / SD(set_transformer),100,0.291305844011015,0.09583465216248754,0.4960410176579073,1.338173793810187,1.1005770709096214,1.6422069159187502,0.03735744868497225,0.01303890753360387,False,0.95,10000,bca_repeat_block
mean_width,mean_width,play,360,ridge_sgd_l2,lightgbm_multiclass,log SD(ridge_sgd_l2) / SD(lightgbm_multiclass),100,0.17572013476841586,-0.025378667360202077,0.4039408310766582,1.192104383391465,0.9749406639140825,1.4977153261330456,0.017296597500018798,0.0216104297420287,False,0.95,10000,bca_repeat_block
mean_width,mean_width,play,360,ridge_sgd_l2,zoo_cnn,log SD(ridge_sgd_l2) / SD(zoo_cnn),100,-1.369263488405072,-1.714526701773381,-1.1038878635217906,0.254294181211861,0.18004891738310747,0.3315794388507393,-0.07200239734488492,-0.06676061799081634,False,0.95,10000,bca_repeat_block
mean_width,mean_width,play,360,ridge_sgd_l2,set_transformer,log SD(ridge_sgd_l2) / SD(set_transformer),100,-0.9201671148982165,-1.1088329739445146,-0.7049650062473258,0.3984524481800142,0.3299437894782927,0.49412586527192043,0.026573386823392803,0.02589378892089932,False,0.95,10000,bca_repeat_block
mean_width,mean_width,play,360,lightgbm_multiclass,zoo_cnn,log SD(lightgbm_multiclass) / SD(zoo_cnn),100,-1.544983623173488,-1.8569514205288316,-1.3091135574894832,0.21331536462302852,0.1561479348868425,0.2700593423938327,-0.08054978767948894,-0.0794416920872629,False,0.95,10000,bca_repeat_block
mean_width,mean_width,play,360,lightgbm_multiclass,set_transformer,log SD(lightgbm_multiclass) / SD(set_transformer),100,-1.0958872496666323,-1.2772350952219103,-0.9161358410179419,0.33424291843172405,0.2788071108495119,0.4000619611409685,0.002005303963673465,0.007797726952222606,False,0.95,10000,bca_repeat_block
mean_width,mean_width,play,360,zoo_cnn,set_transformer,log SD(zoo_cnn) / SD(set_transformer),100,0.4490963735068556,0.2257469172945382,0.7651207273997196,1.5668956571524935,1.2532584471002277,2.149253832819624,0.10018179346565421,0.08943720118950152,False,0.95,10000,bca_repeat_block
mean_width_inclusive,mean_width_inclusive,play,20,ridge_sgd_l2,lightgbm_multiclass,log SD(ridge_sgd_l2) / SD(lightgbm_multiclass),100,0.4753573053653416,0.31916533137528685,0.6348827058182109,1.6085888522435903,1.3759787985683873,1.8868008177208846,-0.016795199001296272,-0.00223359867976759,False,0.95,10000,bca_repeat_block
mean_width_inclusive,mean_width_inclusive,play,20,ridge_sgd_l2,zoo_cnn,log SD(ridge_sgd_l2) / SD(zoo_cnn),100,-2.161201159146227,-2.4677461739792435,-1.829521330309874,0.11518668037541697,0.08477571355343122,0.16049037126823734,-0.029080986449119495,-0.04792561841448547,False,0.95,10000,bca_repeat_block
mean_width_inclusive,mean_width_inclusive,play,20,ridge_sgd_l2,set_transformer,log SD(ridge_sgd_l2) / SD(set_transformer),100,-0.47983662104005825,-0.6759618787594603,-0.3096005229801024,0.6188844962520681,0.5086669093243186,0.7337400099588339,-0.03209034878725276,-0.01608107233634564,False,0.95,10000,bca_repeat_block
mean_width_inclusive,mean_width_inclusive,play,20,lightgbm_multiclass,zoo_cnn,log SD(lightgbm_multiclass) / SD(zoo_cnn),100,-2.6365584645115687,-2.921606157555587,-2.315914329144941,0.07160728499066715,0.05384713083126907,0.09867592047313976,-0.009525331483604745,-0.046972914424842534,False,0.95,10000,bca_repeat_block
mean_width_inclusive,mean_width_inclusive,play,20,lightgbm_multiclass,set_transformer,log SD(lightgbm_multiclass) / SD(set_transformer),100,-0.9551939264053999,-1.1254077072452255,-0.7682250267136641,0.38473752655246535,0.32452013117427103,0.46383563393875266,0.00701861679253328,0.011169302968050064,False,0.95,10000,bca_repeat_block
mean_width_inclusive,mean_width_inclusive,play,20,zoo_cnn,set_transformer,log SD(zoo_cnn) / SD(set_transformer),100,1.681364538106169,1.3955584555847829,1.9823905105669337,5.372882474214874,4.037228556032976,7.2600775497756445,0.036103288744783815,0.0663478356333639,False,0.95,10000,bca_repeat_block
mean_width_inclusive,mean_width_inclusive,play,40,ridge_sgd_l2,lightgbm_multiclass,log SD(ridge_sgd_l2) / SD(lightgbm_multiclass),100,0.8087527444488538,0.635520894336035,0.9749989798366621,2.245106018709913,1.888005336652369,2.651164506360395,-0.008271967640830305,0.004846730794377412,False,0.95,10000,bca_repeat_block
mean_width_inclusive,mean_width_inclusive,play,40,ridge_sgd_l2,zoo_cnn,log SD(ridge_sgd_l2) / SD(zoo_cnn),100,-1.5620970370106584,-2.1512049112844895,-1.1052809538447377,0.20969586980281205,0.11634388921988326,0.33111784034204794,-0.11051620356204167,-0.14184812209635475,False,0.95,10000,bca_repeat_block
mean_width_inclusive,mean_width_inclusive,play,40,ridge_sgd_l2,set_transformer,log SD(ridge_sgd_l2) / SD(set_transformer),100,-0.1632385334640895,-0.3987867263222595,0.06205163825898895,0.8493885566535465,0.6711338212693662,1.0640172873097027,-0.017045897714989152,-0.030513143669511515,False,0.95,10000,bca_repeat_block
mean_width_inclusive,mean_width_inclusive,play,40,lightgbm_multiclass,zoo_cnn,log SD(lightgbm_multiclass) / SD(zoo_cnn),100,-2.370849781459512,-2.981019024088081,-1.9153892874078444,0.09340132183303661,0.05074110110662833,0.1472844854290747,-0.12414559219253689,-0.14193305320587635,False,0.95,10000,bca_repeat_block
mean_width_inclusive,mean_width_inclusive,play,40,lightgbm_multiclass,set_transformer,log SD(lightgbm_multiclass) / SD(set_transformer),100,-0.9719912779129434,-1.199214759476105,-0.7681186668719885,0.3783289294915453,0.3014308146958476,0.4638849700469857,-0.021809394804630282,-0.04160743969280316,False,0.95,10000,bca_repeat_block
mean_width_inclusive,mean_width_inclusive,play,40,zoo_cnn,set_transformer,log SD(zoo_cnn) / SD(set_transformer),100,1.3988585035465688,0.9286193996501119,1.995506341998399,4.050573611451055,2.5310124477091223,7.355926699710731,0.09942605041158487,0.1283485562785874,False,0.95,10000,bca_repeat_block
mean_width_inclusive,mean_width_inclusive,play,80,ridge_sgd_l2,lightgbm_multiclass,log SD(ridge_sgd_l2) / SD(lightgbm_multiclass),100,0.46900748413388405,0.25858221202469084,0.6572224616227046,1.5984069614015757,1.295092617662604,1.9294258307261776,-0.02782716476390159,-0.017088552566045894,False,0.95,10000,bca_repeat_block
mean_width_inclusive,mean_width_inclusive,play,80,ridge_sgd_l2,zoo_cnn,log SD(ridge_sgd_l2) / SD(zoo_cnn),100,-0.9139737459667916,-1.1416626000300538,-0.7098062397684288,0.4009278688774024,0.31928773248423425,0.49173946778401767,-0.02356448643428617,-0.02401894298007463,False,0.95,10000,bca_repeat_block
mean_width_inclusive,mean_width_inclusive,play,80,ridge_sgd_l2,set_transformer,log SD(ridge_sgd_l2) / SD(set_transformer),100,-0.25026245929859253,-0.45601258203236106,-0.05323237854806272,0.7785964063855906,0.6338058624825083,0.948159654916163,-0.01153074557586483,-0.005493182568572603,False,0.95,10000,bca_repeat_block
mean_width_inclusive,mean_width_inclusive,play,80,lightgbm_multiclass,zoo_cnn,log SD(lightgbm_multiclass) / SD(zoo_cnn),100,-1.3829812301006756,-1.6018943696556454,-1.1458119258941288,0.25082965637602433,0.20151441339533452,0.31796564841341945,0.013786892263084145,-0.00374302518574199,False,0.95,10000,bca_repeat_block
mean_width_inclusive,mean_width_inclusive,play,80,lightgbm_multiclass,set_transformer,log SD(lightgbm_multiclass) / SD(set_transformer),100,-0.7192699434324765,-0.9257430587437424,-0.513245339226033,0.48710774238800386,0.3962368823794661,0.5985499258149546,-0.001253314465432556,0.004719265769352099,False,0.95,10000,bca_repeat_block
mean_width_inclusive,mean_width_inclusive,play,80,zoo_cnn,set_transformer,log SD(zoo_cnn) / SD(set_transformer),100,0.6637112866681991,0.43677064510900315,0.8852564272487458,1.941986244472503,1.5477010635371296,2.4236057903752113,-0.0010026514778483275,0.012662857355468881,False,0.95,10000,bca_repeat_block
mean_width_inclusive,mean_width_inclusive,play,160,ridge_sgd_l2,lightgbm_multiclass,log SD(ridge_sgd_l2) / SD(lightgbm_multiclass),100,0.325391056141777,0.10401372746667602,0.5791073824680094,1.384571985505444,1.1096156870234,1.7844448928497172,0.029331756209256883,0.028571538908193514,False,0.95,10000,bca_repeat_block
mean_width_inclusive,mean_width_inclusive,play,160,ridge_sgd_l2,zoo_cnn,log SD(ridge_sgd_l2) / SD(zoo_cnn),100,-1.047514738986488,-1.3153752314118334,-0.7781308194045982,0.35080851735116353,0.2683736021379288,0.45926365622328424,-0.006517279650583851,-0.02125468702886396,False,0.95,10000,bca_repeat_block
mean_width_inclusive,mean_width_inclusive,play,160,ridge_sgd_l2,set_transformer,log SD(ridge_sgd_l2) / SD(set_transformer),100,-0.6082423156998849,-0.8023285803100473,-0.35553465236470283,0.5443067481872852,0.4482838827887737,0.7007986593675553,0.03384594262165119,0.040549233673206765,False,0.95,10000,bca_repeat_block
mean_width_inclusive,mean_width_inclusive,play,160,lightgbm_multiclass,zoo_cnn,log SD(lightgbm_multiclass) / SD(zoo_cnn),100,-1.372905795128265,-1.677413371378305,-1.1209211625511488,0.25336964854384175,0.18685668031939215,0.3259793762833414,-0.02832868807807452,-0.057777484080355476,False,0.95,10000,bca_repeat_block
mean_width_inclusive,mean_width_inclusive,play,160,lightgbm_multiclass,set_transformer,log SD(lightgbm_multiclass) / SD(set_transformer),100,-0.9336333718416618,-1.1393141532154865,-0.7293261784788581,0.3931227512079003,0.3200384439004072,0.48223382016541433,-0.011280066443693096,0.0025944389270222057,False,0.95,10000,bca_repeat_block
mean_width_inclusive,mean_width_inclusive,play,160,zoo_cnn,set_transformer,log SD(zoo_cnn) / SD(set_transformer),100,0.4392724232866032,0.21425950185708179,0.740736842480663,1.5515779157734293,1.238944121381379,2.097480457938253,0.049149695440031456,0.06179483664858994,False,0.95,10000,bca_repeat_block
mean_width_inclusive,mean_width_inclusive,play,240,ridge_sgd_l2,lightgbm_multiclass,log SD(ridge_sgd_l2) / SD(lightgbm_multiclass),100,0.21389705210480403,0.01831126434519139,0.4379730597826467,1.2384951477616022,1.0184799435496665,1.5495631612888185,0.02406595428173628,0.020779110613183906,False,0.95,10000,bca_repeat_block
mean_width_inclusive,mean_width_inclusive,play,240,ridge_sgd_l2,zoo_cnn,log SD(ridge_sgd_l2) / SD(zoo_cnn),100,-1.038351244167734,-1.2375019895130388,-0.8205283642733555,0.3540379231060997,0.29010800638941975,0.4401990076214668,-0.0042612809632602226,0.003229866080659268,False,0.95,10000,bca_repeat_block
mean_width_inclusive,mean_width_inclusive,play,240,ridge_sgd_l2,set_transformer,log SD(ridge_sgd_l2) / SD(set_transformer),100,-0.7470454001567193,-0.9457473610111014,-0.524740882775939,0.47376427071556854,0.38838919546580486,0.5917086664114506,0.027074892876565376,0.017438954354147784,False,0.95,10000,bca_repeat_block
mean_width_inclusive,mean_width_inclusive,play,240,lightgbm_multiclass,zoo_cnn,log SD(lightgbm_multiclass) / SD(zoo_cnn),100,-1.252248296272538,-1.4558275823595106,-1.0449173043791293,0.28586137276837226,0.23320728578232577,0.3517209039539924,-0.009274657580969804,-0.012158901082519116,False,0.95,10000,bca_repeat_block
mean_width_inclusive,mean_width_inclusive,play,240,lightgbm_multiclass,set_transformer,log SD(lightgbm_multiclass) / SD(set_transformer),100,-0.9609424522615233,-1.147504630508214,-0.7576828141685683,0.38253219770124075,0.3174278817616788,0.46875135353114866,0.01980365774256217,0.0037373772391335637,False,0.95,10000,bca_repeat_block
mean_width_inclusive,mean_width_inclusive,play,240,zoo_cnn,set_transformer,log SD(zoo_cnn) / SD(set_transformer),100,0.2913058440110148,0.0958346521624877,0.49604101765790787,1.3381737938101868,1.1005770709096216,1.6422069159187511,0.03735744868497225,0.013038907533603334,False,0.95,10000,bca_repeat_block
mean_width_inclusive,mean_width_inclusive,play,360,ridge_sgd_l2,lightgbm_multiclass,log SD(ridge_sgd_l2) / SD(lightgbm_multiclass),100,0.17572013476841586,-0.025378667360201994,0.4039408310766579,1.192104383391465,0.9749406639140826,1.4977153261330451,0.017296597500018798,0.021610429742028762,False,0.95,10000,bca_repeat_block
mean_width_inclusive,mean_width_inclusive,play,360,ridge_sgd_l2,zoo_cnn,log SD(ridge_sgd_l2) / SD(zoo_cnn),100,-1.3692634884050718,-1.7145267017733807,-1.10388786352179,0.25429418121186104,0.18004891738310752,0.33157943885073954,-0.07200239734488492,-0.06676061799081669,False,0.95,10000,bca_repeat_block
mean_width_inclusive,mean_width_inclusive,play,360,ridge_sgd_l2,set_transformer,log SD(ridge_sgd_l2) / SD(set_transformer),100,-0.9201671148982162,-1.1088329739445149,-0.704965006247327,0.3984524481800143,0.32994378947829267,0.4941258652719198,0.026573386823392803,0.025893788920898223,False,0.95,10000,bca_repeat_block
mean_width_inclusive,mean_width_inclusive,play,360,lightgbm_multiclass,zoo_cnn,log SD(lightgbm_multiclass) / SD(zoo_cnn),100,-1.5449836231734877,-1.8569514205288313,-1.3091135574894837,0.21331536462302858,0.15614793488684253,0.2700593423938326,-0.08054978767948894,-0.07944169208726393,False,0.95,10000,bca_repeat_block
mean_width_inclusive,mean_width_inclusive,play,360,lightgbm_multiclass,set_transformer,log SD(lightgbm_multiclass) / SD(set_transformer),100,-1.095887249666632,-1.27723509522191,-0.9161358410179428,0.33424291843172416,0.27880711084951193,0.40006196114096815,0.002005303963673465,0.007797726952221443,False,0.95,10000,bca_repeat_block
mean_width_inclusive,mean_width_inclusive,play,360,zoo_cnn,set_transformer,log SD(zoo_cnn) / SD(set_transformer),100,0.4490963735068557,0.22574691729453836,0.7651207273997196,1.5668956571524937,1.253258447100228,2.149253832819624,0.10018179346565421,0.0894372011895016,False,0.95,10000,bca_repeat_block
mean_q,mean_q,play,20,ridge_sgd_l2,lightgbm_multiclass,log SD(ridge_sgd_l2) / SD(lightgbm_multiclass),100,-0.4383212087718049,-0.6337840291985333,-0.28133896833171157,0.6451185318423728,0.5305802663341979,0.7547724481562351,-0.03384594262165133,-0.019526591849283337,False,0.95,10000,bca_repeat_block
mean_q,mean_q,play,20,ridge_sgd_l2,zoo_cnn,log SD(ridge_sgd_l2) / SD(zoo_cnn),100,-2.1382542695045292,-2.31423653903157,-1.9530844171187853,0.11786041605453003,0.09884161691999824,0.14183591508063806,0.0015039775317651199,0.016532812985271643,False,0.95,10000,bca_repeat_block
mean_q,mean_q,play,20,ridge_sgd_l2,set_transformer,log SD(ridge_sgd_l2) / SD(set_transformer),100,-0.768091311909352,-0.9827508876712852,-0.5766928652168731,0.4638976597765717,0.37428007893683546,0.5617530911501317,-0.010026681100274767,-0.02417193907731328,False,0.95,10000,bca_repeat_block
mean_q,mean_q,play,20,lightgbm_multiclass,zoo_cnn,log SD(lightgbm_multiclass) / SD(zoo_cnn),100,-1.6999330607327243,-1.8641175565573025,-1.5188929695488664,0.18269575316327738,0.15503295735669972,0.21895414173806757,0.022561568390224718,0.022894434388816002,False,0.95,10000,bca_repeat_block
mean_q,mean_q,play,20,lightgbm_multiclass,set_transformer,log SD(lightgbm_multiclass) / SD(set_transformer),100,-0.32977010313754707,-0.5635159688517913,-0.1383530953325432,0.7190890307425237,0.5692042370919882,0.8707911651598546,-0.017045897714989152,-0.028794786000413478,False,0.95,10000,bca_repeat_block
mean_q,mean_q,play,20,zoo_cnn,set_transformer,log SD(zoo_cnn) / SD(set_transformer),100,1.3701629575951773,1.144868484174968,1.5518259382778274,3.9359920430107933,3.1420281032467963,4.720080895264532,-0.021809394804630282,-0.04793057001634772,False,0.95,10000,bca_repeat_block
mean_q,mean_q,play,40,ridge_sgd_l2,lightgbm_multiclass,log SD(ridge_sgd_l2) / SD(lightgbm_multiclass),100,-0.4580938435855335,-0.6455929521125857,-0.28005705754523125,0.6324881184693909,0.5243515345592595,0.75574061952094,-0.01804870344078816,-0.006206587611579553,False,0.95,10000,bca_repeat_block
mean_q,mean_q,play,40,ridge_sgd_l2,zoo_cnn,log SD(ridge_sgd_l2) / SD(zoo_cnn),100,-1.7370732432020568,-1.9036921687456887,-1.5669839746496406,0.17603485862217919,0.14901740485581852,0.20867359908505934,0.008021296494625931,0.000922580154331615,False,0.95,10000,bca_repeat_block
mean_q,mean_q,play,40,ridge_sgd_l2,set_transformer,log SD(ridge_sgd_l2) / SD(set_transformer),100,-0.6915702467374962,-0.8883198279414558,-0.48269038536431297,0.5007890889182063,0.4113463050346741,0.6171208634489312,0.01980365774256217,0.0009123026048811698,False,0.95,10000,bca_repeat_block
mean_q,mean_q,play,40,lightgbm_multiclass,zoo_cnn,log SD(lightgbm_multiclass) / SD(zoo_cnn),100,-1.2789793996165233,-1.474332639526028,-1.0834967744082762,0.27832121028325424,0.22893145588186403,0.3384101104742964,0.011781425432631174,0.007166235690485562,False,0.95,10000,bca_repeat_block
mean_q,mean_q,play,40,lightgbm_multiclass,set_transformer,log SD(lightgbm_multiclass) / SD(set_transformer),100,-0.23347640315196272,-0.4340988755808577,-0.03952722378080763,0.7917762789443479,0.6478481959517587,0.9612437849442856,0.004010615991203968,-0.009439507018972738,False,0.95,10000,bca_repeat_block
mean_q,mean_q,play,40,zoo_cnn,set_transformer,log SD(zoo_cnn) / SD(set_transformer),100,1.0455029964645606,0.8690588069595044,1.2203930040737485,2.8448291028144714,2.384665366524787,3.3885191738127713,0.009274657580969943,-0.01359361771256064,False,0.95,10000,bca_repeat_block
mean_q,mean_q,play,80,ridge_sgd_l2,lightgbm_multiclass,log SD(ridge_sgd_l2) / SD(lightgbm_multiclass),100,-0.5191659252887457,-0.6845658712760379,-0.3446967643932909,0.5950166293802972,0.5043091171322028,0.7084351436607389,0.029080986449119637,0.027358997344476495,False,0.95,10000,bca_repeat_block
mean_q,mean_q,play,80,ridge_sgd_l2,zoo_cnn,log SD(ridge_sgd_l2) / SD(zoo_cnn),100,-1.3898027608700727,-1.6230787382766447,-1.1342326593047432,0.24912443687328115,0.19729035772627893,0.32166885626121544,0.024567428181125256,0.02302037924897863,False,0.95,10000,bca_repeat_block
mean_q,mean_q,play,80,ridge_sgd_l2,set_transformer,log SD(ridge_sgd_l2) / SD(set_transformer),100,-0.40129052977240454,-0.6064254481151522,-0.17392377869464307,0.6694555360171338,0.5452965803989609,0.8403609486258515,0.03585246363422352,0.021362069063023778,False,0.95,10000,bca_repeat_block
mean_q,mean_q,play,80,lightgbm_multiclass,zoo_cnn,log SD(lightgbm_multiclass) / SD(zoo_cnn),100,-0.870636835581327,-1.07363083414522,-0.6512048790095821,0.4186848309310973,0.34176536858088324,0.5214171535460634,0.02531965065378632,0.00657920678584903,False,0.95,10000,bca_repeat_block
mean_q,mean_q,play,80,lightgbm_multiclass,set_transformer,log SD(lightgbm_multiclass) / SD(set_transformer),100,0.11787539551634119,-0.06952985923987397,0.3152882951304512,1.1251039096409186,0.9328322793059173,1.370654406993196,0.015541720951108279,-0.0011558939484186364,False,0.95,10000,bca_repeat_block
mean_q,mean_q,play,80,zoo_cnn,set_transformer,log SD(zoo_cnn) / SD(set_transformer),100,0.9885122310976682,0.774705360936716,1.1755910546843715,2.6872335143808357,2.1699526801599793,3.240057429120593,-0.02732564844887671,-0.011885853401122477,False,0.95,10000,bca_repeat_block
mean_q,mean_q,play,160,ridge_sgd_l2,lightgbm_multiclass,log SD(ridge_sgd_l2) / SD(lightgbm_multiclass),100,-0.5390267043364194,-0.7279363636398841,-0.35912738637583547,0.5833157148305619,0.48290450183824934,0.698285393640099,0.0032586225240238288,0.011997622298976156,False,0.95,10000,bca_repeat_block
mean_q,mean_q,play,160,ridge_sgd_l2,zoo_cnn,log SD(ridge_sgd_l2) / SD(zoo_cnn),100,-1.3800690275236274,-1.6109460391329788,-1.1478021703761614,0.25156118781458786,0.19969860199054296,0.31733344836120403,0.02055579937118015,0.02161241213407842,False,0.95,10000,bca_repeat_block
mean_q,mean_q,play,160,ridge_sgd_l2,set_transformer,log SD(ridge_sgd_l2) / SD(set_transformer),100,-0.7225196978095583,-0.9179178784553911,-0.5352123335046259,0.48552733123497965,0.39934967060161886,0.5855449461335326,0.0002506628300880075,0.004934955170779078,False,0.95,10000,bca_repeat_block
mean_q,mean_q,play,160,lightgbm_multiclass,zoo_cnn,log SD(lightgbm_multiclass) / SD(zoo_cnn),100,-0.841042323187208,-1.0297592507044324,-0.6663250099894532,0.4312607759721678,0.35709292009034904,0.5135925613883248,-0.00701861679253328,-0.005425997838890401,False,0.95,10000,bca_repeat_block
mean_q,mean_q,play,160,lightgbm_multiclass,set_transformer,log SD(lightgbm_multiclass) / SD(set_transformer),100,-0.18349299347313885,-0.36937928413630305,-0.0009193248541488171,0.8323577076541007,0.6911632134874054,0.9990810975954789,-0.002757294595891845,-0.015893601664933442,False,0.95,10000,bca_repeat_block
mean_q,mean_q,play,160,zoo_cnn,set_transformer,log SD(zoo_cnn) / SD(set_transformer),100,0.6575493297140691,0.4575800359514156,0.8684362792160385,1.9300566015487077,1.5802452175088406,2.3831813081569244,-0.002757294595891845,-0.0039281149476155484,False,0.95,10000,bca_repeat_block
mean_q,mean_q,play,240,ridge_sgd_l2,lightgbm_multiclass,log SD(ridge_sgd_l2) / SD(lightgbm_multiclass),100,-0.5459962053299583,-0.7362699269586541,-0.36426597492361856,0.5792644294939883,0.478896908554797,0.6947063956875124,0.01027735684581974,0.02200720105754063,False,0.95,10000,bca_repeat_block
mean_q,mean_q,play,240,ridge_sgd_l2,zoo_cnn,log SD(ridge_sgd_l2) / SD(zoo_cnn),100,-1.4027087350554084,-1.5997560457016642,-1.1138417059563301,0.24592990195577957,0.20194577752633217,0.3282953212718842,0.07552123838642474,0.07747570684404938,False,0.95,10000,bca_repeat_block
mean_q,mean_q,play,240,ridge_sgd_l2,set_transformer,log SD(ridge_sgd_l2) / SD(set_transformer),100,-0.8320834082936304,-1.058187481349006,-0.5396312819800158,0.4351417633207204,0.34708433738445926,0.5829631617738037,0.05115752203633166,0.04169896025858877,False,0.95,10000,bca_repeat_block
mean_q,mean_q,play,240,lightgbm_multiclass,zoo_cnn,log SD(lightgbm_multiclass) / SD(zoo_cnn),100,-0.8567125297254501,-1.0380518782366652,-0.650000089484247,0.42455550424632427,0.3541439258645996,0.5220457300461449,0.03735744868497225,0.027054100944106495,False,0.95,10000,bca_repeat_block
mean_q,mean_q,play,240,lightgbm_multiclass,set_transformer,log SD(lightgbm_multiclass) / SD(set_transformer),100,-0.28608720296367207,-0.5087482985667116,-0.06380109862528817,0.751197106476631,0.6012476906004522,0.9381915885704158,0.00726928601715347,-0.009803014673940512,False,0.95,10000,bca_repeat_block
mean_q,mean_q,play,240,zoo_cnn,set_transformer,log SD(zoo_cnn) / SD(set_transformer),100,0.570625326761778,0.4241450214639399,0.7148591722283615,1.7693731419409213,1.5282832115826583,2.0438988242729565,-0.006767948008927392,-0.03426347395647969,False,0.95,10000,bca_repeat_block
mean_q,mean_q,play,360,ridge_sgd_l2,lightgbm_multiclass,log SD(ridge_sgd_l2) / SD(lightgbm_multiclass),100,-0.4676348930499572,-0.6351107042649583,-0.3127376621711804,0.6264822149173759,0.5298768254460339,0.7314417722481954,0.008773311508328054,-0.0011896531078224042,False,0.95,10000,bca_repeat_block
mean_q,mean_q,play,360,ridge_sgd_l2,zoo_cnn,log SD(ridge_sgd_l2) / SD(zoo_cnn),100,-1.6177692497183624,-1.8779979488156227,-1.391134141683777,0.19834065442505913,0.15289590496953437,0.24879297807570627,-0.0042612809632602226,-0.028312329258598872,False,0.95,10000,bca_repeat_block
mean_q,mean_q,play,360,ridge_sgd_l2,set_transformer,log SD(ridge_sgd_l2) / SD(set_transformer),100,-0.7226564164888396,-0.9995403494593806,-0.42130037488886146,0.4854609551170292,0.36804857602394486,0.6561929679138687,-0.019051527317045187,-0.019036934222737608,False,0.95,10000,bca_repeat_block
mean_q,mean_q,play,360,lightgbm_multiclass,zoo_cnn,log SD(lightgbm_multiclass) / SD(zoo_cnn),100,-1.1501343566684055,-1.4265019600020181,-0.9448898391961501,0.31659422997541503,0.24014750026026901,0.3887223905142017,-0.037608287661255936,-0.048156151207920585,False,0.95,10000,bca_repeat_block
mean_q,mean_q,play,360,lightgbm_multiclass,set_transformer,log SD(lightgbm_multiclass) / SD(set_transformer),100,-0.2550215234388824,-0.5321831669553037,0.012773868297961625,0.77489981927269,0.5873213484483869,1.0128558026548158,-0.0433782692742585,-0.03421533570567465,False,0.95,10000,bca_repeat_block
mean_q,mean_q,play,360,zoo_cnn,set_transformer,log SD(zoo_cnn) / SD(set_transformer),100,0.895112833229523,0.5988984387208334,1.2114073181856644,2.447611945842678,1.8201127299815536,3.358207394907039,-0.023815219609409487,-0.0063514382715189905,False,0.95,10000,bca_repeat_block
crps_game_equal,crps,game_equal,20,ridge_sgd_l2,lightgbm_multiclass,log SD(ridge_sgd_l2) / SD(lightgbm_multiclass),100,-0.09029966110009546,-0.17165397210701677,-0.012669684421032943,0.9136573566767763,0.8422705718608573,0.987410238143342,0.0010026514778481883,-0.01522930995772785,False,0.95,10000,bca_repeat_block
crps_game_equal,crps,game_equal,20,ridge_sgd_l2,zoo_cnn,log SD(ridge_sgd_l2) / SD(zoo_cnn),100,-1.5400040091786513,-1.8701502347038546,-1.2299071555662022,0.2143802419365658,0.154100508831676,0.29231971667957046,-0.0383608188514792,-0.0783979348870694,False,0.95,10000,bca_repeat_block
crps_game_equal,crps,game_equal,20,ridge_sgd_l2,set_transformer,log SD(ridge_sgd_l2) / SD(set_transformer),100,-0.25256024451475056,-0.43411027002465996,-0.12546120081503206,0.7768094129234732,0.6478408141239534,0.8820899881357106,-0.03986594683285613,-0.061939619782160345,False,0.95,10000,bca_repeat_block
crps_game_equal,crps,game_equal,20,lightgbm_multiclass,zoo_cnn,log SD(lightgbm_multiclass) / SD(zoo_cnn),100,-1.4497043480785559,-1.7948147290577028,-1.1361217153060883,0.234639649503098,0.16615823378783603,0.32106177935951274,-0.04137116513242771,-0.07805288227644823,False,0.95,10000,bca_repeat_block
crps_game_equal,crps,game_equal,20,lightgbm_multiclass,set_transformer,log SD(lightgbm_multiclass) / SD(set_transformer),100,-0.1622605834146551,-0.344198821810583,-0.025516727685468633,0.8502196225387416,0.7087879915275529,0.9748060725799824,-0.02782716476390159,-0.051455303037689734,False,0.95,10000,bca_repeat_block
crps_game_equal,crps,game_equal,20,zoo_cnn,set_transformer,log SD(zoo_cnn) / SD(set_transformer),100,1.2874437646639008,0.9605689984479766,1.6485702960539437,3.623512157213293,2.6131829475237045,5.1995407067110015,0.04689112693092622,0.06528399215630326,False,0.95,10000,bca_repeat_block
crps_game_equal,crps,game_equal,40,ridge_sgd_l2,lightgbm_multiclass,log SD(ridge_sgd_l2) / SD(lightgbm_multiclass),100,-0.12382061337503103,-0.19162575930622158,-0.052585837917650126,0.8835383216252102,0.8256157897085665,0.9487728768722781,0.02055579937118015,0.00523402254015072,False,0.95,10000,bca_repeat_block
crps_game_equal,crps,game_equal,40,ridge_sgd_l2,zoo_cnn,log SD(ridge_sgd_l2) / SD(zoo_cnn),100,-1.122669061257354,-1.478973909437465,-0.8038776392533676,0.3254100950212136,0.22787138514405655,0.44759000220071066,-0.04940066276304232,-0.07629868161859271,False,0.95,10000,bca_repeat_block
crps_game_equal,crps,game_equal,40,ridge_sgd_l2,set_transformer,log SD(ridge_sgd_l2) / SD(set_transformer),100,-0.13393544299449722,-0.24863398544773058,-0.02874470982762475,0.8746465273414603,0.7798653632248482,0.9716644892010583,-0.0002506628300880075,-0.0016620681702179756,False,0.95,10000,bca_repeat_block
crps_game_equal,crps,game_equal,40,lightgbm_multiclass,zoo_cnn,log SD(lightgbm_multiclass) / SD(zoo_cnn),100,-0.998848447882323,-1.3690519906425282,-0.6821704649556926,0.3683033175319926,0.25434796955007133,0.5055185903904057,-0.060697654093910605,-0.07996292232402749,False,0.95,10000,bca_repeat_block
crps_game_equal,crps,game_equal,40,lightgbm_multiclass,set_transformer,log SD(lightgbm_multiclass) / SD(set_transformer),100,-0.010114829619466192,-0.10354882554756566,0.07739469518161224,0.9899361532305764,0.9016319989910688,1.0804684479339521,-0.008773311508328193,-0.006898962030310293,False,0.95,10000,bca_repeat_block
crps_game_equal,crps,game_equal,40,zoo_cnn,set_transformer,log SD(zoo_cnn) / SD(set_transformer),100,0.9887336182628568,0.6776986618472112,1.333035757587408,2.6878284992493606,1.9693403950724198,3.7925391590801234,0.06195332727242649,0.0776004542360831,False,0.95,10000,bca_repeat_block
crps_game_equal,crps,game_equal,80,ridge_sgd_l2,lightgbm_multiclass,log SD(ridge_sgd_l2) / SD(lightgbm_multiclass),100,-0.13322427199127418,-0.18902147082484339,-0.07938748571626317,0.8752687718246662,0.8277687336264425,0.9236819415342189,0.0010026514778481883,-0.01836562685685191,False,0.95,10000,bca_repeat_block
crps_game_equal,crps,game_equal,80,ridge_sgd_l2,zoo_cnn,log SD(ridge_sgd_l2) / SD(zoo_cnn),100,-0.9001242862478254,-1.277266562594046,-0.6264302826657097,0.4065191318631355,0.27879833766043605,0.534496400609654,-0.08231025472694918,-0.0975253598983081,False,0.95,10000,bca_repeat_block
crps_game_equal,crps,game_equal,80,ridge_sgd_l2,set_transformer,log SD(ridge_sgd_l2) / SD(set_transformer),100,-0.06251728169331727,-0.14154809276115032,0.01731634407054534,0.9393968283053064,0.8680134294185192,1.0174671411168907,0.018800819591187536,-0.008859213418786658,False,0.95,10000,bca_repeat_block
crps_game_equal,crps,game_equal,80,lightgbm_multiclass,zoo_cnn,log SD(lightgbm_multiclass) / SD(zoo_cnn),100,-0.7669000142565512,-1.1456178402272512,-0.49472224394215714,0.4644506292800417,0.3180273669774865,0.6097402428243913,-0.08054978767948894,-0.09629829858134929,False,0.95,10000,bca_repeat_block
crps_game_equal,crps,game_equal,80,lightgbm_multiclass,set_transformer,log SD(lightgbm_multiclass) / SD(set_transformer),100,0.0707069902979569,-0.020538514273785877,0.1632769839552697,1.0732667022347349,0.9796709644321673,1.1773627551216364,0.01704589771498929,0.0027171457156521532,False,0.95,10000,bca_repeat_block
crps_game_equal,crps,game_equal,80,zoo_cnn,set_transformer,log SD(zoo_cnn) / SD(set_transformer),100,0.8376070045545081,0.5575729711554649,1.2018076651987082,2.3108305481218454,1.7464287196127668,3.326124010319248,0.07451576171308831,0.09369551106381815,False,0.95,10000,bca_repeat_block
crps_game_equal,crps,game_equal,160,ridge_sgd_l2,lightgbm_multiclass,log SD(ridge_sgd_l2) / SD(lightgbm_multiclass),100,-0.11123965790948276,-0.16121037165053784,-0.0679039874361388,0.8947242954781068,0.851113002225231,0.9343501786269328,-0.016544501343174617,-0.011901213866378685,False,0.95,10000,bca_repeat_block
crps_game_equal,crps,game_equal,160,ridge_sgd_l2,zoo_cnn,log SD(ridge_sgd_l2) / SD(zoo_cnn),100,-0.7365769159271291,-0.9943462573623817,-0.5226441633123603,0.4787499150506804,0.36996522754720257,0.5929506150430267,-0.04187292522767434,-0.05650161468161798,False,0.95,10000,bca_repeat_block
crps_game_equal,crps,game_equal,160,ridge_sgd_l2,set_transformer,log SD(ridge_sgd_l2) / SD(set_transformer),100,-0.07600727266953378,-0.17005076208669503,0.018541208783446225,0.9268094661559038,0.843621991496777,1.0187141642760045,-0.01504033667863567,-0.005986744448817105,False,0.95,10000,bca_repeat_block
crps_game_equal,crps,game_equal,160,lightgbm_multiclass,zoo_cnn,log SD(lightgbm_multiclass) / SD(zoo_cnn),100,-0.6253372580176464,-0.896437172673074,-0.4142041022100285,0.5350809377483758,0.40802078074639675,0.6608660532778852,-0.04513462848142131,-0.06325816042465175,False,0.95,10000,bca_repeat_block
crps_game_equal,crps,game_equal,160,lightgbm_multiclass,set_transformer,log SD(lightgbm_multiclass) / SD(set_transformer),100,0.03523238523994898,-0.062474813219763635,0.14112070599634494,1.0358603994995483,0.9394367239018121,1.1515636402325253,0.004010615991203968,0.004767975956319188,False,0.95,10000,bca_repeat_block
crps_game_equal,crps,game_equal,160,zoo_cnn,set_transformer,log SD(zoo_cnn) / SD(set_transformer),100,0.6605696432575954,0.4429171952811497,0.9235006246299868,1.9358947897834968,1.5572433819024978,2.5180898665253335,0.032090348787252906,0.05361234324975467,False,0.95,10000,bca_repeat_block
crps_game_equal,crps,game_equal,240,ridge_sgd_l2,lightgbm_multiclass,log SD(ridge_sgd_l2) / SD(lightgbm_multiclass),100,-0.1056347064131451,-0.14604400267549697,-0.0680536719205911,0.8997532621483779,0.8641196787702454,0.9342103313688906,-0.014538956187067702,-0.006841383367863596,False,0.95,10000,bca_repeat_block
crps_game_equal,crps,game_equal,240,ridge_sgd_l2,zoo_cnn,log SD(ridge_sgd_l2) / SD(zoo_cnn),100,-0.39359567141847585,-0.6448993332806187,-0.19698885618420892,0.6746267719891196,0.5247153608219878,0.8211997845607948,-0.061953327272426355,-0.048144873463007935,False,0.95,10000,bca_repeat_block
crps_game_equal,crps,game_equal,240,ridge_sgd_l2,set_transformer,log SD(ridge_sgd_l2) / SD(set_transformer),100,-0.06335436963374974,-0.15575983189158776,0.0365158376314208,0.9386107995825324,0.8557646930800152,1.0371907305321741,0.017547298372150796,0.008211606766816395,False,0.95,10000,bca_repeat_block
crps_game_equal,crps,game_equal,240,lightgbm_multiclass,zoo_cnn,log SD(lightgbm_multiclass) / SD(zoo_cnn),100,-0.28796096500533075,-0.5469546877603813,-0.08858010271897263,0.7497908597500225,0.5787094807125631,0.9152297954045615,-0.06220447356712554,-0.0493881916168445,False,0.95,10000,bca_repeat_block
crps_game_equal,crps,game_equal,240,lightgbm_multiclass,set_transformer,log SD(lightgbm_multiclass) / SD(set_transformer),100,0.042280336779395356,-0.04854650359136069,0.14226744956894063,1.043186881413881,0.9526130383483059,1.1528849458899866,0.030084076620189106,0.0106723561524476,False,0.95,10000,bca_repeat_block
crps_game_equal,crps,game_equal,240,zoo_cnn,set_transformer,log SD(zoo_cnn) / SD(set_transformer),100,0.3302413017847261,0.1397252582587322,0.5727993631127296,1.3913038120545715,1.1499578140398914,1.7732240079144643,0.05492275922888968,0.053117704448330104,False,0.95,10000,bca_repeat_block
crps_game_equal,crps,game_equal,360,ridge_sgd_l2,lightgbm_multiclass,log SD(ridge_sgd_l2) / SD(lightgbm_multiclass),100,-0.08309274180049542,-0.12171032248823002,-0.04374271205053706,0.9202657961555104,0.8854048132209029,0.9572002018709951,0.0010026514778481883,-0.0006387890086146888,False,0.95,10000,bca_repeat_block
crps_game_equal,crps,game_equal,360,ridge_sgd_l2,zoo_cnn,log SD(ridge_sgd_l2) / SD(zoo_cnn),100,-0.5583738786430938,-0.8686093226837048,-0.36363911691316286,0.572138674732008,0.41953458097433843,0.6951420144778633,-0.07451576171308845,-0.0899466761091139,False,0.95,10000,bca_repeat_block
crps_game_equal,crps,game_equal,360,ridge_sgd_l2,set_transformer,log SD(ridge_sgd_l2) / SD(set_transformer),100,-0.013829355777906116,-0.11574250551407414,0.06903585918372242,0.9862658304693375,0.8907045452806313,1.0714746306650949,-0.0371066120592043,-0.02261847044863925,False,0.95,10000,bca_repeat_block
crps_game_equal,crps,game_equal,360,lightgbm_multiclass,zoo_cnn,log SD(lightgbm_multiclass) / SD(zoo_cnn),100,-0.47528113684259843,-0.7858978011123406,-0.2923469790308244,0.6217102462377354,0.45571038078193615,0.7465094678986889,-0.09036143712925863,-0.09650278621210973,False,0.95,10000,bca_repeat_block
crps_game_equal,crps,game_equal,360,lightgbm_multiclass,set_transformer,log SD(lightgbm_multiclass) / SD(set_transformer),100,0.0692633860225893,-0.025170802707903134,0.14691340435864741,1.0717184476371369,0.9751433406801372,1.1582536589685233,-0.0383608188514792,-0.020650434731918927,False,0.95,10000,bca_repeat_block
crps_game_equal,crps,game_equal,360,zoo_cnn,set_transformer,log SD(zoo_cnn) / SD(set_transformer),100,0.5445445228651877,0.35456414438972245,0.8468495879092315,1.7238230415577276,1.4255591808882133,2.3322875986226217,0.06672579327973197,0.09413722548084984,False,0.95,10000,bca_repeat_block
coverage_game_equal,coverage,game_equal,20,ridge_sgd_l2,lightgbm_multiclass,log SD(ridge_sgd_l2) / SD(lightgbm_multiclass),100,0.10077046383607069,-0.04024704802770629,0.25678229494900023,1.106022740407715,0.9605521073337255,1.292763654944117,0.008021296494625931,0.014843201680080432,False,0.95,10000,bca_repeat_block
coverage_game_equal,coverage,game_equal,20,ridge_sgd_l2,zoo_cnn,log SD(ridge_sgd_l2) / SD(zoo_cnn),100,-1.223806911178758,-1.4474269661571197,-0.9873779520088936,0.2941083885114217,0.23517462253666765,0.3725522613754933,-0.014288267319718379,-0.026739337613458376,False,0.95,10000,bca_repeat_block
coverage_game_equal,coverage,game_equal,20,ridge_sgd_l2,set_transformer,log SD(ridge_sgd_l2) / SD(set_transformer),100,-0.5980966418805043,-0.7805554303794073,-0.41012797515598803,0.5498572159184258,0.45815146937714546,0.6635653248263175,-0.002255967360748947,-0.018916832987255446,False,0.95,10000,bca_repeat_block
coverage_game_equal,coverage,game_equal,20,lightgbm_multiclass,zoo_cnn,log SD(lightgbm_multiclass) / SD(zoo_cnn),100,-1.3245773750148286,-1.5554886173832978,-1.083170064148619,0.2659153178016973,0.21108621704374947,0.33852069059220596,-0.008773311508328193,-0.030883475975060734,False,0.95,10000,bca_repeat_block
coverage_game_equal,coverage,game_equal,20,lightgbm_multiclass,set_transformer,log SD(lightgbm_multiclass) / SD(set_transformer),100,-0.698867105716575,-0.8978892380965455,-0.5035359456413703,0.4971482012347514,0.4074287378251712,0.6043897875045358,-0.006015944146675403,-0.026182591122218955,False,0.95,10000,bca_repeat_block
coverage_game_equal,coverage,game_equal,20,zoo_cnn,set_transformer,log SD(zoo_cnn) / SD(set_transformer),100,0.6257102692982537,0.4162629739894545,0.8483164119723886,1.8695733865376374,1.516284559845444,2.3357111644650264,0.02732564844887671,0.02558737337261824,False,0.95,10000,bca_repeat_block
coverage_game_equal,coverage,game_equal,40,ridge_sgd_l2,lightgbm_multiclass,log SD(ridge_sgd_l2) / SD(lightgbm_multiclass),100,0.13307956158444068,-0.0121884819878916,0.2738119670705352,1.142340881165932,0.9878854966910592,1.3149675217957457,0.003509286787335955,-0.008233741530814735,False,0.95,10000,bca_repeat_block
coverage_game_equal,coverage,game_equal,40,ridge_sgd_l2,zoo_cnn,log SD(ridge_sgd_l2) / SD(zoo_cnn),100,-0.7707499128220681,-1.1409589117925412,-0.4759346797101259,0.4626659790341321,0.3195124905765038,0.6213040646836241,-0.07426440435498627,-0.0895629709620092,False,0.95,10000,bca_repeat_block
coverage_game_equal,coverage,game_equal,40,ridge_sgd_l2,set_transformer,log SD(ridge_sgd_l2) / SD(set_transformer),100,-0.30727557358943614,-0.4733212432009426,-0.15476009320358397,0.7354479029609736,0.622929927028184,0.8566206619528205,-0.011781425432631035,-0.018129979551590892,False,0.95,10000,bca_repeat_block
coverage_game_equal,coverage,game_equal,40,lightgbm_multiclass,zoo_cnn,log SD(lightgbm_multiclass) / SD(zoo_cnn),100,-0.9038294744065087,-1.2997375792102304,-0.5999006657457044,0.4050156889788548,0.27260332042710494,0.5488661545963791,-0.07476712377922357,-0.09209925671933504,False,0.95,10000,bca_repeat_block
coverage_game_equal,coverage,game_equal,40,lightgbm_multiclass,set_transformer,log SD(lightgbm_multiclass) / SD(set_transformer),100,-0.4403551351738768,-0.5673997024370346,-0.31548469392123174,0.6438077417052057,0.5669978866913761,0.7294352357480601,-0.00726928601715347,-0.004276097111480005,False,0.95,10000,bca_repeat_block
coverage_game_equal,coverage,game_equal,40,zoo_cnn,set_transformer,log SD(zoo_cnn) / SD(set_transformer),100,0.4634743392326319,0.1655275561929064,0.8327901538326895,1.5895871671746964,1.1800154790056172,2.2997263873404954,0.07376170369865599,0.08503871318453395,False,0.95,10000,bca_repeat_block
coverage_game_equal,coverage,game_equal,80,ridge_sgd_l2,lightgbm_multiclass,log SD(ridge_sgd_l2) / SD(lightgbm_multiclass),100,-0.20984386320471415,-0.37319767064443743,-0.03678094456324464,0.810710817877671,0.6885291173970352,0.9638872569685982,0.004261280963260362,0.0018182820469646818,False,0.95,10000,bca_repeat_block
coverage_game_equal,coverage,game_equal,80,ridge_sgd_l2,zoo_cnn,log SD(ridge_sgd_l2) / SD(zoo_cnn),100,-0.47439246710701966,-0.6565264912556182,-0.2986464487011821,0.6222629868834313,0.5186497437084822,0.7418216350797441,0.0057652769696068034,0.0040844263841838336,False,0.95,10000,bca_repeat_block
coverage_game_equal,coverage,game_equal,80,ridge_sgd_l2,set_transformer,log SD(ridge_sgd_l2) / SD(set_transformer),100,-0.4444950702899204,-0.6080917927079916,-0.28888405198168515,0.6411479289523389,0.544388685034065,0.7490990569186127,-0.01353620604227841,0.008828715214249555,False,0.95,10000,bca_repeat_block
coverage_game_equal,coverage,game_equal,80,lightgbm_multiclass,zoo_cnn,log SD(lightgbm_multiclass) / SD(zoo_cnn),100,-0.2645486039023055,-0.44907859718094684,-0.07449970504093245,0.7675523419219075,0.6382159347491156,0.9282077478422348,0.014037579350310981,0.014487932880143176,False,0.95,10000,bca_repeat_block
coverage_game_equal,coverage,game_equal,80,lightgbm_multiclass,set_transformer,log SD(lightgbm_multiclass) / SD(set_transformer),100,-0.23465120708520626,-0.4193787045515844,-0.057353378888620445,0.7908466432343603,0.6574551668525462,0.9442603287360127,-0.001253314465432556,0.007349675243517081,False,0.95,10000,bca_repeat_block
coverage_game_equal,coverage,game_equal,80,zoo_cnn,set_transformer,log SD(zoo_cnn) / SD(set_transformer),100,0.029897396817099242,-0.11723469414112771,0.1866929554125092,1.0303488114623236,0.8893764372283975,1.20525716054279,-0.001253314465432556,0.007648609688166022,False,0.95,10000,bca_repeat_block
coverage_game_equal,coverage,game_equal,160,ridge_sgd_l2,lightgbm_multiclass,log SD(ridge_sgd_l2) / SD(lightgbm_multiclass),100,-0.09699286621958159,-0.23072188939035257,0.06501932746642083,0.907562480461631,0.7939602441009812,1.0671796500637225,0.02782716476390159,0.01650669151143203,False,0.95,10000,bca_repeat_block
coverage_game_equal,coverage,game_equal,160,ridge_sgd_l2,zoo_cnn,log SD(ridge_sgd_l2) / SD(zoo_cnn),100,-0.4276415021562583,-0.6185181852983542,-0.2352893610601939,0.6520451296761002,0.5387421624652227,0.7903421223035152,0.011781425432631174,-0.0024384160083216503,False,0.95,10000,bca_repeat_block
coverage_game_equal,coverage,game_equal,160,ridge_sgd_l2,set_transformer,log SD(ridge_sgd_l2) / SD(set_transformer),100,-0.44970626538232583,-0.6422964582558828,-0.2420748322207809,0.6378154725930884,0.5260829083353107,0.7849974322526735,0.011530745575864969,-0.018467479007404978,False,0.95,10000,bca_repeat_block
coverage_game_equal,coverage,game_equal,160,lightgbm_multiclass,zoo_cnn,log SD(lightgbm_multiclass) / SD(zoo_cnn),100,-0.3306486359366767,-0.5198066234627802,-0.135982268007651,0.718457564865879,0.5946355254116783,0.8728581098648224,0.003509286787335955,0.0036909307386368377,False,0.95,10000,bca_repeat_block
coverage_game_equal,coverage,game_equal,160,lightgbm_multiclass,set_transformer,log SD(lightgbm_multiclass) / SD(set_transformer),100,-0.35271339916274425,-0.5836910891349824,-0.1334844637144545,0.7027785814467163,0.5578355411661053,0.8750410637598408,-0.021307952628745463,-0.020853049213464682,False,0.95,10000,bca_repeat_block
coverage_game_equal,coverage,game_equal,160,zoo_cnn,set_transformer,log SD(zoo_cnn) / SD(set_transformer),100,-0.02206476322606754,-0.23050705809805536,0.17670784383317656,0.9781768831091794,0.7941308299291849,1.1932824173787346,-0.021809394804630282,-0.019876031128623427,False,0.95,10000,bca_repeat_block
coverage_game_equal,coverage,game_equal,240,ridge_sgd_l2,lightgbm_multiclass,log SD(ridge_sgd_l2) / SD(lightgbm_multiclass),100,-0.13165021446053782,-0.30155446272920255,0.05335282071852901,0.8766475801034681,0.7396675409446404,1.054801735381102,0.008773311508328054,-0.0013947358072937497,False,0.95,10000,bca_repeat_block
coverage_game_equal,coverage,game_equal,240,ridge_sgd_l2,zoo_cnn,log SD(ridge_sgd_l2) / SD(zoo_cnn),100,-0.4048265725192506,-0.5727092174776659,-0.240661054845503,0.6670924929974409,0.5639953808625319,0.7861080287451554,0.002255967360748947,-0.0035545778590643203,False,0.95,10000,bca_repeat_block
coverage_game_equal,coverage,game_equal,240,ridge_sgd_l2,set_transformer,log SD(ridge_sgd_l2) / SD(set_transformer),100,-0.40057413820037446,-0.5687591094515244,-0.22252792792880902,0.6699353001499575,0.5662276294521726,0.8004926503362952,0.00651727965058399,0.005676273700386232,False,0.95,10000,bca_repeat_block
coverage_game_equal,coverage,game_equal,240,lightgbm_multiclass,zoo_cnn,log SD(lightgbm_multiclass) / SD(zoo_cnn),100,-0.27317635805871276,-0.4253862518683796,-0.10778027057174093,0.7609585746175287,0.6535173140906949,0.897824853299764,0.020054370352950632,0.020354621674527937,False,0.95,10000,bca_repeat_block
coverage_game_equal,coverage,game_equal,240,lightgbm_multiclass,set_transformer,log SD(lightgbm_multiclass) / SD(set_transformer),100,-0.26892392373983665,-0.45251563709527587,-0.08745727712040202,0.7642013910206505,0.6360261264923415,0.9162580159955902,-0.002757294595891845,0.00877285148632981,False,0.95,10000,bca_repeat_block
coverage_game_equal,coverage,game_equal,240,zoo_cnn,set_transformer,log SD(zoo_cnn) / SD(set_transformer),100,0.004252434318876119,-0.1792704048018437,0.1879477836725251,1.0042614887475994,0.8358798429117457,1.2067705005807743,-0.007519955698540525,-0.002230534141349712,False,0.95,10000,bca_repeat_block
coverage_game_equal,coverage,game_equal,360,ridge_sgd_l2,lightgbm_multiclass,log SD(ridge_sgd_l2) / SD(lightgbm_multiclass),100,-0.15779214679404863,-0.3098124564324675,0.0008226607036199489,0.8540272758287597,0.7335845223824763,1.0008229991817479,-0.0050132775489266585,-0.007818404750693566,False,0.95,10000,bca_repeat_block
coverage_game_equal,coverage,game_equal,360,ridge_sgd_l2,zoo_cnn,log SD(ridge_sgd_l2) / SD(zoo_cnn),100,-0.5389991342653362,-0.7195847539365828,-0.3614037837383193,0.5833317971079774,0.48695441988910143,0.6966976264918786,-0.01153074557586483,-0.007873091659219332,False,0.95,10000,bca_repeat_block
coverage_game_equal,coverage,game_equal,360,ridge_sgd_l2,set_transformer,log SD(ridge_sgd_l2) / SD(set_transformer),100,-0.5650616654696048,-0.7460543377012269,-0.39761693351020216,0.5683250996427955,0.47423403344067816,0.6719193681633912,-0.011280066443693096,-0.008431600796120304,False,0.95,10000,bca_repeat_block
coverage_game_equal,coverage,game_equal,360,lightgbm_multiclass,zoo_cnn,log SD(lightgbm_multiclass) / SD(zoo_cnn),100,-0.38120698747128756,-0.5580694057684448,-0.2035267244340961,0.6830364949900509,0.5723129019613882,0.8158484009445099,0.005263943686483789,-0.002531771455092627,False,0.95,10000,bca_repeat_block
coverage_game_equal,coverage,game_equal,360,lightgbm_multiclass,set_transformer,log SD(lightgbm_multiclass) / SD(set_transformer),100,-0.40726951867555616,-0.6126192146565684,-0.2054540230475778,0.66546481093509,0.5419295786594419,0.814277531705858,-0.0040106159912038294,0.009051588323573265,False,0.95,10000,bca_repeat_block
coverage_game_equal,coverage,game_equal,360,zoo_cnn,set_transformer,log SD(zoo_cnn) / SD(set_transformer),100,-0.026062531204268602,-0.21567823841092937,0.1543982514672434,0.9742741651670942,0.805994598258152,1.1669555360031014,-0.006015944146675403,0.004525684702076748,False,0.95,10000,bca_repeat_block
mean_width_game_equal,mean_width,game_equal,20,ridge_sgd_l2,lightgbm_multiclass,log SD(ridge_sgd_l2) / SD(lightgbm_multiclass),100,0.4693961892733545,0.31295474245177,0.6291084677654954,1.599028391171086,1.367459641756448,1.875937374877731,-0.01804870344078816,-0.0007504212483528325,False,0.95,10000,bca_repeat_block
mean_width_game_equal,mean_width,game_equal,20,ridge_sgd_l2,zoo_cnn,log SD(ridge_sgd_l2) / SD(zoo_cnn),100,-2.1626994082782063,-2.470226924483952,-1.8312871616360058,0.11501423124966419,0.08456566680375778,0.16020722241324373,-0.03108719706247362,-0.048247690463492664,False,0.95,10000,bca_repeat_block
mean_width_game_equal,mean_width,game_equal,20,ridge_sgd_l2,set_transformer,log SD(ridge_sgd_l2) / SD(set_transformer),100,-0.48189733498593723,-0.6777247642954082,-0.31083092889523656,0.6176104654970773,0.5077709777317071,0.7328377670867187,-0.030585632994229527,-0.016438860734332723,False,0.95,10000,bca_repeat_block
mean_width_game_equal,mean_width,game_equal,20,lightgbm_multiclass,zoo_cnn,log SD(lightgbm_multiclass) / SD(zoo_cnn),100,-2.6320955975515608,-2.916889282622301,-2.3126129563137487,0.07192757294661342,0.05410172097582276,0.09900222480584446,-0.013034836136889386,-0.04744423725444882,False,0.95,10000,bca_repeat_block
mean_width_game_equal,mean_width,game_equal,20,lightgbm_multiclass,set_transformer,log SD(lightgbm_multiclass) / SD(set_transformer),100,-0.9512935242592917,-1.1197586539581534,-0.7646064060636563,0.38624108796764756,0.3263585504633291,0.4655171196365283,0.009274657580969943,0.01076863550345647,False,0.95,10000,bca_repeat_block
mean_width_game_equal,mean_width,game_equal,20,zoo_cnn,set_transformer,log SD(zoo_cnn) / SD(set_transformer),100,1.680802073292269,1.3959584868148007,1.9825038048820616,5.369861266615044,4.038843896609906,7.260900121884913,0.03735744868497225,0.0668298663658428,False,0.95,10000,bca_repeat_block
mean_width_game_equal,mean_width,game_equal,40,ridge_sgd_l2,lightgbm_multiclass,log SD(ridge_sgd_l2) / SD(lightgbm_multiclass),100,0.7990355446605855,0.62417072861147,0.9680011305340804,2.223395528398485,1.8666973167234515,2.632676819138046,-0.00701861679253328,0.005622298278268103,False,0.95,10000,bca_repeat_block
mean_width_game_equal,mean_width,game_equal,40,ridge_sgd_l2,zoo_cnn,log SD(ridge_sgd_l2) / SD(zoo_cnn),100,-1.5625030734494472,-2.1482389632061043,-1.1064164656830662,0.20961074292208587,0.11668947139059829,0.3307420655032234,-0.10824670166073914,-0.14170245734734846,False,0.95,10000,bca_repeat_block
mean_width_game_equal,mean_width,game_equal,40,ridge_sgd_l2,set_transformer,log SD(ridge_sgd_l2) / SD(set_transformer),100,-0.16288348864526225,-0.3977909716897065,0.06308658601500773,0.8496901812017056,0.6718024387151716,1.0651190596536326,-0.015541720951108279,-0.029143762572940476,False,0.95,10000,bca_repeat_block
mean_width_game_equal,mean_width,game_equal,40,lightgbm_multiclass,zoo_cnn,log SD(lightgbm_multiclass) / SD(zoo_cnn),100,-2.361538618110033,-2.97663294883033,-1.906956395689049,0.09427505823629534,0.05096414417902508,0.14853177126818848,-0.12338782202522477,-0.14189881045459185,False,0.95,10000,bca_repeat_block
mean_width_game_equal,mean_width,game_equal,40,lightgbm_multiclass,set_transformer,log SD(lightgbm_multiclass) / SD(set_transformer),100,-0.9619190333058478,-1.1900621545798182,-0.7587355399581645,0.3821588063612499,0.3042023559094846,0.4682581465437849,-0.025570394640762426,-0.04077183861457185,False,0.95,10000,bca_repeat_block
mean_width_game_equal,mean_width,game_equal,40,zoo_cnn,set_transformer,log SD(zoo_cnn) / SD(set_transformer),100,1.3996195848041848,0.9301964678046772,1.9955144082490113,4.053657600543607,2.535007175990637,7.355986034698282,0.09917414870033725,0.12836960146852747,False,0.95,10000,bca_repeat_block
mean_width_game_equal,mean_width,game_equal,80,ridge_sgd_l2,lightgbm_multiclass,log SD(ridge_sgd_l2) / SD(lightgbm_multiclass),100,0.46632189334442353,0.26186359991274843,0.6548233077498082,1.5941200534051148,1.2993492989838942,1.924802389662878,-0.022060117941149964,-0.0167893477295383,False,0.95,10000,bca_repeat_block
mean_width_game_equal,mean_width,game_equal,80,ridge_sgd_l2,zoo_cnn,log SD(ridge_sgd_l2) / SD(zoo_cnn),100,-0.9193289014404964,-1.146765162894249,-0.71467423587215,0.3987865764001623,0.3176626962081503,0.4893514989978888,-0.026071887453559334,-0.024464650848721098,False,0.95,10000,bca_repeat_block
mean_width_game_equal,mean_width,game_equal,80,ridge_sgd_l2,set_transformer,log SD(ridge_sgd_l2) / SD(set_transformer),100,-0.2510605417938728,-0.4579039544502115,-0.05694138803160389,0.7779752701147272,0.6326082324951219,0.9446494355068076,-0.017296597500018798,-0.006714270655159577,False,0.95,10000,bca_repeat_block
mean_width_game_equal,mean_width,game_equal,80,lightgbm_multiclass,zoo_cnn,log SD(lightgbm_multiclass) / SD(zoo_cnn),100,-1.38565079478492,-1.6050979054168155,-1.1472029731464348,0.2501609433670542,0.20086988769740374,0.31752365066301697,0.017547298372150796,-0.004426841234799015,False,0.95,10000,bca_repeat_block
mean_width_game_equal,mean_width,game_equal,80,lightgbm_multiclass,set_transformer,log SD(lightgbm_multiclass) / SD(set_transformer),100,-0.7173824351382964,-0.9239093252040881,-0.5111530314755792,0.48802803054445987,0.39696414183657375,0.5998035875294799,-0.0010026514778483275,0.003985549141136829,False,0.95,10000,bca_repeat_block
mean_width_game_equal,mean_width,game_equal,80,zoo_cnn,set_transformer,log SD(zoo_cnn) / SD(set_transformer),100,0.6682683596466236,0.4415814291526835,0.8889969975078568,1.9508562127077924,1.5551646575930198,2.4326884346587794,-0.0015039775317649809,0.012668987586585563,False,0.95,10000,bca_repeat_block
mean_width_game_equal,mean_width,game_equal,160,ridge_sgd_l2,lightgbm_multiclass,log SD(ridge_sgd_l2) / SD(lightgbm_multiclass),100,0.32266269896311484,0.1050304442504171,0.5771162130644509,1.3807995272363758,1.1107444256224055,1.7808952958739588,0.03510000177270884,0.028977415405336753,False,0.95,10000,bca_repeat_block
mean_width_game_equal,mean_width,game_equal,160,ridge_sgd_l2,zoo_cnn,log SD(ridge_sgd_l2) / SD(zoo_cnn),100,-1.0564865539961967,-1.331463298765986,-0.7851175482836953,0.347675204996634,0.2640905350667486,0.45606608884865085,-0.01027735684581974,-0.02486380641572883,False,0.95,10000,bca_repeat_block
mean_width_game_equal,mean_width,game_equal,160,ridge_sgd_l2,set_transformer,log SD(ridge_sgd_l2) / SD(set_transformer),100,-0.6141948611617171,-0.8068090543743203,-0.36149526627009243,0.541076361573571,0.4462798513364976,0.6966338937443878,0.0335951372418185,0.04103414002385022,False,0.95,10000,bca_repeat_block
mean_width_game_equal,mean_width,game_equal,160,lightgbm_multiclass,zoo_cnn,log SD(lightgbm_multiclass) / SD(zoo_cnn),100,-1.3791492529593117,-1.6871459136785216,-1.1259226544714334,0.2517926738376673,0.18504691088832606,0.3243530634520961,-0.027576405739391723,-0.0600031511800692,False,0.95,10000,bca_repeat_block
mean_width_game_equal,mean_width,game_equal,160,lightgbm_multiclass,set_transformer,log SD(lightgbm_multiclass) / SD(set_transformer),100,-0.9368575601248319,-1.1426833778488745,-0.7336353866423715,0.39185729057752305,0.31896197693939615,0.48016024519266637,-0.01027735684581974,0.0019717926536514246,False,0.95,10000,bca_repeat_block
mean_width_game_equal,mean_width,game_equal,160,zoo_cnn,set_transformer,log SD(zoo_cnn) / SD(set_transformer),100,0.44229169283447967,0.21748846233056904,0.745473569270741,1.556269626931864,1.2429510886662214,2.1074392171557905,0.052412517881857815,0.06393316635204342,False,0.95,10000,bca_repeat_block
mean_width_game_equal,mean_width,game_equal,240,ridge_sgd_l2,lightgbm_multiclass,log SD(ridge_sgd_l2) / SD(lightgbm_multiclass),100,0.21568077687927856,0.02180760511720678,0.44062175647129953,1.2407062536556606,1.0220471289157067,1.5536729244583296,0.03284273371844667,0.02199338583349434,False,0.95,10000,bca_repeat_block
mean_width_game_equal,mean_width,game_equal,240,ridge_sgd_l2,zoo_cnn,log SD(ridge_sgd_l2) / SD(zoo_cnn),100,-1.0358201993689682,-1.2366520159933967,-0.8181624591101829,0.35493514392400516,0.2903546953373718,0.4412417097071683,-0.002757294595891845,0.0027406788294297006,False,0.95,10000,bca_repeat_block
mean_width_game_equal,mean_width,game_equal,240,ridge_sgd_l2,set_transformer,log SD(ridge_sgd_l2) / SD(set_transformer),100,-0.7443713608704479,-0.9460467339954151,-0.5214795667350998,0.4750328303211034,0.3882729396360787,0.5936415655610007,0.023815219609409344,0.015638761920420883,False,0.95,10000,bca_repeat_block
mean_width_game_equal,mean_width,game_equal,240,lightgbm_multiclass,zoo_cnn,log SD(lightgbm_multiclass) / SD(zoo_cnn),100,-1.2515009762482467,-1.4529412610159143,-1.0449276654455804,0.2860750825412636,0.23388136929159753,0.3517172597692132,-0.009023984261129074,-0.013408694610806399,False,0.95,10000,bca_repeat_block
mean_width_game_equal,mean_width,game_equal,240,lightgbm_multiclass,set_transformer,log SD(lightgbm_multiclass) / SD(set_transformer),100,-0.9600521377497264,-1.1506041634039532,-0.7595779605490076,0.38287292332205947,0.31644552680734717,0.4678638423476122,0.013536206042278273,0.001051982796058815,False,0.95,10000,bca_repeat_block
mean_width_game_equal,mean_width,game_equal,240,zoo_cnn,set_transformer,log SD(zoo_cnn) / SD(set_transformer),100,0.2914488384985202,0.09451956435012411,0.498364770888206,1.338365158967781,1.0991306666998333,1.646027436799124,0.038109972728680656,0.012357272264608603,False,0.95,10000,bca_repeat_block
mean_width_game_equal,mean_width,game_equal,360,ridge_sgd_l2,lightgbm_multiclass,log SD(ridge_sgd_l2) / SD(lightgbm_multiclass),100,0.1668482201945578,-0.03409347408811552,0.4033640500700027,1.181574912487305,0.9664811594700441,1.4968517214588835,0.030836414058675342,0.023105050142980785,False,0.95,10000,bca_repeat_block
mean_width_game_equal,mean_width,game_equal,360,ridge_sgd_l2,zoo_cnn,log SD(ridge_sgd_l2) / SD(zoo_cnn),100,-1.3833938256482137,-1.7336997314320794,-1.1145389146376343,0.2507261865236811,0.1766297171065638,0.32806651069749004,-0.06999203404538505,-0.06603202130967832,False,0.95,10000,bca_repeat_block
mean_width_game_equal,mean_width,game_equal,360,ridge_sgd_l2,set_transformer,log SD(ridge_sgd_l2) / SD(set_transformer),100,-0.9277461451073234,-1.1214906983611468,-0.7064883835132912,0.39544398007463827,0.32579377221432615,0.49337369822479105,0.028579452399323777,0.026981218231476162,False,0.95,10000,bca_repeat_block
mean_width_game_equal,mean_width,game_equal,360,lightgbm_multiclass,zoo_cnn,log SD(lightgbm_multiclass) / SD(zoo_cnn),100,-1.5502420458427715,-1.8651255594895353,-1.314660354432444,0.21219660630394008,0.15487676241679557,0.26856552484036045,-0.08507722055425072,-0.080891225225636,False,0.95,10000,bca_repeat_block
mean_width_game_equal,mean_width,game_equal,360,lightgbm_multiclass,set_transformer,log SD(lightgbm_multiclass) / SD(set_transformer),100,-1.0945943653018813,-1.276000312904214,-0.915529572112191,0.33467533534729393,0.2791515895743875,0.4003045798070271,0.003759951271145795,0.00697063029872049,False,0.95,10000,bca_repeat_block
mean_width_game_equal,mean_width,game_equal,360,zoo_cnn,set_transformer,log SD(zoo_cnn) / SD(set_transformer),100,0.45564768054089017,0.2318117077925276,0.7750934626067834,1.5771945705291877,1.2608822921651395,2.1707950058625496,0.10244936772754448,0.09040080921403415,False,0.95,10000,bca_repeat_block
mean_width_inclusive_game_equal,mean_width_inclusive,game_equal,20,ridge_sgd_l2,lightgbm_multiclass,log SD(ridge_sgd_l2) / SD(lightgbm_multiclass),100,0.46939618927335475,0.31295474245176985,0.6291084677654961,1.5990283911710863,1.3674596417564477,1.8759373748777324,-0.01804870344078816,-0.0007504212483524901,False,0.95,10000,bca_repeat_block
mean_width_inclusive_game_equal,mean_width_inclusive,game_equal,20,ridge_sgd_l2,zoo_cnn,log SD(ridge_sgd_l2) / SD(zoo_cnn),100,-2.1626994082782063,-2.470226924483952,-1.8312871616360058,0.11501423124966419,0.08456566680375778,0.16020722241324373,-0.03108719706247362,-0.048247690463492476,False,0.95,10000,bca_repeat_block
mean_width_inclusive_game_equal,mean_width_inclusive,game_equal,20,ridge_sgd_l2,set_transformer,log SD(ridge_sgd_l2) / SD(set_transformer),100,-0.48189733498593734,-0.6777247642954082,-0.31083092889523534,0.6176104654970773,0.5077709777317071,0.7328377670867195,-0.030585632994229527,-0.01643886073433147,False,0.95,10000,bca_repeat_block
mean_width_inclusive_game_equal,mean_width_inclusive,game_equal,20,lightgbm_multiclass,zoo_cnn,log SD(lightgbm_multiclass) / SD(zoo_cnn),100,-2.632095597551561,-2.9168892826223,-2.3126129563137483,0.0719275729466134,0.05410172097582281,0.0990022248058445,-0.013034836136889386,-0.047444237254448574,False,0.95,10000,bca_repeat_block
mean_width_inclusive_game_equal,mean_width_inclusive,game_equal,20,lightgbm_multiclass,set_transformer,log SD(lightgbm_multiclass) / SD(set_transformer),100,-0.9512935242592921,-1.119758653958154,-0.7646064060636564,0.38624108796764733,0.3263585504633289,0.46551711963652825,0.009274657580969943,0.01076863550345644,False,0.95,10000,bca_repeat_block
mean_width_inclusive_game_equal,mean_width_inclusive,game_equal,20,zoo_cnn,set_transformer,log SD(zoo_cnn) / SD(set_transformer),100,1.680802073292269,1.3959584868148016,1.9825038048820613,5.369861266615044,4.03884389660991,7.260900121884912,0.03735744868497225,0.06682986636584343,False,0.95,10000,bca_repeat_block
mean_width_inclusive_game_equal,mean_width_inclusive,game_equal,40,ridge_sgd_l2,lightgbm_multiclass,log SD(ridge_sgd_l2) / SD(lightgbm_multiclass),100,0.7990355446605857,0.6241707286114704,0.968001130534081,2.2233955283984854,1.866697316723452,2.632676819138047,-0.00701861679253328,0.005622298278268654,False,0.95,10000,bca_repeat_block
mean_width_inclusive_game_equal,mean_width_inclusive,game_equal,40,ridge_sgd_l2,zoo_cnn,log SD(ridge_sgd_l2) / SD(zoo_cnn),100,-1.5625030734494472,-2.1482389632061043,-1.1064164656830666,0.20961074292208587,0.11668947139059829,0.3307420655032232,-0.10824670166073914,-0.14170245734734846,False,0.95,10000,bca_repeat_block
mean_width_inclusive_game_equal,mean_width_inclusive,game_equal,40,ridge_sgd_l2,set_transformer,log SD(ridge_sgd_l2) / SD(set_transformer),100,-0.16288348864526214,-0.39779097168970634,0.06308658601500725,0.8496901812017056,0.6718024387151718,1.065119059653632,-0.015541720951108279,-0.029143762572940622,False,0.95,10000,bca_repeat_block
mean_width_inclusive_game_equal,mean_width_inclusive,game_equal,40,lightgbm_multiclass,zoo_cnn,log SD(lightgbm_multiclass) / SD(zoo_cnn),100,-2.361538618110033,-2.976632948830329,-1.9069563956890494,0.09427505823629534,0.050964144179025124,0.1485317712681884,-0.12338782202522477,-0.14189881045459227,False,0.95,10000,bca_repeat_block
mean_width_inclusive_game_equal,mean_width_inclusive,game_equal,40,lightgbm_multiclass,set_transformer,log SD(lightgbm_multiclass) / SD(set_transformer),100,-0.9619190333058478,-1.1900621545798196,-0.7587355399581638,0.3821588063612499,0.3042023559094842,0.46825814654378517,-0.025570394640762426,-0.04077183861457245,False,0.95,10000,bca_repeat_block
mean_width_inclusive_game_equal,mean_width_inclusive,game_equal,40,zoo_cnn,set_transformer,log SD(zoo_cnn) / SD(set_transformer),100,1.399619584804185,0.9301964678046767,1.9955144082490106,4.053657600543608,2.5350071759906356,7.355986034698277,0.09917414870033725,0.12836960146852675,False,0.95,10000,bca_repeat_block
mean_width_inclusive_game_equal,mean_width_inclusive,game_equal,80,ridge_sgd_l2,lightgbm_multiclass,log SD(ridge_sgd_l2) / SD(lightgbm_multiclass),100,0.4663218933444231,0.26186359991274766,0.6548233077498067,1.594120053405114,1.299349298983893,1.9248023896628752,-0.022060117941149964,-0.016789347729539623,False,0.95,10000,bca_repeat_block
mean_width_inclusive_game_equal,mean_width_inclusive,game_equal,80,ridge_sgd_l2,zoo_cnn,log SD(ridge_sgd_l2) / SD(zoo_cnn),100,-0.9193289014404973,-1.1467651628942515,-0.7146742358721505,0.39878657640016196,0.3176626962081495,0.48935149899788855,-0.026071887453559334,-0.024464650848722857,False,0.95,10000,bca_repeat_block
mean_width_inclusive_game_equal,mean_width_inclusive,game_equal,80,ridge_sgd_l2,set_transformer,log SD(ridge_sgd_l2) / SD(set_transformer),100,-0.2510605417938733,-0.4579039544502124,-0.05694138803160471,0.7779752701147269,0.6326082324951213,0.9446494355068068,-0.017296597500018798,-0.006714270655160465,False,0.95,10000,bca_repeat_block
mean_width_inclusive_game_equal,mean_width_inclusive,game_equal,80,lightgbm_multiclass,zoo_cnn,log SD(lightgbm_multiclass) / SD(zoo_cnn),100,-1.3856507947849204,-1.6050979054168164,-1.147202973146435,0.2501609433670541,0.20086988769740358,0.3175236506630169,0.017547298372150796,-0.004426841234800597,False,0.95,10000,bca_repeat_block
mean_width_inclusive_game_equal,mean_width_inclusive,game_equal,80,lightgbm_multiclass,set_transformer,log SD(lightgbm_multiclass) / SD(set_transformer),100,-0.7173824351382965,-0.9239093252040886,-0.5111530314755797,0.4880280305444598,0.3969641418365735,0.5998035875294797,-0.0010026514778483275,0.003985549141135849,False,0.95,10000,bca_repeat_block
mean_width_inclusive_game_equal,mean_width_inclusive,game_equal,80,zoo_cnn,set_transformer,log SD(zoo_cnn) / SD(set_transformer),100,0.6682683596466239,0.4415814291526834,0.8889969975078571,1.950856212707793,1.5551646575930196,2.4326884346587803,-0.0015039775317649809,0.012668987586586983,False,0.95,10000,bca_repeat_block
mean_width_inclusive_game_equal,mean_width_inclusive,game_equal,160,ridge_sgd_l2,lightgbm_multiclass,log SD(ridge_sgd_l2) / SD(lightgbm_multiclass),100,0.3226626989631155,0.10503044425041673,0.5771162130644507,1.3807995272363767,1.110744425622405,1.7808952958739583,0.03510000177270884,0.028977415405335983,False,0.95,10000,bca_repeat_block
mean_width_inclusive_game_equal,mean_width_inclusive,game_equal,160,ridge_sgd_l2,zoo_cnn,log SD(ridge_sgd_l2) / SD(zoo_cnn),100,-1.056486553996197,-1.3314632987659856,-0.7851175482836955,0.3476752049966339,0.26409053506674873,0.45606608884865074,-0.01027735684581974,-0.024863806415728214,False,0.95,10000,bca_repeat_block
mean_width_inclusive_game_equal,mean_width_inclusive,game_equal,160,ridge_sgd_l2,set_transformer,log SD(ridge_sgd_l2) / SD(set_transformer),100,-0.614194861161717,-0.80680905437432,-0.3614952662700925,0.5410763615735711,0.4462798513364977,0.6966338937443878,0.0335951372418185,0.04103414002384957,False,0.95,10000,bca_repeat_block
mean_width_inclusive_game_equal,mean_width_inclusive,game_equal,160,lightgbm_multiclass,zoo_cnn,log SD(lightgbm_multiclass) / SD(zoo_cnn),100,-1.3791492529593123,-1.6871459136785225,-1.1259226544714334,0.2517926738376671,0.1850469108883259,0.3243530634520961,-0.027576405739391723,-0.06000315118006929,False,0.95,10000,bca_repeat_block
mean_width_inclusive_game_equal,mean_width_inclusive,game_equal,160,lightgbm_multiclass,set_transformer,log SD(lightgbm_multiclass) / SD(set_transformer),100,-0.9368575601248326,-1.1426833778488752,-0.7336353866423718,0.39185729057752283,0.31896197693939593,0.4801602451926662,-0.01027735684581974,0.0019717926536524204,False,0.95,10000,bca_repeat_block
mean_width_inclusive_game_equal,mean_width_inclusive,game_equal,160,zoo_cnn,set_transformer,log SD(zoo_cnn) / SD(set_transformer),100,0.4422916928344799,0.21748846233056945,0.7454735692707408,1.5562696269318645,1.2429510886662218,2.10743921715579,0.052412517881857815,0.06393316635204305,False,0.95,10000,bca_repeat_block
mean_width_inclusive_game_equal,mean_width_inclusive,game_equal,240,ridge_sgd_l2,lightgbm_multiclass,log SD(ridge_sgd_l2) / SD(lightgbm_multiclass),100,0.21568077687927967,0.021807605117208084,0.4406217564713008,1.240706253655662,1.022047128915708,1.5536729244583316,0.03284273371844667,0.021993385833494514,False,0.95,10000,bca_repeat_block
mean_width_inclusive_game_equal,mean_width_inclusive,game_equal,240,ridge_sgd_l2,zoo_cnn,log SD(ridge_sgd_l2) / SD(zoo_cnn),100,-1.0358201993689682,-1.236652015993397,-0.8181624591101825,0.35493514392400516,0.29035469533737174,0.44124170970716853,-0.002757294595891845,0.0027406788294296923,False,0.95,10000,bca_repeat_block
mean_width_inclusive_game_equal,mean_width_inclusive,game_equal,240,ridge_sgd_l2,set_transformer,log SD(ridge_sgd_l2) / SD(set_transformer),100,-0.744371360870448,-0.9460467339954152,-0.5214795667351008,0.4750328303211033,0.3882729396360786,0.5936415655610001,0.023815219609409344,0.01563876192042179,False,0.95,10000,bca_repeat_block
mean_width_inclusive_game_equal,mean_width_inclusive,game_equal,240,lightgbm_multiclass,zoo_cnn,log SD(lightgbm_multiclass) / SD(zoo_cnn),100,-1.2515009762482479,-1.4529412610159178,-1.0449276654455815,0.28607508254126335,0.2338813692915967,0.3517172597692128,-0.009023984261129074,-0.013408694610808593,False,0.95,10000,bca_repeat_block
mean_width_inclusive_game_equal,mean_width_inclusive,game_equal,240,lightgbm_multiclass,set_transformer,log SD(lightgbm_multiclass) / SD(set_transformer),100,-0.9600521377497276,-1.1506041634039523,-0.7595779605490091,0.382872923322059,0.31644552680734744,0.4678638423476115,0.013536206042278273,0.0010519827960602357,False,0.95,10000,bca_repeat_block
mean_width_inclusive_game_equal,mean_width_inclusive,game_equal,240,zoo_cnn,set_transformer,log SD(zoo_cnn) / SD(set_transformer),100,0.2914488384985201,0.09451956435012401,0.4983647708882053,1.3383651589677807,1.099130666699833,1.646027436799123,0.038109972728680656,0.012357272264608494,False,0.95,10000,bca_repeat_block
mean_width_inclusive_game_equal,mean_width_inclusive,game_equal,360,ridge_sgd_l2,lightgbm_multiclass,log SD(ridge_sgd_l2) / SD(lightgbm_multiclass),100,0.16684822019455758,-0.03409347408811533,0.403364050070004,1.1815749124873047,0.9664811594700443,1.4968517214588855,0.030836414058675342,0.0231050501429809,False,0.95,10000,bca_repeat_block
mean_width_inclusive_game_equal,mean_width_inclusive,game_equal,360,ridge_sgd_l2,zoo_cnn,log SD(ridge_sgd_l2) / SD(zoo_cnn),100,-1.3833938256482146,-1.73369973143208,-1.1145389146376343,0.2507261865236809,0.17662971710656372,0.32806651069749004,-0.06999203404538505,-0.06603202130967856,False,0.95,10000,bca_repeat_block
mean_width_inclusive_game_equal,mean_width_inclusive,game_equal,360,ridge_sgd_l2,set_transformer,log SD(ridge_sgd_l2) / SD(set_transformer),100,-0.9277461451073239,-1.1214906983611472,-0.7064883835132917,0.3954439800746381,0.32579377221432604,0.4933736982247908,0.028579452399323777,0.026981218231476683,False,0.95,10000,bca_repeat_block
mean_width_inclusive_game_equal,mean_width_inclusive,game_equal,360,lightgbm_multiclass,zoo_cnn,log SD(lightgbm_multiclass) / SD(zoo_cnn),100,-1.5502420458427721,-1.865125559489536,-1.3146603544324449,0.21219660630393994,0.1548767624167955,0.26856552484036017,-0.08507722055425072,-0.08089122522563652,False,0.95,10000,bca_repeat_block
mean_width_inclusive_game_equal,mean_width_inclusive,game_equal,360,lightgbm_multiclass,set_transformer,log SD(lightgbm_multiclass) / SD(set_transformer),100,-1.0945943653018815,-1.276000312904214,-0.9155295721121909,0.3346753353472938,0.2791515895743875,0.40030457980702716,0.003759951271145795,0.006970630298721155,False,0.95,10000,bca_repeat_block
mean_width_inclusive_game_equal,mean_width_inclusive,game_equal,360,zoo_cnn,set_transformer,log SD(zoo_cnn) / SD(set_transformer),100,0.45564768054089055,0.231811707792528,0.7750934626067838,1.5771945705291883,1.2608822921651401,2.1707950058625505,0.10244936772754448,0.09040080921403451,False,0.95,10000,bca_repeat_block
