metric,base_metric,aggregation,model,n_train,n_repeats,sd,bootstrap_lower,bootstrap_upper,bca_bias_correction,bca_acceleration,confidence,bootstrap_draws,interval_method
crps,crps,play,ridge_sgd_l2,20,100,0.00025648271869065255,0.00022982075739003127,0.00029214297977111446,0.12793552140422815,0.03298651760711942,0.95,10000,bca_repeat_block
crps,crps,play,ridge_sgd_l2,40,100,0.00025241415875467977,0.00022491632893518608,0.00029036994822047963,0.12641933224808075,0.03875734322206015,0.95,10000,bca_repeat_block
crps,crps,play,ridge_sgd_l2,80,100,0.0002526163626682157,0.00022670080015265397,0.0002882687235217401,0.13627991657922045,0.036030311716330386,0.95,10000,bca_repeat_block
crps,crps,play,ridge_sgd_l2,160,100,0.0002530036493449763,0.0002255281208920704,0.00029044131264196874,0.12869372606692214,0.039020001398557026,0.95,10000,bca_repeat_block
crps,crps,play,ridge_sgd_l2,240,100,0.000251243491007816,0.00022468406603277311,0.00028666929903215963,0.1334974257548597,0.03345614702997839,0.95,10000,bca_repeat_block
crps,crps,play,ridge_sgd_l2,360,100,0.0002521669084699842,0.0002257904278079414,0.00028726472591256494,0.12844098298049186,0.03367596967056877,0.95,10000,bca_repeat_block
crps,crps,play,lightgbm_multiclass,20,100,0.0002840315805237437,0.0002514778705862624,0.00032706873561365573,0.11833780976534068,0.032818852974784506,0.95,10000,bca_repeat_block
crps,crps,play,lightgbm_multiclass,40,100,0.00028777389577518424,0.00025680531606040477,0.0003278701400693969,0.12793552140422815,0.029909070414123065,0.95,10000,bca_repeat_block
crps,crps,play,lightgbm_multiclass,80,100,0.0002894582294938548,0.00025697740146936646,0.0003333883476721137,0.12515606339348145,0.037661206744481084,0.95,10000,bca_repeat_block
crps,crps,play,lightgbm_multiclass,160,100,0.0002837558877805581,0.00025220974713225654,0.00032663492922198903,0.12616666240147723,0.03902882819241138,0.95,10000,bca_repeat_block
crps,crps,play,lightgbm_multiclass,240,100,0.0002803956795021673,0.00024978770524372265,0.0003222695820144774,0.137291991946666,0.03696598721377054,0.95,10000,bca_repeat_block
crps,crps,play,lightgbm_multiclass,360,100,0.0002754561327022777,0.0002459569371603409,0.00031674321528869825,0.14159489437202652,0.03605493132150822,0.95,10000,bca_repeat_block
crps,crps,play,zoo_cnn,20,100,0.001182501159677011,0.00089552069059738,0.0016279216386629076,0.09917414870033725,0.09775877721769358,0.95,10000,bca_repeat_block
crps,crps,play,zoo_cnn,40,100,0.0007595084635789053,0.000575084097840743,0.0010483697167142957,0.10370935811965017,0.09731805301886748,0.95,10000,bca_repeat_block
crps,crps,play,zoo_cnn,80,100,0.0006195756375444363,0.00048412035671887454,0.000892367326314134,0.14590042003299397,0.11514549809750314,0.95,10000,bca_repeat_block
crps,crps,play,zoo_cnn,160,100,0.0005241967302177518,0.00043747459765431225,0.000660407424206235,0.10144149260200486,0.08034744277740802,0.95,10000,bca_repeat_block
crps,crps,play,zoo_cnn,240,100,0.0003735952504410064,0.0003153985274068105,0.00046031247983807335,0.12035744532176691,0.06843487545233637,0.95,10000,bca_repeat_block
crps,crps,play,zoo_cnn,360,100,0.00043726663972390065,0.00037362591382197793,0.0005596924748582346,0.1451404271047799,0.10437320765768586,0.95,10000,bca_repeat_block
crps,crps,play,set_transformer,20,100,0.00032826059843839804,0.0002884404095415248,0.00039061537608610613,0.13071596811986333,0.06133325392255195,0.95,10000,bca_repeat_block
crps,crps,play,set_transformer,40,100,0.000292132212116041,0.0002594862545450488,0.00033423711274417785,0.12237757192738684,0.030902786035901523,0.95,10000,bca_repeat_block
crps,crps,play,set_transformer,80,100,0.00027132565359655014,0.00024087881340818595,0.0003067901275395755,0.09489276913113849,0.02722324779079016,0.95,10000,bca_repeat_block
crps,crps,play,set_transformer,160,100,0.0002730894973397588,0.00024065993698462997,0.0003143066518684323,0.11001182102288878,0.03960926222793468,0.95,10000,bca_repeat_block
crps,crps,play,set_transformer,240,100,0.0002691695996444828,0.0002406805855302125,0.0003034642287686522,0.10900313977014242,0.02278150761769638,0.95,10000,bca_repeat_block
crps,crps,play,set_transformer,360,100,0.00025794266003418897,0.0002306912465225013,0.0002908306443347971,0.11253401620461544,0.027083296181071095,0.95,10000,bca_repeat_block
coverage,coverage,play,ridge_sgd_l2,20,100,0.006107942094812494,0.005464953700347281,0.007003610493041545,0.10622983495269706,0.041867927546138446,0.95,10000,bca_repeat_block
coverage,coverage,play,ridge_sgd_l2,40,100,0.005577114519338356,0.004948172405725964,0.006363777806407583,0.09917414870033725,0.031728191301739934,0.95,10000,bca_repeat_block
coverage,coverage,play,ridge_sgd_l2,80,100,0.004549995215463275,0.003957887808160039,0.0052779466745812055,0.08960639799290773,0.03336907259511202,0.95,10000,bca_repeat_block
coverage,coverage,play,ridge_sgd_l2,160,100,0.0045861115300537,0.004063654454742309,0.005293632026810559,0.1127862748359439,0.036151585674156314,0.95,10000,bca_repeat_block
coverage,coverage,play,ridge_sgd_l2,240,100,0.0043630431545589226,0.003883941266346176,0.005022653005943358,0.1190951160922949,0.03673683212024333,0.95,10000,bca_repeat_block
coverage,coverage,play,ridge_sgd_l2,360,100,0.004299321750011625,0.0038327064268886294,0.004921055230127971,0.12288268129946614,0.031128609561518562,0.95,10000,bca_repeat_block
coverage,coverage,play,lightgbm_multiclass,20,100,0.005497499386399714,0.004924012606589959,0.006197329661267034,0.10698610888983635,0.02764846974839732,0.95,10000,bca_repeat_block
coverage,coverage,play,lightgbm_multiclass,40,100,0.004921507741395946,0.004360452345584932,0.005653140207027015,0.11202952040800261,0.04030313378627002,0.95,10000,bca_repeat_block
coverage,coverage,play,lightgbm_multiclass,80,100,0.005661683106657416,0.004953257972320932,0.006627786691787791,0.12793552140422815,0.03875318935312164,0.95,10000,bca_repeat_block
coverage,coverage,play,lightgbm_multiclass,160,100,0.005119476209398557,0.004508730252701675,0.006008229772270563,0.11152505312308653,0.05159792911035334,0.95,10000,bca_repeat_block
coverage,coverage,play,lightgbm_multiclass,240,100,0.00507978419913991,0.004415423552581431,0.006046249954369081,0.11127283013139141,0.05036020397682916,0.95,10000,bca_repeat_block
coverage,coverage,play,lightgbm_multiclass,360,100,0.005109420650274707,0.004441773865325494,0.006045887604656457,0.09917414870033725,0.05258864400108552,0.95,10000,bca_repeat_block
coverage,coverage,play,zoo_cnn,20,100,0.021018436462192543,0.017171766522137394,0.025352097916872172,0.06722824465557509,0.04841326226366687,0.95,10000,bca_repeat_block
coverage,coverage,play,zoo_cnn,40,100,0.012189605714192892,0.009350922489224664,0.01753933683190941,0.12237757192738684,0.10894231253715961,0.95,10000,bca_repeat_block
coverage,coverage,play,zoo_cnn,80,100,0.007411703121050265,0.006630521203483533,0.008398557575673973,0.10597775716289191,0.03763163975472228,0.95,10000,bca_repeat_block
coverage,coverage,play,zoo_cnn,160,100,0.00728860508570301,0.006408597473671811,0.008382199400029856,0.08784483789587182,0.036541026439994136,0.95,10000,bca_repeat_block
coverage,coverage,play,zoo_cnn,240,100,0.006629503947293869,0.005844513556818129,0.007570368724455466,0.08231025472694933,0.0312873270553399,0.95,10000,bca_repeat_block
coverage,coverage,play,zoo_cnn,360,100,0.007576916129763502,0.006589995615094925,0.008874240006499896,0.08532879488562917,0.047418778293846414,0.95,10000,bca_repeat_block
coverage,coverage,play,set_transformer,20,100,0.01113105190140695,0.009526396922017417,0.01309309091915843,0.0730076876230591,0.04689884064100165,0.95,10000,bca_repeat_block
coverage,coverage,play,set_transformer,40,100,0.00766542468686324,0.006745273767984733,0.008822767089463291,0.0818072383494721,0.047807963242389215,0.95,10000,bca_repeat_block
coverage,coverage,play,set_transformer,80,100,0.0072022403153234795,0.006444493039049415,0.008255833183564269,0.13324452361112396,0.03464043429906018,0.95,10000,bca_repeat_block
coverage,coverage,play,set_transformer,160,100,0.00732033861784522,0.006325702462363509,0.008826709595991956,0.11631865678545307,0.06367657605341878,0.95,10000,bca_repeat_block
coverage,coverage,play,set_transformer,240,100,0.006627434840014276,0.005858849384806281,0.007557083431893762,0.10547362176886818,0.028387369384038776,0.95,10000,bca_repeat_block
coverage,coverage,play,set_transformer,360,100,0.007691920785537672,0.006848243501838695,0.008923451203492644,0.12010496419685164,0.04472264889626937,0.95,10000,bca_repeat_block
mean_width,mean_width,play,ridge_sgd_l2,20,100,0.9337000562597817,0.8202831563910474,1.0690141867593252,0.08658674787384585,0.0308868056996981,0.95,10000,bca_repeat_block
mean_width,mean_width,play,ridge_sgd_l2,40,100,0.7288514691566554,0.6413049345624013,0.8408177551327463,0.11177728320980798,0.03595692407744922,0.95,10000,bca_repeat_block
mean_width,mean_width,play,ridge_sgd_l2,80,100,0.5322621924046907,0.46492260872475305,0.6151007484609838,0.08759320883174784,0.032128631894729844,0.95,10000,bca_repeat_block
mean_width,mean_width,play,ridge_sgd_l2,160,100,0.42603591953136055,0.37015278652822564,0.525885303022203,0.13071596811986333,0.08880838486700944,0.95,10000,bca_repeat_block
mean_width,mean_width,play,ridge_sgd_l2,240,100,0.3287673535127595,0.2892560820868739,0.3954373106385404,0.12439819806905468,0.06758831183046694,0.95,10000,bca_repeat_block
mean_width,mean_width,play,ridge_sgd_l2,360,100,0.305476987509606,0.26777816463912507,0.3639767371834679,0.1190951160922949,0.06395186228704454,0.95,10000,bca_repeat_block
mean_width,mean_width,play,lightgbm_multiclass,20,100,0.5804466784396132,0.5081563858522764,0.6828111017663369,0.10875098682482563,0.052351573378816685,0.95,10000,bca_repeat_block
mean_width,mean_width,play,lightgbm_multiclass,40,100,0.3246401119068173,0.29024001915361475,0.3683614353103497,0.12389299423746741,0.031696734095185315,0.95,10000,bca_repeat_block
mean_width,mean_width,play,lightgbm_multiclass,80,100,0.3329954168480174,0.29108145977270483,0.39182465911985137,0.11026400878604582,0.05312486027812519,0.95,10000,bca_repeat_block
mean_width,mean_width,play,lightgbm_multiclass,160,100,0.3077022531088077,0.27170086705856544,0.3607815955876863,0.10673401079978624,0.05473545369646503,0.95,10000,bca_repeat_block
mean_width,mean_width,play,lightgbm_multiclass,240,100,0.2654571187517029,0.23555135161806606,0.3088613307021256,0.12288268129946614,0.045042348275084514,0.95,10000,bca_repeat_block
mean_width,mean_width,play,lightgbm_multiclass,360,100,0.25625020070855065,0.22633689882560534,0.29411236596840473,0.09715916018568779,0.03694986836647051,0.95,10000,bca_repeat_block
mean_width,mean_width,play,zoo_cnn,20,100,8.105972437235469,6.07355587995236,10.678079836962002,0.07401305168886022,0.07224914639816088,0.95,10000,bca_repeat_block
mean_width,mean_width,play,zoo_cnn,40,100,3.475755005771132,2.2586842673664247,6.179395497092117,0.17204773674237334,0.14735678705563943,0.95,10000,bca_repeat_block
mean_width,mean_width,play,zoo_cnn,80,100,1.3275759400188973,1.131155621930431,1.58919091191979,0.09161995038847483,0.057929835909856627,0.95,10000,bca_repeat_block
mean_width,mean_width,play,zoo_cnn,160,100,1.2144400676135625,1.0078937913365953,1.5939981761221635,0.12136744671333508,0.10120513309557765,0.95,10000,bca_repeat_block
mean_width,mean_width,play,zoo_cnn,240,100,0.9286218567445188,0.8066761694659137,1.1176797279522535,0.142354500038514,0.06326327939822646,0.95,10000,bca_repeat_block
mean_width,mean_width,play,zoo_cnn,360,100,1.2012739971234454,0.9709784548817878,1.633190790120967,0.14286094942554084,0.10932711729579432,0.95,10000,bca_repeat_block
mean_width,mean_width,play,set_transformer,20,100,1.508682253173605,1.3204520006880405,1.7524676891213458,0.0906131282680229,0.049412344603153247,0.95,10000,bca_repeat_block
mean_width,mean_width,play,set_transformer,40,100,0.8580895792006102,0.7287986141764956,1.0595750737371405,0.12086243060603684,0.07769784964751504,0.95,10000,bca_repeat_block
mean_width,mean_width,play,set_transformer,80,100,0.6836175816371468,0.5989806967445044,0.7951607928609522,0.11530925861782557,0.043048785433226044,0.95,10000,bca_repeat_block
mean_width,mean_width,play,set_transformer,160,100,0.7827129113320673,0.6863109433945763,0.9048909593760113,0.11127283013139141,0.03855240563435055,0.95,10000,bca_repeat_block
mean_width,mean_width,play,set_transformer,240,100,0.6939471248352955,0.6165240167312788,0.7969552622657395,0.1052215641319016,0.041582603219643806,0.95,10000,bca_repeat_block
mean_width,mean_width,play,set_transformer,360,100,0.7666585784700627,0.6846535327273717,0.8771132897643388,0.11379538129883492,0.03310687020751601,0.95,10000,bca_repeat_block
mean_width_inclusive,mean_width_inclusive,play,ridge_sgd_l2,20,100,0.9337000562597816,0.8202831563910474,1.0690141867593252,0.08658674787384585,0.030886805699697924,0.95,10000,bca_repeat_block
mean_width_inclusive,mean_width_inclusive,play,ridge_sgd_l2,40,100,0.7288514691566554,0.6413049345624013,0.8408177551327464,0.11177728320980798,0.0359569240774502,0.95,10000,bca_repeat_block
mean_width_inclusive,mean_width_inclusive,play,ridge_sgd_l2,80,100,0.5322621924046907,0.46492260872475305,0.6151007484609838,0.08759320883174784,0.0321286318947302,0.95,10000,bca_repeat_block
mean_width_inclusive,mean_width_inclusive,play,ridge_sgd_l2,160,100,0.42603591953136055,0.3701527865282257,0.5258853030222032,0.13071596811986333,0.08880838486700948,0.95,10000,bca_repeat_block
mean_width_inclusive,mean_width_inclusive,play,ridge_sgd_l2,240,100,0.3287673535127595,0.2892560820868739,0.3954373106385404,0.12439819806905468,0.06758831183046697,0.95,10000,bca_repeat_block
mean_width_inclusive,mean_width_inclusive,play,ridge_sgd_l2,360,100,0.30547698750960606,0.2677781646391249,0.363976737183467,0.1190951160922949,0.063951862287042,0.95,10000,bca_repeat_block
mean_width_inclusive,mean_width_inclusive,play,lightgbm_multiclass,20,100,0.5804466784396131,0.5081563858522765,0.682811101766337,0.10875098682482563,0.05235157337881623,0.95,10000,bca_repeat_block
mean_width_inclusive,mean_width_inclusive,play,lightgbm_multiclass,40,100,0.3246401119068174,0.2902400191536148,0.3683614353103501,0.12389299423746741,0.03169673409518657,0.95,10000,bca_repeat_block
mean_width_inclusive,mean_width_inclusive,play,lightgbm_multiclass,80,100,0.33299541684801753,0.2910814597727051,0.39182465911985154,0.11026400878604582,0.05312486027812925,0.95,10000,bca_repeat_block
mean_width_inclusive,mean_width_inclusive,play,lightgbm_multiclass,160,100,0.3077022531088077,0.2717008670585655,0.3607815955876863,0.10673401079978624,0.05473545369646484,0.95,10000,bca_repeat_block
mean_width_inclusive,mean_width_inclusive,play,lightgbm_multiclass,240,100,0.2654571187517029,0.23555135161806603,0.30886133070212557,0.12288268129946614,0.045042348275084285,0.95,10000,bca_repeat_block
mean_width_inclusive,mean_width_inclusive,play,lightgbm_multiclass,360,100,0.2562502007085507,0.2263368988256055,0.29411236596840484,0.09715916018568779,0.03694986836647196,0.95,10000,bca_repeat_block
mean_width_inclusive,mean_width_inclusive,play,zoo_cnn,20,100,8.105972437235469,6.073555879952359,10.678079836962002,0.07401305168886022,0.07224914639816085,0.95,10000,bca_repeat_block
mean_width_inclusive,mean_width_inclusive,play,zoo_cnn,40,100,3.475755005771132,2.258684267366425,6.179395497092118,0.17204773674237334,0.14735678705563943,0.95,10000,bca_repeat_block
mean_width_inclusive,mean_width_inclusive,play,zoo_cnn,80,100,1.3275759400188976,1.1311556219304308,1.58919091191979,0.09161995038847483,0.05792983590985626,0.95,10000,bca_repeat_block
mean_width_inclusive,mean_width_inclusive,play,zoo_cnn,160,100,1.2144400676135623,1.0078937913365953,1.5939981761221635,0.12136744671333508,0.10120513309557787,0.95,10000,bca_repeat_block
mean_width_inclusive,mean_width_inclusive,play,zoo_cnn,240,100,0.9286218567445189,0.8066761694659138,1.1176797279522535,0.142354500038514,0.06326327939822675,0.95,10000,bca_repeat_block
mean_width_inclusive,mean_width_inclusive,play,zoo_cnn,360,100,1.2012739971234454,0.9709784548817878,1.633190790120967,0.14286094942554084,0.10932711729579399,0.95,10000,bca_repeat_block
mean_width_inclusive,mean_width_inclusive,play,set_transformer,20,100,1.508682253173605,1.3204520006880407,1.7524676891213458,0.0906131282680229,0.04941234460315446,0.95,10000,bca_repeat_block
mean_width_inclusive,mean_width_inclusive,play,set_transformer,40,100,0.8580895792006102,0.7287986141764956,1.0595750737371408,0.12086243060603684,0.07769784964751501,0.95,10000,bca_repeat_block
mean_width_inclusive,mean_width_inclusive,play,set_transformer,80,100,0.683617581637147,0.5989806967445045,0.795160792860951,0.11530925861782557,0.04304878543322468,0.95,10000,bca_repeat_block
mean_width_inclusive,mean_width_inclusive,play,set_transformer,160,100,0.7827129113320674,0.6863109433945759,0.9048909593760112,0.11127283013139141,0.038552405634350216,0.95,10000,bca_repeat_block
mean_width_inclusive,mean_width_inclusive,play,set_transformer,240,100,0.6939471248352957,0.6165240167312788,0.7969552622657392,0.1052215641319016,0.04158260321964142,0.95,10000,bca_repeat_block
mean_width_inclusive,mean_width_inclusive,play,set_transformer,360,100,0.7666585784700626,0.6846535327273714,0.8771132897643386,0.11379538129883492,0.03310687020751646,0.95,10000,bca_repeat_block
mean_q,mean_q,play,ridge_sgd_l2,20,100,0.16930714897489474,0.14846860394982722,0.1938856057802234,0.08759320883174784,0.03862833757711031,0.95,10000,bca_repeat_block
mean_q,mean_q,play,ridge_sgd_l2,40,100,0.13612754755157586,0.12075176292823825,0.15753642200709989,0.12263012270251442,0.04638226242572018,0.95,10000,bca_repeat_block
mean_q,mean_q,play,ridge_sgd_l2,80,100,0.1140636687695021,0.09731110601779953,0.13894409649760756,0.11303854064456521,0.06584659860991007,0.95,10000,bca_repeat_block
mean_q,mean_q,play,ridge_sgd_l2,160,100,0.10623258652692424,0.09094173711558524,0.13159338474239857,0.11808538942555302,0.08154737731082129,0.95,10000,bca_repeat_block
mean_q,mean_q,play,ridge_sgd_l2,240,100,0.09056198582541149,0.07745355046506856,0.11721105689242464,0.14083537039712735,0.10223041836018726,0.95,10000,bca_repeat_block
mean_q,mean_q,play,ridge_sgd_l2,360,100,0.08797879936562455,0.07654245970181514,0.10761700918614063,0.12919923691977347,0.07463475921105828,0.95,10000,bca_repeat_block
mean_q,mean_q,play,lightgbm_multiclass,20,100,0.26244347452145894,0.23114715505857825,0.3037501195573929,0.1165710248062833,0.0413744815618895,0.95,10000,bca_repeat_block
mean_q,mean_q,play,lightgbm_multiclass,40,100,0.21522546207034196,0.18831140702257237,0.25092713993769544,0.10370935811965017,0.040377990686983174,0.95,10000,bca_repeat_block
mean_q,mean_q,play,lightgbm_multiclass,80,100,0.1916982873038323,0.16970393106606244,0.2241116043429203,0.11076840536730806,0.05758753314276476,0.95,10000,bca_repeat_block
mean_q,mean_q,play,lightgbm_multiclass,160,100,0.18211850602684698,0.15985500639715639,0.2131279277332429,0.10723821377940601,0.04697540312788217,0.95,10000,bca_repeat_block
mean_q,mean_q,play,lightgbm_multiclass,240,100,0.1563396286986259,0.13628585061083662,0.18426163908281767,0.11455228714160764,0.04553305436621096,0.95,10000,bca_repeat_block
mean_q,mean_q,play,lightgbm_multiclass,360,100,0.1404330358799215,0.12271121926389741,0.16357913789022743,0.09489276913113849,0.04386585517407114,0.95,10000,bca_repeat_block
mean_q,mean_q,play,zoo_cnn,20,100,1.4365056109810614,1.2854687009360741,1.6033125264612715,0.09262686539181775,0.01898369270935891,0.95,10000,bca_repeat_block
mean_q,mean_q,play,zoo_cnn,40,100,0.7732988148883867,0.6875332330551297,0.8845547295510117,0.09741101200999693,0.03698749913121661,0.95,10000,bca_repeat_block
mean_q,mean_q,play,zoo_cnn,80,100,0.45785821014227274,0.400234514628918,0.5264226368610263,0.07501849056945054,0.03772486210925935,0.95,10000,bca_repeat_block
mean_q,mean_q,play,zoo_cnn,160,100,0.4222932299287064,0.38020097929383734,0.5092028243520133,0.14894123912533586,0.08936592656495988,0.95,10000,bca_repeat_block
mean_q,mean_q,play,zoo_cnn,240,100,0.3682430851442187,0.3352908666219191,0.4068758475966999,0.10673401079978624,0.021701980287128064,0.95,10000,bca_repeat_block
mean_q,mean_q,play,zoo_cnn,360,100,0.44357421135194647,0.38492630360654667,0.5579014657685747,0.12465081188363734,0.10389387044220319,0.95,10000,bca_repeat_block
mean_q,mean_q,play,set_transformer,20,100,0.36496659426227457,0.31841009656318997,0.4381196057563837,0.10396137589283386,0.07789516801573998,0.95,10000,bca_repeat_block
mean_q,mean_q,play,set_transformer,40,100,0.27182610516861627,0.2369595034530959,0.3144956453718017,0.08054978767948894,0.045245600419793454,0.95,10000,bca_repeat_block
mean_q,mean_q,play,set_transformer,80,100,0.17038274035063442,0.15016686729175802,0.19910524273007377,0.1004337205114699,0.053564424454235336,0.95,10000,bca_repeat_block
mean_q,mean_q,play,set_transformer,160,100,0.21879836559707716,0.1905137480177854,0.25850131743020416,0.10396137589283386,0.06476217821599389,0.95,10000,bca_repeat_block
mean_q,mean_q,play,set_transformer,240,100,0.208120648163718,0.18183158274781677,0.24697020422937105,0.09161995038847483,0.07370465139286184,0.95,10000,bca_repeat_block
mean_q,mean_q,play,set_transformer,360,100,0.1812273436993829,0.14572515417622472,0.2284475042195729,0.09564817808473206,0.0694080478983929,0.95,10000,bca_repeat_block
crps_game_equal,crps,game_equal,ridge_sgd_l2,20,100,0.0002546166966265675,0.00022782588529697683,0.0002908400943899847,0.1334974257548597,0.03341994509789847,0.95,10000,bca_repeat_block
crps_game_equal,crps,game_equal,ridge_sgd_l2,40,100,0.0002510246255599379,0.0002239294436413413,0.00028873762465130676,0.1309687857971021,0.03981058569449492,0.95,10000,bca_repeat_block
crps_game_equal,crps,game_equal,ridge_sgd_l2,80,100,0.00025054148507502454,0.00022514703629668607,0.00028531952955357647,0.1388103690478696,0.03554451945556502,0.95,10000,bca_repeat_block
crps_game_equal,crps,game_equal,ridge_sgd_l2,160,100,0.0002511939441892604,0.0002241297523106796,0.0002880934118196794,0.13779808230586743,0.039135336039253954,0.95,10000,bca_repeat_block
crps_game_equal,crps,game_equal,ridge_sgd_l2,240,100,0.00024918702011704404,0.00022294716809435094,0.0002843917290093127,0.137291991946666,0.03327670178197546,0.95,10000,bca_repeat_block
crps_game_equal,crps,game_equal,ridge_sgd_l2,360,100,0.0002501032499190371,0.00022404131400802663,0.000285130178284711,0.1334974257548597,0.03473432523903315,0.95,10000,bca_repeat_block
crps_game_equal,crps,game_equal,lightgbm_multiclass,20,100,0.00027867853825714125,0.0002469775995726437,0.0003206424287925278,0.12995756514932058,0.030844882980644545,0.95,10000,bca_repeat_block
crps_game_equal,crps,game_equal,lightgbm_multiclass,40,100,0.00028411288952152604,0.00025426363487063817,0.0003222151862609899,0.1271773902812563,0.0285343245518978,0.95,10000,bca_repeat_block
crps_game_equal,crps,game_equal,lightgbm_multiclass,80,100,0.0002862452004916417,0.00025411402828378086,0.0003283195216813891,0.12566134685507413,0.03533013050414075,0.95,10000,bca_repeat_block
crps_game_equal,crps,game_equal,lightgbm_multiclass,160,100,0.00028075010979223695,0.0002503687111670086,0.00032200854742203943,0.13476206488943723,0.035499924320031365,0.95,10000,bca_repeat_block
crps_game_equal,crps,game_equal,lightgbm_multiclass,240,100,0.0002769503936246366,0.00024709422075034823,0.0003165172294781754,0.13906346291977786,0.03392675075327458,0.95,10000,bca_repeat_block
crps_game_equal,crps,game_equal,lightgbm_multiclass,360,100,0.0002717728410246963,0.00024327928394978098,0.00031064815894726264,0.1418480871615028,0.03314521541158898,0.95,10000,bca_repeat_block
crps_game_equal,crps,game_equal,zoo_cnn,20,100,0.0011876873275565557,0.0009009577256934467,0.001636145328324189,0.10018179346565421,0.09830222406298501,0.95,10000,bca_repeat_block
crps_game_equal,crps,game_equal,zoo_cnn,40,100,0.0007714100742436204,0.0005850106404820463,0.001065986520556486,0.1077424440226698,0.09823542809043032,0.95,10000,bca_repeat_block
crps_game_equal,crps,game_equal,zoo_cnn,80,100,0.0006163092101637559,0.00048292391570119305,0.0008802351043468875,0.14286094942554084,0.1114616995149313,0.95,10000,bca_repeat_block
crps_game_equal,crps,game_equal,zoo_cnn,160,100,0.0005246871827907664,0.000434243910866694,0.000669160066918093,0.10421340026908517,0.083389860798596,0.95,10000,bca_repeat_block
crps_game_equal,crps,game_equal,zoo_cnn,240,100,0.00036937019173182627,0.00031125749532002393,0.00045993535104984525,0.1281882480984856,0.07309148749961894,0.95,10000,bca_repeat_block
crps_game_equal,crps,game_equal,zoo_cnn,360,100,0.000437137465031859,0.0003700305809312257,0.0005747988548472448,0.14995515022119055,0.11462859242107684,0.95,10000,bca_repeat_block
crps_game_equal,crps,game_equal,set_transformer,20,100,0.00032777241417342493,0.0002869960163028874,0.0003927639184876535,0.13122161184572098,0.06300579392419163,0.95,10000,bca_repeat_block
crps_game_equal,crps,game_equal,set_transformer,40,100,0.0002870012258814334,0.0002556114982933351,0.0003265384610761535,0.11707578313820405,0.0275729927601627,0.95,10000,bca_repeat_block
crps_game_equal,crps,game_equal,set_transformer,80,100,0.00026670463165923966,0.00023668699284370022,0.0003018325700638974,0.09816660462125527,0.0283438925844027,0.95,10000,bca_repeat_block
crps_game_equal,crps,game_equal,set_transformer,160,100,0.00027103083574569944,0.00023855308773072326,0.000312841137832298,0.10925529964619017,0.04158890895217132,0.95,10000,bca_repeat_block
crps_game_equal,crps,game_equal,set_transformer,240,100,0.0002654849275417195,0.00023665387783424748,0.0003005022437344765,0.11732817348232277,0.025073303419404728,0.95,10000,bca_repeat_block
crps_game_equal,crps,game_equal,set_transformer,360,100,0.0002535860436329015,0.0002263169100679905,0.0002889818487062483,0.13400325567523477,0.0306072835524096,0.95,10000,bca_repeat_block
coverage_game_equal,coverage,game_equal,ridge_sgd_l2,20,100,0.00616886032857935,0.005519298852881698,0.007042808627966019,0.10749032548488587,0.037933982623145436,0.95,10000,bca_repeat_block
coverage_game_equal,coverage,game_equal,ridge_sgd_l2,40,100,0.005636352713572903,0.00499348704696105,0.006428508212478161,0.0961518143516292,0.030357240428431305,0.95,10000,bca_repeat_block
coverage_game_equal,coverage,game_equal,ridge_sgd_l2,80,100,0.004626047678788514,0.004022270153682802,0.00535973103862539,0.09161995038847483,0.03403608542365395,0.95,10000,bca_repeat_block
coverage_game_equal,coverage,game_equal,ridge_sgd_l2,160,100,0.004679280482470832,0.0041481356403229724,0.005423340594207479,0.12136744671333508,0.03714833645017388,0.95,10000,bca_repeat_block
coverage_game_equal,coverage,game_equal,ridge_sgd_l2,240,100,0.004433727777256316,0.003944607930256133,0.005131627370374019,0.12743009251227935,0.03672191525432176,0.95,10000,bca_repeat_block
coverage_game_equal,coverage,game_equal,ridge_sgd_l2,360,100,0.004373165857451638,0.003892343778997757,0.005000560176346777,0.12136744671333508,0.02922156314404555,0.95,10000,bca_repeat_block
coverage_game_equal,coverage,game_equal,lightgbm_multiclass,20,100,0.0055775167211347875,0.004999746574346623,0.006285072822346775,0.10421340026908517,0.02666990148339856,0.95,10000,bca_repeat_block
coverage_game_equal,coverage,game_equal,lightgbm_multiclass,40,100,0.0049340374720899015,0.004382324057612861,0.005625612241236725,0.10547362176886818,0.03664602038592057,0.95,10000,bca_repeat_block
coverage_game_equal,coverage,game_equal,lightgbm_multiclass,80,100,0.005706162514148842,0.004971308951763651,0.0066861527904738685,0.12465081188363734,0.03830837914804996,0.95,10000,bca_repeat_block
coverage_game_equal,coverage,game_equal,lightgbm_multiclass,160,100,0.0051558769596675245,0.0045613659078504315,0.0059954319928013705,0.11404767598129187,0.04677945940658499,0.95,10000,bca_repeat_block
coverage_game_equal,coverage,game_equal,lightgbm_multiclass,240,100,0.005057594269219355,0.004409422663985608,0.006003467141579113,0.11253401620461544,0.0485748925195042,0.95,10000,bca_repeat_block
coverage_game_equal,coverage,game_equal,lightgbm_multiclass,360,100,0.005120639564126168,0.004453732342767827,0.006006379313644035,0.08859975852623243,0.04635133231965124,0.95,10000,bca_repeat_block
coverage_game_equal,coverage,game_equal,zoo_cnn,20,100,0.02097478538372183,0.017135382271434223,0.02532801025383395,0.06572094093465736,0.048543727960602606,0.95,10000,bca_repeat_block
coverage_game_equal,coverage,game_equal,zoo_cnn,40,100,0.012182336651031554,0.009308750237585364,0.017520372480454162,0.12187249377624015,0.10805841664590309,0.95,10000,bca_repeat_block
coverage_game_equal,coverage,game_equal,zoo_cnn,80,100,0.007434232432749716,0.006646190179373454,0.008411980575932034,0.09892225328197578,0.03572788365232711,0.95,10000,bca_repeat_block
coverage_game_equal,coverage,game_equal,zoo_cnn,160,100,0.007176313830908052,0.006295546579333663,0.008245948191061801,0.07878957024029087,0.036448090851847685,0.95,10000,bca_repeat_block
coverage_game_equal,coverage,game_equal,zoo_cnn,240,100,0.006646346381945153,0.005866795445512754,0.007569414750795073,0.08029831289205504,0.02957514178828524,0.95,10000,bca_repeat_block
coverage_game_equal,coverage,game_equal,zoo_cnn,360,100,0.007496875498871777,0.006503347573562419,0.00881943062031252,0.08784483789587182,0.049065169170257376,0.95,10000,bca_repeat_block
coverage_game_equal,coverage,game_equal,set_transformer,20,100,0.01121902222975379,0.009598418966550521,0.013211693258381823,0.07677819172498306,0.047828677419031955,0.95,10000,bca_repeat_block
coverage_game_equal,coverage,game_equal,set_transformer,40,100,0.007663836814110809,0.006750181887037703,0.008816293389435648,0.0818072383494721,0.04687413983533362,0.95,10000,bca_repeat_block
coverage_game_equal,coverage,game_equal,set_transformer,80,100,0.007215257930174804,0.006465278525953902,0.008287868951528679,0.13982279805227701,0.03575020117070876,0.95,10000,bca_repeat_block
coverage_game_equal,coverage,game_equal,set_transformer,160,100,0.007336417323723511,0.006307775266593296,0.008835380765378952,0.10950746646938428,0.06312943800205596,0.95,10000,bca_repeat_block
coverage_game_equal,coverage,game_equal,set_transformer,240,100,0.0066181432390021435,0.005847125250333913,0.00755449069437861,0.10547362176886818,0.028974505657337737,0.95,10000,bca_repeat_block
coverage_game_equal,coverage,game_equal,set_transformer,360,100,0.007694831462133673,0.006847269029005045,0.008948569332812333,0.12010496419685164,0.04749124586814532,0.95,10000,bca_repeat_block
mean_width_game_equal,mean_width,game_equal,ridge_sgd_l2,20,100,0.9313592128680386,0.8180094567144225,1.0659358836214403,0.08734158531365724,0.030656615017421503,0.95,10000,bca_repeat_block
mean_width_game_equal,mean_width,game_equal,ridge_sgd_l2,40,100,0.7283757507251118,0.6411548893487785,0.8424833712769121,0.11329081364694277,0.0369069143461517,0.95,10000,bca_repeat_block
mean_width_game_equal,mean_width,game_equal,ridge_sgd_l2,80,100,0.5311077092598273,0.4643950978570329,0.6129875126246719,0.08784483789587182,0.030777670114500118,0.95,10000,bca_repeat_block
mean_width_game_equal,mean_width,game_equal,ridge_sgd_l2,160,100,0.4246686208353154,0.36974981499215875,0.5235900627831565,0.1367859367492717,0.08847780733381733,0.95,10000,bca_repeat_block
mean_width_game_equal,mean_width,game_equal,ridge_sgd_l2,240,100,0.3297204009440515,0.28912850547801117,0.39638699458808546,0.11960002489866088,0.06449596239031015,0.95,10000,bca_repeat_block
mean_width_game_equal,mean_width,game_equal,ridge_sgd_l2,360,100,0.3024938431647741,0.2641262732909709,0.36180618824259625,0.11960002489866088,0.06429240452875352,0.95,10000,bca_repeat_block
mean_width_game_equal,mean_width,game_equal,lightgbm_multiclass,20,100,0.5824532059658651,0.5101283181047868,0.6831268289414596,0.10622983495269706,0.05099866537577303,0.95,10000,bca_repeat_block
mean_width_game_equal,mean_width,game_equal,lightgbm_multiclass,40,100,0.32759612107781916,0.2925679138733595,0.3720138198160685,0.11783297660947314,0.03220576888687381,0.95,10000,bca_repeat_block
mean_width_game_equal,mean_width,game_equal,lightgbm_multiclass,80,100,0.33316669477016897,0.29118496008447275,0.39166434053108756,0.11001182102288878,0.051578251288979075,0.95,10000,bca_repeat_block
mean_width_game_equal,mean_width,game_equal,lightgbm_multiclass,160,100,0.3075526986059124,0.2715936302282362,0.36012170912259883,0.10547362176886818,0.05402656139453318,0.95,10000,bca_repeat_block
mean_width_game_equal,mean_width,game_equal,lightgbm_multiclass,240,100,0.2657521874920447,0.23595198578519452,0.3083770153659096,0.12060993411930736,0.04344363759966243,0.95,10000,bca_repeat_block
mean_width_game_equal,mean_width,game_equal,lightgbm_multiclass,360,100,0.2560090265694636,0.2262724154095294,0.29395631306859876,0.09665547500856761,0.03686708395116143,0.95,10000,bca_repeat_block
mean_width_game_equal,mean_width,game_equal,zoo_cnn,20,100,8.09777366460255,6.066990001313336,10.673259464851423,0.0747671237792237,0.07235096738842317,0.95,10000,bca_repeat_block
mean_width_game_equal,mean_width,game_equal,zoo_cnn,40,100,3.4748970428288377,2.259909336650148,6.17647716109102,0.17255655959478658,0.14729463786820754,0.95,10000,bca_repeat_block
mean_width_game_equal,mean_width,game_equal,zoo_cnn,80,100,1.3318093955271137,1.1336443955637514,1.5932596174055451,0.0893547296534372,0.05834441718973204,0.95,10000,bca_repeat_block
mean_width_game_equal,mean_width,game_equal,zoo_cnn,160,100,1.2214521332903991,1.0122879426302969,1.6093599034549702,0.12288268129946614,0.10257894605425324,0.95,10000,bca_repeat_block
mean_width_game_equal,mean_width,game_equal,zoo_cnn,240,100,0.9289595763857288,0.8063673423653049,1.1190794673271878,0.14083537039712735,0.06382736465032872,0.95,10000,bca_repeat_block
mean_width_game_equal,mean_width,game_equal,zoo_cnn,360,100,1.2064708810788838,0.973553731211889,1.6415681801485627,0.14032906623972866,0.1099022612485835,0.95,10000,bca_repeat_block
mean_width_game_equal,mean_width,game_equal,set_transformer,20,100,1.5080042598022425,1.3201820845313277,1.7533788693847039,0.09111652778275008,0.05001796634271323,0.95,10000,bca_repeat_block
mean_width_game_equal,mean_width,game_equal,set_transformer,40,100,0.8572251002065008,0.7282678351773062,1.0571045913377626,0.11758057130057153,0.07795072893385051,0.95,10000,bca_repeat_block
mean_width_game_equal,mean_width,game_equal,set_transformer,80,100,0.6826794239635733,0.5979632562405383,0.7942146205072553,0.11455228714160764,0.04325326322666095,0.95,10000,bca_repeat_block
mean_width_game_equal,mean_width,game_equal,set_transformer,160,100,0.7848589422762513,0.6885872089531349,0.9064112150784056,0.1105162035620418,0.03856740346629319,0.95,10000,bca_repeat_block
mean_width_game_equal,mean_width,game_equal,set_transformer,240,100,0.6941002387586003,0.6164604860259782,0.7997206185877649,0.1077424440226698,0.044067790894441516,0.95,10000,bca_repeat_block
mean_width_game_equal,mean_width,game_equal,set_transformer,360,100,0.7649473968668831,0.6827099932059731,0.8745282617204778,0.10900313977014242,0.033239379167408024,0.95,10000,bca_repeat_block
mean_width_inclusive_game_equal,mean_width_inclusive,game_equal,ridge_sgd_l2,20,100,0.9313592128680385,0.8180094567144224,1.0659358836214403,0.08734158531365724,0.03065661501742119,0.95,10000,bca_repeat_block
mean_width_inclusive_game_equal,mean_width_inclusive,game_equal,ridge_sgd_l2,40,100,0.7283757507251118,0.6411548893487785,0.8424833712769121,0.11329081364694277,0.03690691434615179,0.95,10000,bca_repeat_block
mean_width_inclusive_game_equal,mean_width_inclusive,game_equal,ridge_sgd_l2,80,100,0.531107709259827,0.464395097857033,0.6129875126246717,0.08784483789587182,0.030777670114499764,0.95,10000,bca_repeat_block
mean_width_inclusive_game_equal,mean_width_inclusive,game_equal,ridge_sgd_l2,160,100,0.42466862083531554,0.3697498149921588,0.5235900627831565,0.1367859367492717,0.08847780733381608,0.95,10000,bca_repeat_block
mean_width_inclusive_game_equal,mean_width_inclusive,game_equal,ridge_sgd_l2,240,100,0.3297204009440514,0.28912850547801094,0.39638699458808546,0.11960002489866088,0.06449596239030954,0.95,10000,bca_repeat_block
mean_width_inclusive_game_equal,mean_width_inclusive,game_equal,ridge_sgd_l2,360,100,0.3024938431647739,0.2641262732909707,0.3618061882425962,0.11960002489866088,0.06429240452875487,0.95,10000,bca_repeat_block
mean_width_inclusive_game_equal,mean_width_inclusive,game_equal,lightgbm_multiclass,20,100,0.5824532059658649,0.5101283181047869,0.6831268289414599,0.10622983495269706,0.05099866537577354,0.95,10000,bca_repeat_block
mean_width_inclusive_game_equal,mean_width_inclusive,game_equal,lightgbm_multiclass,40,100,0.3275961210778191,0.29256791387335934,0.3720138198160684,0.11783297660947314,0.03220576888687383,0.95,10000,bca_repeat_block
mean_width_inclusive_game_equal,mean_width_inclusive,game_equal,lightgbm_multiclass,80,100,0.3331666947701689,0.29118496008447275,0.3916643405310873,0.11001182102288878,0.0515782512889787,0.95,10000,bca_repeat_block
mean_width_inclusive_game_equal,mean_width_inclusive,game_equal,lightgbm_multiclass,160,100,0.3075526986059123,0.2715936302282361,0.3601217091225987,0.10547362176886818,0.05402656139453301,0.95,10000,bca_repeat_block
mean_width_inclusive_game_equal,mean_width_inclusive,game_equal,lightgbm_multiclass,240,100,0.2657521874920443,0.23595198578519413,0.30837701536590945,0.12060993411930736,0.043443637599664145,0.95,10000,bca_repeat_block
mean_width_inclusive_game_equal,mean_width_inclusive,game_equal,lightgbm_multiclass,360,100,0.2560090265694635,0.22627241540952958,0.2939563130685986,0.09665547500856761,0.036867083951163976,0.95,10000,bca_repeat_block
mean_width_inclusive_game_equal,mean_width_inclusive,game_equal,zoo_cnn,20,100,8.09777366460255,6.066990001313336,10.673259464851414,0.0747671237792237,0.07235096738842302,0.95,10000,bca_repeat_block
mean_width_inclusive_game_equal,mean_width_inclusive,game_equal,zoo_cnn,40,100,3.4748970428288377,2.259909336650149,6.17647716109102,0.17255655959478658,0.14729463786820757,0.95,10000,bca_repeat_block
mean_width_inclusive_game_equal,mean_width_inclusive,game_equal,zoo_cnn,80,100,1.331809395527114,1.1336443955637514,1.593259617405545,0.0893547296534372,0.05834441718973278,0.95,10000,bca_repeat_block
mean_width_inclusive_game_equal,mean_width_inclusive,game_equal,zoo_cnn,160,100,1.2214521332903996,1.012287942630297,1.6093599034549706,0.12288268129946614,0.10257894605425386,0.95,10000,bca_repeat_block
mean_width_inclusive_game_equal,mean_width_inclusive,game_equal,zoo_cnn,240,100,0.9289595763857286,0.8063673423653048,1.1190794673271875,0.14083537039712735,0.06382736465032961,0.95,10000,bca_repeat_block
mean_width_inclusive_game_equal,mean_width_inclusive,game_equal,zoo_cnn,360,100,1.206470881078884,0.973553731211889,1.6415681801485507,0.14032906623972866,0.10990226124858261,0.95,10000,bca_repeat_block
mean_width_inclusive_game_equal,mean_width_inclusive,game_equal,set_transformer,20,100,1.5080042598022425,1.3201820845313272,1.7533788693847039,0.09111652778275008,0.050017966342712335,0.95,10000,bca_repeat_block
mean_width_inclusive_game_equal,mean_width_inclusive,game_equal,set_transformer,40,100,0.8572251002065007,0.7282678351773062,1.0571045913377628,0.11758057130057153,0.07795072893385016,0.95,10000,bca_repeat_block
mean_width_inclusive_game_equal,mean_width_inclusive,game_equal,set_transformer,80,100,0.6826794239635732,0.5979632562405385,0.794214620507254,0.11455228714160764,0.043253263226659594,0.95,10000,bca_repeat_block
mean_width_inclusive_game_equal,mean_width_inclusive,game_equal,set_transformer,160,100,0.7848589422762514,0.6885872089531355,0.9064112150784055,0.1105162035620418,0.038567403466294954,0.95,10000,bca_repeat_block
mean_width_inclusive_game_equal,mean_width_inclusive,game_equal,set_transformer,240,100,0.6941002387586002,0.6164604860259784,0.7997206185877652,0.1077424440226698,0.04406779089444203,0.95,10000,bca_repeat_block
mean_width_inclusive_game_equal,mean_width_inclusive,game_equal,set_transformer,360,100,0.764947396866883,0.6827099932059714,0.8745282617204773,0.10900313977014242,0.033239379167406026,0.95,10000,bca_repeat_block
