model,model_display_name,n_train,coverage_game_equal_iqr,coverage_game_equal_mcse,coverage_game_equal_mean,coverage_game_equal_median,coverage_game_equal_q10,coverage_game_equal_q90,coverage_game_equal_sd,coverage_iqr,coverage_mcse,coverage_mean,coverage_median,coverage_q10,coverage_q90,coverage_sd,crps_game_equal_iqr,crps_game_equal_mcse,crps_game_equal_mean,crps_game_equal_median,crps_game_equal_q10,crps_game_equal_q90,crps_game_equal_sd,crps_iqr,crps_mcse,crps_mean,crps_median,crps_q10,crps_q90,crps_sd,mean_q_iqr,mean_q_mcse,mean_q_mean,mean_q_median,mean_q_q10,mean_q_q90,mean_q_sd,mean_width_game_equal_iqr,mean_width_game_equal_mcse,mean_width_game_equal_mean,mean_width_game_equal_median,mean_width_game_equal_q10,mean_width_game_equal_q90,mean_width_game_equal_sd,mean_width_inclusive_game_equal_iqr,mean_width_inclusive_game_equal_mcse,mean_width_inclusive_game_equal_mean,mean_width_inclusive_game_equal_median,mean_width_inclusive_game_equal_q10,mean_width_inclusive_game_equal_q90,mean_width_inclusive_game_equal_sd,mean_width_inclusive_iqr,mean_width_inclusive_mcse,mean_width_inclusive_mean,mean_width_inclusive_median,mean_width_inclusive_q10,mean_width_inclusive_q90,mean_width_inclusive_sd,mean_width_iqr,mean_width_mcse,mean_width_mean,mean_width_median,mean_width_q10,mean_width_q90,mean_width_sd
ridge_sgd_l2,L2 one-vs-rest logistic,20,0.0091381432783193,0.0006168860328579351,0.9372981188886242,0.9375140699664489,0.9287680910221707,0.945457541200191,0.006168860328579351,0.009032513844107748,0.0006107942094812493,0.9376426948762356,0.9381311931744208,0.9288289361774325,0.945936711884116,0.006107942094812493,0.0003585494024243435,2.546166966265676e-05,0.01424505116193487,0.01423537527378,0.013921924335491408,0.01460608517913316,0.0002546166966265676,0.0003554402358052003,2.5648271869065254e-05,0.014285241836098988,0.014273337325044091,0.013956867262911227,0.014648513437097678,0.00025648271869065255,0.22239779711097646,0.01693071489748947,0.3685591472669467,0.3448415807038453,0.1705896566412637,0.5843048001900911,0.1693071489748947,1.2380547756426097,0.09313592128680384,21.656402714920443,21.543095967010096,20.442499357682713,22.906777918757296,0.9313592128680385,1.2380547756426097,0.09313592128680385,22.656402714920443,22.543095967010093,21.442499357682713,23.906777918757296,0.9313592128680386,1.230555728454874,0.09337000562597816,22.710085613400068,22.61412764058474,21.47441137218311,23.953975342957754,0.9337000562597817,1.230555728454874,0.09337000562597816,21.710085613400068,21.61412764058474,20.47441137218311,22.953975342957754,0.9337000562597817
ridge_sgd_l2,L2 one-vs-rest logistic,40,0.007500415721158227,0.0005636352713572903,0.937817979422777,0.9383647634727912,0.9294447847486202,0.944589756482482,0.005636352713572903,0.007471069874872893,0.0005577114519338357,0.9381304131171216,0.9387592141675627,0.9299082276886858,0.9445123089355828,0.005577114519338357,0.00033586289041726003,2.510246255599379e-05,0.014208101096213193,0.014204161006339323,0.013880535873185168,0.014543263950626792,0.0002510246255599379,0.0003635753719821236,2.524141587546798e-05,0.01424862181019373,0.014245557347161987,0.013906538153344954,0.014544175853871232,0.00025241415875467977,0.20741779428595714,0.013612754755157585,0.3471297011340718,0.34801691752235997,0.1881910714491285,0.4941190384871052,0.13612754755157586,0.9230449754329513,0.07283757507251118,21.65642785811178,21.62095995419923,20.816279792227057,22.6946251961222,0.7283757507251118,0.9230449754329513,0.07283757507251118,22.65642785811178,22.62095995419923,21.816279792227057,23.6946251961222,0.7283757507251117,0.9409735115402746,0.07288514691566554,22.71064468787868,22.69007580279285,21.870014471990217,23.772382629284728,0.7288514691566554,0.9409735115402746,0.07288514691566554,21.71064468787868,21.69007580279285,20.870014471990217,22.772382629284728,0.7288514691566554
ridge_sgd_l2,L2 one-vs-rest logistic,80,0.005594581794580167,0.0004626047678788515,0.9375183831781286,0.9381040560057314,0.9313386656953733,0.9432118753122893,0.004626047678788515,0.005107786708638318,0.00045499952154632743,0.9378357416505324,0.9384590336397565,0.9317165861745319,0.9433669363339547,0.004549995215463274,0.00036701266427229505,2.505414850750246e-05,0.014198001443239783,0.014162836814419866,0.013885137400852517,0.014517358309826506,0.0002505414850750246,0.0003929191710971419,2.5261636266821573e-05,0.014238317528230687,0.014232655954625788,0.013930677631506797,0.014562376133096567,0.0002526163626682157,0.14975104843625875,0.011406366876950206,0.34189503018515066,0.3402958351798875,0.20148465282048755,0.45661766555265865,0.11406366876950207,0.6645666100522796,0.05311077092598272,21.62954825091668,21.649580361092788,20.959987258350218,22.3568405823698,0.5311077092598272,0.6645666100522796,0.053110770925982695,22.62954825091668,22.649580361092788,21.959987258350218,23.356840582369795,0.531107709259827,0.6710895810450701,0.05322621924046907,22.68481441179462,22.696568976949585,21.98921680149899,23.38708685906645,0.5322621924046907,0.6710895810450701,0.05322621924046907,21.68481441179462,21.696568976949585,20.98921680149899,22.38708685906645,0.5322621924046907
ridge_sgd_l2,L2 one-vs-rest logistic,160,0.006594067597293862,0.000467928048247083,0.9373584341726701,0.9377004660625743,0.9312556083022625,0.9427478272267085,0.00467928048247083,0.006093260284586344,0.00045861115300537003,0.9376659637802365,0.937787271373411,0.9313503148889828,0.9430625191101222,0.0045861115300537,0.000356156277348689,2.511939441892604e-05,0.014188845357441648,0.014167084518937783,0.013854027673405078,0.014525001561875205,0.0002511939441892604,0.00034918698917975506,2.5300364934497624e-05,0.014229647511731834,0.01421759437501433,0.01390560879831438,0.014533535335207796,0.00025300364934497624,0.14419375954864655,0.010623258652692424,0.31659258717284156,0.30027864862211595,0.19261244864485585,0.448015345108305,0.10623258652692424,0.5588454607562952,0.04246686208353155,21.59380991487308,21.627396224587237,21.064954326322205,22.06870218020082,0.4246686208353155,0.5588454607562952,0.04246686208353155,22.59380991487308,22.627396224587237,22.064954326322205,23.06870218020082,0.42466862083531554,0.5438531356928031,0.04260359195313605,22.648846684907923,22.681773483931018,22.114111771566794,23.139064307960613,0.42603591953136055,0.5438531356928031,0.04260359195313605,21.648846684907923,21.681773483931018,21.114111771566794,22.139064307960613,0.42603591953136055
ridge_sgd_l2,L2 one-vs-rest logistic,240,0.00605586742443176,0.0004433727777256316,0.9370735045507159,0.937540082503598,0.9305347545980819,0.9417232036394256,0.004433727777256316,0.005805729308867691,0.00043630431545589225,0.937388544322925,0.937836587730057,0.9307224856056178,0.9424636656824218,0.0043630431545589226,0.0003629223667765205,2.4918702011704404e-05,0.014185952705045184,0.014183881942033665,0.0138603366070683,0.01450518301201232,0.00024918702011704404,0.0003663936544396791,2.5124349100781596e-05,0.014226722964271575,0.014214174745823807,0.013918463719476845,0.014540297683696673,0.00025124349100781596,0.10846817844986167,0.009056198582541149,0.3192165274893195,0.31680880767514885,0.21390609728315585,0.42270117674772706,0.09056198582541149,0.3921611433983827,0.032972040094405144,21.557506419473516,21.536661664693494,21.154289412753364,21.954790331705446,0.3297204009440515,0.3921611433983827,0.032972040094405144,22.557506419473516,22.536661664693494,22.154289412753364,22.954790331705446,0.3297204009440514,0.4222316211010835,0.03287673535127595,22.61244221948263,22.611458414774575,22.196823437729556,23.003576517917466,0.3287673535127595,0.4222316211010835,0.03287673535127595,21.61244221948263,21.611458414774575,21.196823437729556,22.003576517917466,0.3287673535127595
ridge_sgd_l2,L2 one-vs-rest logistic,360,0.005605913457159217,0.00043731658574516395,0.9369227943248777,0.9372279309844441,0.9310349341248293,0.9424910213343354,0.004373165857451639,0.005932432267827803,0.0004299321750011625,0.937220849668964,0.9376504546984943,0.9313927977968612,0.9424194713873444,0.004299321750011625,0.00035924412785890737,2.5010324991903712e-05,0.014184154456034454,0.014171264473564428,0.013828674381707332,0.014501606189776296,0.0002501032499190371,0.00036132016683520715,2.5216690846998413e-05,0.014224898578795588,0.014212441872473645,0.013905264910904673,0.014534069929148508,0.00025216690846998415,0.1134454152581773,0.008797879936562454,0.31561184221081495,0.31492479602181567,0.20210823362808872,0.41809852327414204,0.08797879936562454,0.38988572940533217,0.030249384316477407,21.53983723053233,21.51236119637377,21.145276265322288,21.881069360591002,0.30249384316477407,0.38988572940533217,0.030249384316477397,22.53983723053233,22.512361196373767,22.145276265322288,22.881069360591002,0.30249384316477396,0.402226814636947,0.0305476987509606,22.594451071720012,22.57252726351239,22.223862897136076,22.96457001867162,0.305476987509606,0.402226814636947,0.0305476987509606,21.594451071720012,21.57252726351239,21.223862897136076,21.96457001867162,0.305476987509606
lightgbm_multiclass,LightGBM,20,0.008045155095179224,0.0005577516721134788,0.9157627778172039,0.9158237670908402,0.9080620329189373,0.922740542717245,0.005577516721134788,0.007756293938964598,0.0005497499386399715,0.91569914211151,0.915591384831397,0.9084493265734488,0.9228841528434806,0.005497499386399715,0.0003554560642959701,2.7867853825714127e-05,0.014174400080238382,0.014179503571673878,0.013803986596531787,0.01449905169077106,0.00027867853825714125,0.00037037832314560336,2.840315805237437e-05,0.014217837126028292,0.014212829714602063,0.013838275497151331,0.014551664171730653,0.0002840315805237437,0.31777563940347453,0.026244347452145895,1.3902117070043485,1.4054612148570373,1.0618405935604942,1.7056709902630856,0.26244347452145894,0.8176961386102377,0.058245320596586526,16.079649307362512,15.997797305754059,15.396110696251096,16.82668647238411,0.5824532059658653,0.8176961386102377,0.05824532059658651,17.079649307362516,16.997797305754062,16.396110696251096,17.82668647238411,0.5824532059658651,0.8340335983476272,0.0580446678439613,17.057834396508646,16.994376203070008,16.389614461007483,17.774830732940792,0.580446678439613,0.834033598347629,0.0580446678439613,16.057834396508646,15.99437620307001,15.389614461007483,16.774830732940792,0.580446678439613
lightgbm_multiclass,LightGBM,40,0.007333871634718547,0.0004934037472089901,0.9154372563579095,0.9154779845531877,0.908593879617539,0.9213494869955137,0.0049340374720899015,0.0068059243827642835,0.0004921507741395946,0.9150231681879203,0.9149194192112025,0.9080698208639056,0.9213285138924888,0.004921507741395946,0.00039055686387613926,2.8411288952152603e-05,0.013986466762512811,0.013994324494635151,0.013598954590876905,0.014344970936321462,0.00028411288952152604,0.0003772104955443341,2.8777389577518424e-05,0.014036582267698737,0.01402440731794617,0.013657199704176668,0.014401292864285778,0.00028777389577518424,0.25977337110070153,0.0215225462070342,2.003984859770909,1.9985313315926891,1.7421376021965103,2.3207914386178317,0.215225462070342,0.47230643855280263,0.03275961210778191,15.043029427806095,15.013029385425394,14.628573384832396,15.474489507262538,0.3275961210778191,0.4723064385527973,0.0327596121077819,16.043029427806097,16.013029385425394,15.628573384832396,16.47448950726254,0.32759612107781905,0.4447411007464055,0.032464011190681735,16.018991076093013,15.993440648127923,15.61336840149824,16.458847620582233,0.32464011190681735,0.4447411007464055,0.03246401119068172,15.01899107609301,14.993440648127923,14.61336840149824,15.458847620582233,0.32464011190681724
lightgbm_multiclass,LightGBM,80,0.006539374560956879,0.0005706162514148842,0.9141918400188959,0.9134122673854759,0.9072897708343606,0.9216884295086967,0.005706162514148841,0.006426862188194882,0.0005661683106657416,0.9137287177987901,0.9132077946887753,0.9063188125051762,0.921235277123765,0.005661683106657416,0.0003717117801510274,2.8624520049164176e-05,0.013787474458756742,0.013796527565867103,0.013421188542490237,0.014160061177900977,0.00028624520049164176,0.0003872796404894487,2.8945822949385478e-05,0.013838711634908192,0.013838999627392979,0.01342396043630438,0.014173966829640833,0.0002894582294938548,0.2679358987061793,0.019169828730383226,2.274866885718537,2.255430401237766,2.0488151081561616,2.553166082255606,0.19169828730383226,0.43128887211351596,0.0333166694770169,14.306110075079564,14.267118387227734,13.922956241615836,14.72831020917616,0.33316669477016897,0.4312888721135142,0.0333166694770169,15.306110075079564,15.267118387227736,14.922956241615836,15.728310209176161,0.33316669477016897,0.43681897078654686,0.03329954168480175,15.28641888533497,15.243723958231884,14.919039844052973,15.6968940384467,0.33299541684801753,0.43681897078654686,0.033299541684801745,14.28641888533497,14.243723958231884,13.919039844052973,14.6968940384467,0.3329954168480174
lightgbm_multiclass,LightGBM,160,0.007640237513047987,0.0005155876959667524,0.9140214437010521,0.9141064309505792,0.9076594878639737,0.9203886398700847,0.0051558769596675245,0.0073967306838169655,0.0005119476209398557,0.9135344643191966,0.9134916350432905,0.9075544649598374,0.919766360861625,0.005119476209398558,0.0003867273827863789,2.807501097922369e-05,0.013556193544882085,0.013578530066150635,0.013164772187593984,0.013891905088123211,0.0002807501097922369,0.00039421590102983566,2.8375588778055812e-05,0.013607204957430372,0.013629635814560783,0.013220277148509804,0.01390321195877952,0.0002837558877805581,0.23835818297377442,0.0182118506026847,2.018506287369728,2.0118293480226095,1.7797576600614937,2.264491708157985,0.18211850602684698,0.43292831993522896,0.030755269860591232,13.886082650643388,13.864725613135306,13.516656148253539,14.308379038900304,0.30755269860591233,0.4329283199352272,0.03075526986059123,14.886082650643388,14.864725613135306,14.516656148253539,15.308379038900306,0.3075526986059123,0.4333849177113862,0.030770225310880778,14.865484550986505,14.851414713436933,14.496245826695413,15.288558691108962,0.3077022531088078,0.4333849177113862,0.030770225310880778,13.865484550986505,13.851414713436933,13.496245826695413,14.288558691108962,0.3077022531088078
lightgbm_multiclass,LightGBM,240,0.007244608494253346,0.0005057594269219355,0.9140979732726703,0.9140403963948693,0.9082834800793131,0.9195460931389593,0.005057594269219355,0.007398278071043207,0.000507978419913991,0.9135954897578378,0.9135974713270432,0.9077665072382983,0.9188298244023558,0.005079784199139911,0.0004104817804235217,2.7695039362463662e-05,0.013426126846662891,0.013430596288504815,0.013041978484699911,0.013759202579432833,0.0002769503936246366,0.00040991333461964236,2.8039567950216727e-05,0.013475707561037886,0.013480058621900158,0.013079268503382119,0.013778984632016388,0.0002803956795021673,0.18537243575161133,0.01563396286986259,1.7217568911204735,1.7152464448400502,1.5339048213543132,1.9106374845776861,0.1563396286986259,0.3667342112675982,0.026575218749204477,13.719049295350763,13.698061775605685,13.407711118161224,14.08270366246549,0.26575218749204477,0.3667342112676,0.02657521874920444,14.719049295350763,14.698061775605687,14.407711118161222,15.08270366246549,0.2657521874920444,0.37327040174641724,0.026545711875170297,14.696381897412577,14.673855631598714,14.378998308864656,15.064387421615441,0.26545711875170297,0.37327040174641724,0.026545711875170297,13.696381897412577,13.673855631598714,13.378998308864656,14.064387421615441,0.26545711875170297
lightgbm_multiclass,LightGBM,360,0.0059014870703690825,0.0005120639564126167,0.9155894166487795,0.9159430352285983,0.9087702748982036,0.921643596228937,0.005120639564126167,0.006072108211655047,0.0005109420650274706,0.9151626848054151,0.9156895349911398,0.9089359534643267,0.9213500552591879,0.005109420650274706,0.00040109566259297763,2.7177284102469632e-05,0.01329608814317107,0.013321063961398899,0.012908757970035701,0.013608356829928161,0.0002717728410246963,0.00041252215000508845,2.7545613270227764e-05,0.013343954274302787,0.01335402333723347,0.012987511754724887,0.013642765807260634,0.00027545613270227765,0.1775872625844921,0.014043303587992148,1.4008180468629847,1.3863535528573665,1.2266562079928767,1.5753289813046882,0.14043303587992148,0.32324181354767667,0.02560090265694636,13.667309323739,13.665323879299041,13.312921982003699,14.004163790680463,0.2560090265694636,0.32324181354767667,0.025600902656946357,14.667309323739,14.665323879299041,14.312921982003699,15.004163790680463,0.25600902656946356,0.3220265196186336,0.02562502007085507,14.64421001519321,14.644041207935997,14.295524898790422,14.990672988942261,0.2562502007085507,0.3220265196186336,0.02562502007085507,13.64421001519321,13.644041207935997,13.295524898790422,13.990672988942261,0.2562502007085507
zoo_cnn,Zoo CNN,20,0.01920935084531683,0.0020974785383721835,0.9281852668792899,0.9213532709823565,0.9115766430872014,0.9606101446171571,0.020974785383721835,0.0191157968683362,0.0021018436462192547,0.9279241075774712,0.9213255730111918,0.9111964336367622,0.960902290409037,0.021018436462192546,0.0008771347240580322,0.00011876873275565556,0.016259837145500267,0.015989176267053953,0.015288699712747244,0.017479568451360894,0.0011876873275565557,0.0008607091064710467,0.00011825011596770113,0.016289815779116704,0.01601349382611508,0.015333274049188854,0.01750690299593335,0.0011825011596770113,2.0522646526136157,0.14365056109810612,2.689161810087725,2.946499445967982,0.2037676937891189,4.404485171990876,1.4365056109810612,4.302951904379029,0.8097773664602551,20.65621419661103,17.70123650007897,15.748560815919829,31.44265890430494,8.09777366460255,4.302951904379029,0.8097773664602551,21.656214196611028,18.70123650007897,16.74856081591983,32.442658904304935,8.09777366460255,4.271719267391017,0.8105972437235469,21.641105040418903,18.65755617171198,16.734816432147472,32.44767019046083,8.105972437235469,4.271719267391017,0.8105972437235469,20.641105040418903,17.65755617171198,15.734816432147472,31.447670190460833,8.105972437235469
zoo_cnn,Zoo CNN,40,0.011797052346866455,0.0012182336651031553,0.922066212913016,0.9199542431887304,0.9104109100438502,0.934239069182301,0.012182336651031552,0.011445188800130568,0.001218960571419289,0.9218645671203375,0.9194127644143663,0.9105639290793436,0.9344403784000914,0.012189605714192892,0.0007837002738077924,7.714100742436201e-05,0.015203927443247622,0.015066079546515801,0.014509033438735648,0.015868745111548038,0.0007714100742436202,0.0007545615935717325,7.595084635789053e-05,0.015229899377903785,0.015100104401663756,0.0145580113505171,0.01591230348245635,0.0007595084635789053,1.1012259641593598,0.07732988148883867,1.8446087740223513,1.8861665299744579,0.8780573708974077,2.717461918689494,0.7732988148883867,2.6070398933856858,0.34748970428288384,18.115114575626773,17.219879382468665,15.689612297834813,20.979104662140852,3.4748970428288386,2.6070398933856858,0.34748970428288384,19.115114575626773,18.219879382468665,16.689612297834817,21.979104662140852,3.4748970428288386,2.618823821346183,0.3475755005771132,19.090440659374373,18.213119242863392,16.675930779099957,21.942935050934743,3.475755005771132,2.618823821346183,0.34757550057711323,18.090440659374373,17.213119242863392,15.675930779099959,20.942935050934743,3.4757550057711324
zoo_cnn,Zoo CNN,80,0.011915016860474137,0.0007434232432749717,0.9201902856848644,0.9207429360124539,0.9107282450874447,0.9285748697944992,0.007434232432749717,0.011584681220026649,0.0007411703121050264,0.920018386984942,0.9210712885420889,0.9107465954874784,0.9285724552879762,0.007411703121050264,0.0005494983859122074,6.16309210163756e-05,0.01420138218689167,0.014058124956498629,0.01364883406744415,0.014893974913388617,0.000616309210163756,0.0005544248540660761,6.195756375444362e-05,0.014232431209911623,0.014092387353466865,0.01364362364115343,0.014949768552340745,0.0006195756375444362,0.5992034092991346,0.045785821014227276,0.8819145067891917,0.8238494519838296,0.3138400172062335,1.5021008135499576,0.45785821014227274,1.614748584553892,0.1331809395527114,16.629855406932972,16.421334727645025,15.20768545613243,18.342866036665715,1.331809395527114,1.6147485845538938,0.1331809395527114,17.629855406932972,17.421334727645025,16.20768545613243,19.342866036665715,1.331809395527114,1.6081786467871453,0.13275759400188977,17.60142241016105,17.391508336911887,16.182460210778597,19.34292176336472,1.3275759400188978,1.6081786467871453,0.13275759400188974,16.60142241016105,16.391508336911887,15.182460210778597,18.34292176336472,1.3275759400188976
zoo_cnn,Zoo CNN,160,0.008797903042231048,0.0007176313830908052,0.9183052592526113,0.9178485750911074,0.909698794549985,0.9283740997002491,0.007176313830908053,0.009008531757653149,0.000728860508570301,0.9180274951225361,0.9178749064099383,0.9092483573508447,0.9289482799484592,0.00728860508570301,0.0005485179440585086,5.246871827907664e-05,0.013474805789647664,0.013444192969979491,0.012848650520372916,0.014113960652441183,0.0005246871827907664,0.0005530060830738204,5.241967302177517e-05,0.013506385461750665,0.013477892084986082,0.012921785688180887,0.014153098139967379,0.0005241967302177517,0.6887882134483481,0.04222932299287064,0.6248805838576484,0.6208886422631605,0.09491565771858113,1.1731686167771316,0.4222932299287064,1.3995557209948757,0.12214521332903991,14.975608465070607,14.88372252935038,13.600143134581105,16.35059132411035,1.2214521332903991,1.3995557209948757,0.12214521332903994,15.975608465070607,15.88372252935038,14.600143134581103,17.35059132411035,1.2214521332903994,1.4109917833651586,0.12144400676135622,15.946365051650519,15.866501301508396,14.567597974919742,17.30802441593272,1.2144400676135623,1.4109917833651586,0.12144400676135622,14.94636505165052,14.866501301508396,13.567597974919742,16.30802441593272,1.2144400676135623
zoo_cnn,Zoo CNN,240,0.009425711545775983,0.0006646346381945152,0.9190094406644299,0.9198026677925788,0.9098344604420379,0.9273018675052703,0.006646346381945153,0.0087922858689371,0.000662950394729387,0.9188435568660391,0.9196343009379436,0.9100199880712044,0.9266394170775956,0.00662950394729387,0.0004212612575044492,3.693701917318263e-05,0.013076011431900377,0.013083860570880325,0.012652240261716486,0.013446477816943634,0.00036937019173182627,0.00047954868967272843,3.735952504410065e-05,0.013106233464402501,0.013085888020675687,0.012677170807892888,0.013511559331022957,0.0003735952504410065,0.6459707634308565,0.036824308514421866,0.4919105642846647,0.45048717102434155,0.0020514490394008475,1.001357246728066,0.36824308514421866,1.1554079635250627,0.09289595763857289,14.56087582092093,14.490587892880367,13.364319073054185,15.595786083035067,0.9289595763857289,1.1554079635250627,0.09289595763857286,15.56087582092093,15.490587892880367,14.364319073054187,16.59578608303507,0.9289595763857287,1.1680189832902048,0.09286218567445188,15.534168730025087,15.44726691318752,14.34889969673281,16.578543872992512,0.9286218567445188,1.1680189832902066,0.09286218567445188,14.534168730025087,14.44726691318752,13.34889969673281,15.578543872992514,0.9286218567445188
zoo_cnn,Zoo CNN,360,0.009306227058629823,0.0007496875498871778,0.9188483553360683,0.9182730953603908,0.9110236629072532,0.9294589110261414,0.007496875498871777,0.00974456711859728,0.0007576916129763503,0.91867683490781,0.9179625622150148,0.9107904452348828,0.9295414339933483,0.007576916129763503,0.0005401977453078858,4.371374650318589e-05,0.012915517015143088,0.012892138618607572,0.01244383888116722,0.013422090859665644,0.0004371374650318589,0.0005677042639817085,4.3726663972390064e-05,0.012947139474537284,0.012921057126404095,0.012469899177075376,0.01350347558098147,0.00043726663972390065,0.640893607861041,0.04435742113519465,0.44283294737909806,0.2957389468885223,0.0,1.0292206702495024,0.44357421135194647,1.281307945898071,0.12064708810788835,14.138200510095627,13.814608772045844,12.970111631493454,15.496837966012677,1.2064708810788836,1.2813079458980727,0.12064708810788835,15.138200510095627,14.814608772045844,13.970111631493456,16.496837966012677,1.2064708810788836,1.2956297143987197,0.12012739971234454,15.110986503404082,14.78979451543557,13.957624041675675,16.46778815660114,1.2012739971234454,1.2956297143987197,0.12012739971234454,14.110986503404082,13.78979451543557,12.957624041675675,15.467788156601141,1.2012739971234454
set_transformer,Set Transformer,20,0.014299800028364618,0.0011219022229753785,0.9255888692853415,0.9241783701996276,0.9139526306057757,0.9399759905222799,0.011219022229753786,0.013891432521841773,0.001113105190140695,0.9256082299995707,0.9241837889528026,0.9144832289094937,0.9400018068340353,0.01113105190140695,0.0004334448891529438,3.2777241417342485e-05,0.013862840051653745,0.013876391867268214,0.013465587241074264,0.01428010472941213,0.0003277724141734249,0.00041006961301403785,3.2826059843839804e-05,0.013899283931633963,0.013928349163284875,0.013479928848647755,0.014319446470118541,0.00032826059843839804,0.5259733530934878,0.03649665942622745,0.39780696242561947,0.29366452848449903,0.005799093629293222,0.9259698012457557,0.3649665942622745,1.826121596372353,0.15080042598022428,17.077100706205275,16.840515233807555,15.217882929252923,19.112369853745435,1.5080042598022427,1.826121596372353,0.15080042598022428,18.077100706205275,17.840515233807555,16.217882929252923,20.112369853745435,1.5080042598022427,1.8377438240368136,0.15086822531736047,18.07535082547462,17.83142393470184,16.215790957705398,20.081206196224077,1.5086822531736046,1.8377438240368171,0.15086822531736047,17.07535082547462,16.83142393470184,15.215790957705396,19.081206196224077,1.5086822531736046
set_transformer,Set Transformer,40,0.01135719931073742,0.0007663836814110808,0.9204092660841404,0.9194463778592412,0.9118536927166889,0.9308077636367245,0.0076638368141108085,0.011163499274775446,0.0007665424686863237,0.9204035116626446,0.919310837723943,0.9119017026047604,0.930732460381963,0.007665424686863238,0.00035847291318074834,2.870012258814334e-05,0.013614113841223099,0.013611861744518856,0.013236993257266518,0.013980557913077547,0.0002870012258814334,0.0003876966577015632,2.9213221211604095e-05,0.013653720442130274,0.013652734547333675,0.013276716994149928,0.014021355841305375,0.00029213221211604095,0.33147475938850135,0.027182610516861626,0.3680660787354802,0.3226995243915165,0.03305727290968975,0.7935895757127879,0.27182610516861627,1.1188901112098648,0.0857225100206501,15.75967627026762,15.597111378157795,14.805842273162034,16.82678583865991,0.8572251002065009,1.1188901112098613,0.08572251002065008,16.759676270267622,16.5971113781578,15.805842273162034,17.82678583865991,0.8572251002065008,1.1168188711667213,0.08580895792006102,16.753791599882682,16.598664929990232,15.784348737525994,17.811258748366146,0.8580895792006102,1.1168188711667195,0.08580895792006102,15.75379159988268,15.598664929990232,14.784348737525994,16.811258748366146,0.8580895792006102
set_transformer,Set Transformer,80,0.009910297744683993,0.0007215257930174804,0.9208303590628923,0.9206952916533181,0.9111733472009695,0.9305832893351366,0.0072152579301748045,0.009732287322284594,0.0007202240315323479,0.9208127249915827,0.9204897640503764,0.9114878359119306,0.9302719580634567,0.0072022403153234795,0.0003701825862688409,2.667046316592396e-05,0.013280296083130177,0.013258293910934145,0.01293243023762876,0.013639856422817629,0.0002667046316592396,0.00036260591003340996,2.7132565359655013e-05,0.013316960575991585,0.013319998941373184,0.012950326843471964,0.013688621492262604,0.00027132565359655014,0.25646408913825497,0.01703827403506344,0.26394067452203346,0.25749977295816817,0.05761747128288174,0.4683754618693558,0.17038274035063442,0.9335085251781798,0.06826794239635732,15.308209900337303,15.293897313212202,14.480992861395354,16.228914662670515,0.6826794239635732,0.9335085251781834,0.06826794239635733,16.308209900337303,16.293897313212202,15.480992861395352,17.228914662670515,0.6826794239635733,0.9082078278482832,0.0683617581637147,16.296277432941135,16.288932884616926,15.456924135823769,17.216857532753238,0.683617581637147,0.9082078278482815,0.0683617581637147,15.296277432941135,15.288932884616923,14.456924135823769,16.216857532753238,0.683617581637147
set_transformer,Set Transformer,160,0.009970313818007281,0.0007336417323723512,0.9236776797571133,0.9224065243579427,0.9153693843452801,0.931559589292729,0.007336417323723512,0.010318016023431742,0.0007320338617845222,0.9235331270832546,0.9225430902861216,0.915382476406983,0.9311766138440519,0.007320338617845222,0.00034223837021437296,2.7103083574569944e-05,0.012839687024894958,0.012828592194829104,0.012525863981406262,0.01320907957482122,0.00027103083574569944,0.0003824891016299854,2.7308949733975875e-05,0.012875801201183203,0.012841110348988525,0.012575553098340386,0.013227560208764649,0.00027308949733975875,0.3253601387713939,0.021879836559707714,0.21783328326270068,0.13999052880246105,0.0,0.5209001814602556,0.21879836559707713,1.011068110303862,0.07848589422762514,14.779137089468673,14.637432704265635,13.918461298458976,15.80521768455004,0.7848589422762514,1.0110681103038655,0.07848589422762516,15.779137089468673,15.637432704265635,14.918461298458974,16.80521768455004,0.7848589422762515,0.9720871923208882,0.07827129113320673,15.761510353136542,15.613124607774768,14.898799025600242,16.775606693021203,0.7827129113320673,0.9720871923208865,0.07827129113320673,14.761510353136542,14.613124607774768,13.898799025600242,15.775606693021203,0.7827129113320673
set_transformer,Set Transformer,240,0.008805099790667237,0.0006618143239002143,0.9237653968525212,0.9234548006488662,0.9155359406296119,0.9332122620082534,0.006618143239002143,0.008930868427984517,0.0006627434840014276,0.9236845062728284,0.923183728415099,0.9159580749341206,0.9333332015682831,0.006627434840014276,0.0003436516401430622,2.6548492754171956e-05,0.012643098989752155,0.012670704209091013,0.012286018622632035,0.013004479851475502,0.00026548492754171956,0.00035377698659991644,2.6916959964448286e-05,0.01267690856282656,0.012703937138232793,0.012331763505813062,0.013063924732794342,0.00026916959964448287,0.3143857439846451,0.020812064816371795,0.20378276046075747,0.1363904655332803,0.0015926640926640933,0.5141117679081222,0.20812064816371795,0.9487880913149986,0.06941002387586002,14.462700452579863,14.481149198707932,13.61457404986434,15.446646488691986,0.6941002387586003,0.9487880913149986,0.06941002387586001,15.462700452579863,15.48114919870793,14.61457404986434,16.446646488691986,0.6941002387586002,0.9555235721966273,0.06939471248352957,15.443138418765963,15.459136347408482,14.589299030706105,16.429145703092164,0.6939471248352957,0.9555235721966273,0.06939471248352957,14.443138418765963,14.459136347408482,13.589299030706105,15.42914570309216,0.6939471248352957
set_transformer,Set Transformer,360,0.010383051678317323,0.0007694831462133672,0.9261340357976314,0.9252942552664194,0.9174064368882652,0.9366629941681757,0.007694831462133672,0.010341747943249713,0.0007691920785537671,0.9259968032869709,0.9249069743052781,0.9174577981240789,0.9366526035098653,0.007691920785537672,0.0003485425474321485,2.5358604363290157e-05,0.012496151575573116,0.012501185127723455,0.012163795029973796,0.012836532282888845,0.0002535860436329016,0.0003407201855571765,2.57942660034189e-05,0.01252803794203821,0.012524545052195099,0.012201520507124199,0.012893976395473102,0.000257942660034189,0.22501658411159875,0.01812273436993829,0.13278398801178307,0.045171472111970576,0.0,0.34731419769515254,0.1812273436993829,1.0973815754928804,0.07649473968668831,14.484736524805687,14.389007391807091,13.594680408043699,15.508065028018795,0.7649473968668831,1.097381575492884,0.07649473968668831,15.484736524805687,15.389007391807091,14.594680408043699,16.508065028018795,0.7649473968668831,1.114499937100744,0.07666585784700626,15.46482768924224,15.36192555292057,14.580091260765512,16.49416279952173,0.7666585784700626,1.1144999371007422,0.07666585784700626,14.464827689242238,14.36192555292057,13.580091260765512,15.49416279952173,0.7666585784700626
