model,model_display_name,n_train,metric,base_metric,aggregation,n_repeats,mean,sd,mcse,median,iqr,q10,q90
ridge_sgd_l2,L2 one-vs-rest logistic,20,crps,crps,play,100,0.014285241836098988,0.00025648271869065255,2.5648271869065254e-05,0.014273337325044091,0.0003554402358052003,0.013956867262911227,0.014648513437097678
ridge_sgd_l2,L2 one-vs-rest logistic,20,coverage,coverage,play,100,0.9376426948762356,0.006107942094812493,0.0006107942094812493,0.9381311931744208,0.009032513844107748,0.9288289361774325,0.945936711884116
ridge_sgd_l2,L2 one-vs-rest logistic,20,mean_width,mean_width,play,100,21.710085613400068,0.9337000562597817,0.09337000562597816,21.61412764058474,1.230555728454874,20.47441137218311,22.953975342957754
ridge_sgd_l2,L2 one-vs-rest logistic,20,mean_width_inclusive,mean_width_inclusive,play,100,22.710085613400068,0.9337000562597817,0.09337000562597816,22.61412764058474,1.230555728454874,21.47441137218311,23.953975342957754
ridge_sgd_l2,L2 one-vs-rest logistic,20,mean_q,mean_q,play,100,0.3685591472669467,0.1693071489748947,0.01693071489748947,0.3448415807038453,0.22239779711097646,0.1705896566412637,0.5843048001900911
ridge_sgd_l2,L2 one-vs-rest logistic,20,crps_game_equal,crps,game_equal,100,0.01424505116193487,0.0002546166966265676,2.546166966265676e-05,0.01423537527378,0.0003585494024243435,0.013921924335491408,0.01460608517913316
ridge_sgd_l2,L2 one-vs-rest logistic,20,coverage_game_equal,coverage,game_equal,100,0.9372981188886242,0.006168860328579351,0.0006168860328579351,0.9375140699664489,0.0091381432783193,0.9287680910221707,0.945457541200191
ridge_sgd_l2,L2 one-vs-rest logistic,20,mean_width_game_equal,mean_width,game_equal,100,21.656402714920443,0.9313592128680385,0.09313592128680384,21.543095967010096,1.2380547756426097,20.442499357682713,22.906777918757296
ridge_sgd_l2,L2 one-vs-rest logistic,20,mean_width_inclusive_game_equal,mean_width_inclusive,game_equal,100,22.656402714920443,0.9313592128680386,0.09313592128680385,22.543095967010093,1.2380547756426097,21.442499357682713,23.906777918757296
ridge_sgd_l2,L2 one-vs-rest logistic,40,crps,crps,play,100,0.01424862181019373,0.00025241415875467977,2.524141587546798e-05,0.014245557347161987,0.0003635753719821236,0.013906538153344954,0.014544175853871232
ridge_sgd_l2,L2 one-vs-rest logistic,40,coverage,coverage,play,100,0.9381304131171216,0.005577114519338357,0.0005577114519338357,0.9387592141675627,0.007471069874872893,0.9299082276886858,0.9445123089355828
ridge_sgd_l2,L2 one-vs-rest logistic,40,mean_width,mean_width,play,100,21.71064468787868,0.7288514691566554,0.07288514691566554,21.69007580279285,0.9409735115402746,20.870014471990217,22.772382629284728
ridge_sgd_l2,L2 one-vs-rest logistic,40,mean_width_inclusive,mean_width_inclusive,play,100,22.71064468787868,0.7288514691566554,0.07288514691566554,22.69007580279285,0.9409735115402746,21.870014471990217,23.772382629284728
ridge_sgd_l2,L2 one-vs-rest logistic,40,mean_q,mean_q,play,100,0.3471297011340718,0.13612754755157586,0.013612754755157585,0.34801691752235997,0.20741779428595714,0.1881910714491285,0.4941190384871052
ridge_sgd_l2,L2 one-vs-rest logistic,40,crps_game_equal,crps,game_equal,100,0.014208101096213193,0.0002510246255599379,2.510246255599379e-05,0.014204161006339323,0.00033586289041726003,0.013880535873185168,0.014543263950626792
ridge_sgd_l2,L2 one-vs-rest logistic,40,coverage_game_equal,coverage,game_equal,100,0.937817979422777,0.005636352713572903,0.0005636352713572903,0.9383647634727912,0.007500415721158227,0.9294447847486202,0.944589756482482
ridge_sgd_l2,L2 one-vs-rest logistic,40,mean_width_game_equal,mean_width,game_equal,100,21.65642785811178,0.7283757507251118,0.07283757507251118,21.62095995419923,0.9230449754329513,20.816279792227057,22.6946251961222
ridge_sgd_l2,L2 one-vs-rest logistic,40,mean_width_inclusive_game_equal,mean_width_inclusive,game_equal,100,22.65642785811178,0.7283757507251117,0.07283757507251118,22.62095995419923,0.9230449754329513,21.816279792227057,23.6946251961222
ridge_sgd_l2,L2 one-vs-rest logistic,80,crps,crps,play,100,0.014238317528230687,0.0002526163626682157,2.5261636266821573e-05,0.014232655954625788,0.0003929191710971419,0.013930677631506797,0.014562376133096567
ridge_sgd_l2,L2 one-vs-rest logistic,80,coverage,coverage,play,100,0.9378357416505324,0.004549995215463274,0.00045499952154632743,0.9384590336397565,0.005107786708638318,0.9317165861745319,0.9433669363339547
ridge_sgd_l2,L2 one-vs-rest logistic,80,mean_width,mean_width,play,100,21.68481441179462,0.5322621924046907,0.05322621924046907,21.696568976949585,0.6710895810450701,20.98921680149899,22.38708685906645
ridge_sgd_l2,L2 one-vs-rest logistic,80,mean_width_inclusive,mean_width_inclusive,play,100,22.68481441179462,0.5322621924046907,0.05322621924046907,22.696568976949585,0.6710895810450701,21.98921680149899,23.38708685906645
ridge_sgd_l2,L2 one-vs-rest logistic,80,mean_q,mean_q,play,100,0.34189503018515066,0.11406366876950207,0.011406366876950206,0.3402958351798875,0.14975104843625875,0.20148465282048755,0.45661766555265865
ridge_sgd_l2,L2 one-vs-rest logistic,80,crps_game_equal,crps,game_equal,100,0.014198001443239783,0.0002505414850750246,2.505414850750246e-05,0.014162836814419866,0.00036701266427229505,0.013885137400852517,0.014517358309826506
ridge_sgd_l2,L2 one-vs-rest logistic,80,coverage_game_equal,coverage,game_equal,100,0.9375183831781286,0.004626047678788515,0.0004626047678788515,0.9381040560057314,0.005594581794580167,0.9313386656953733,0.9432118753122893
ridge_sgd_l2,L2 one-vs-rest logistic,80,mean_width_game_equal,mean_width,game_equal,100,21.62954825091668,0.5311077092598272,0.05311077092598272,21.649580361092788,0.6645666100522796,20.959987258350218,22.3568405823698
ridge_sgd_l2,L2 one-vs-rest logistic,80,mean_width_inclusive_game_equal,mean_width_inclusive,game_equal,100,22.62954825091668,0.531107709259827,0.053110770925982695,22.649580361092788,0.6645666100522796,21.959987258350218,23.356840582369795
ridge_sgd_l2,L2 one-vs-rest logistic,160,crps,crps,play,100,0.014229647511731834,0.00025300364934497624,2.5300364934497624e-05,0.01421759437501433,0.00034918698917975506,0.01390560879831438,0.014533535335207796
ridge_sgd_l2,L2 one-vs-rest logistic,160,coverage,coverage,play,100,0.9376659637802365,0.0045861115300537,0.00045861115300537003,0.937787271373411,0.006093260284586344,0.9313503148889828,0.9430625191101222
ridge_sgd_l2,L2 one-vs-rest logistic,160,mean_width,mean_width,play,100,21.648846684907923,0.42603591953136055,0.04260359195313605,21.681773483931018,0.5438531356928031,21.114111771566794,22.139064307960613
ridge_sgd_l2,L2 one-vs-rest logistic,160,mean_width_inclusive,mean_width_inclusive,play,100,22.648846684907923,0.42603591953136055,0.04260359195313605,22.681773483931018,0.5438531356928031,22.114111771566794,23.139064307960613
ridge_sgd_l2,L2 one-vs-rest logistic,160,mean_q,mean_q,play,100,0.31659258717284156,0.10623258652692424,0.010623258652692424,0.30027864862211595,0.14419375954864655,0.19261244864485585,0.448015345108305
ridge_sgd_l2,L2 one-vs-rest logistic,160,crps_game_equal,crps,game_equal,100,0.014188845357441648,0.0002511939441892604,2.511939441892604e-05,0.014167084518937783,0.000356156277348689,0.013854027673405078,0.014525001561875205
ridge_sgd_l2,L2 one-vs-rest logistic,160,coverage_game_equal,coverage,game_equal,100,0.9373584341726701,0.00467928048247083,0.000467928048247083,0.9377004660625743,0.006594067597293862,0.9312556083022625,0.9427478272267085
ridge_sgd_l2,L2 one-vs-rest logistic,160,mean_width_game_equal,mean_width,game_equal,100,21.59380991487308,0.4246686208353155,0.04246686208353155,21.627396224587237,0.5588454607562952,21.064954326322205,22.06870218020082
ridge_sgd_l2,L2 one-vs-rest logistic,160,mean_width_inclusive_game_equal,mean_width_inclusive,game_equal,100,22.59380991487308,0.42466862083531554,0.04246686208353155,22.627396224587237,0.5588454607562952,22.064954326322205,23.06870218020082
ridge_sgd_l2,L2 one-vs-rest logistic,240,crps,crps,play,100,0.014226722964271575,0.00025124349100781596,2.5124349100781596e-05,0.014214174745823807,0.0003663936544396791,0.013918463719476845,0.014540297683696673
ridge_sgd_l2,L2 one-vs-rest logistic,240,coverage,coverage,play,100,0.937388544322925,0.0043630431545589226,0.00043630431545589225,0.937836587730057,0.005805729308867691,0.9307224856056178,0.9424636656824218
ridge_sgd_l2,L2 one-vs-rest logistic,240,mean_width,mean_width,play,100,21.61244221948263,0.3287673535127595,0.03287673535127595,21.611458414774575,0.4222316211010835,21.196823437729556,22.003576517917466
ridge_sgd_l2,L2 one-vs-rest logistic,240,mean_width_inclusive,mean_width_inclusive,play,100,22.61244221948263,0.3287673535127595,0.03287673535127595,22.611458414774575,0.4222316211010835,22.196823437729556,23.003576517917466
ridge_sgd_l2,L2 one-vs-rest logistic,240,mean_q,mean_q,play,100,0.3192165274893195,0.09056198582541149,0.009056198582541149,0.31680880767514885,0.10846817844986167,0.21390609728315585,0.42270117674772706
ridge_sgd_l2,L2 one-vs-rest logistic,240,crps_game_equal,crps,game_equal,100,0.014185952705045184,0.00024918702011704404,2.4918702011704404e-05,0.014183881942033665,0.0003629223667765205,0.0138603366070683,0.01450518301201232
ridge_sgd_l2,L2 one-vs-rest logistic,240,coverage_game_equal,coverage,game_equal,100,0.9370735045507159,0.004433727777256316,0.0004433727777256316,0.937540082503598,0.00605586742443176,0.9305347545980819,0.9417232036394256
ridge_sgd_l2,L2 one-vs-rest logistic,240,mean_width_game_equal,mean_width,game_equal,100,21.557506419473516,0.3297204009440515,0.032972040094405144,21.536661664693494,0.3921611433983827,21.154289412753364,21.954790331705446
ridge_sgd_l2,L2 one-vs-rest logistic,240,mean_width_inclusive_game_equal,mean_width_inclusive,game_equal,100,22.557506419473516,0.3297204009440514,0.032972040094405144,22.536661664693494,0.3921611433983827,22.154289412753364,22.954790331705446
ridge_sgd_l2,L2 one-vs-rest logistic,360,crps,crps,play,100,0.014224898578795588,0.00025216690846998415,2.5216690846998413e-05,0.014212441872473645,0.00036132016683520715,0.013905264910904673,0.014534069929148508
ridge_sgd_l2,L2 one-vs-rest logistic,360,coverage,coverage,play,100,0.937220849668964,0.004299321750011625,0.0004299321750011625,0.9376504546984943,0.005932432267827803,0.9313927977968612,0.9424194713873444
ridge_sgd_l2,L2 one-vs-rest logistic,360,mean_width,mean_width,play,100,21.594451071720012,0.305476987509606,0.0305476987509606,21.57252726351239,0.402226814636947,21.223862897136076,21.96457001867162
ridge_sgd_l2,L2 one-vs-rest logistic,360,mean_width_inclusive,mean_width_inclusive,play,100,22.594451071720012,0.305476987509606,0.0305476987509606,22.57252726351239,0.402226814636947,22.223862897136076,22.96457001867162
ridge_sgd_l2,L2 one-vs-rest logistic,360,mean_q,mean_q,play,100,0.31561184221081495,0.08797879936562454,0.008797879936562454,0.31492479602181567,0.1134454152581773,0.20210823362808872,0.41809852327414204
ridge_sgd_l2,L2 one-vs-rest logistic,360,crps_game_equal,crps,game_equal,100,0.014184154456034454,0.0002501032499190371,2.5010324991903712e-05,0.014171264473564428,0.00035924412785890737,0.013828674381707332,0.014501606189776296
ridge_sgd_l2,L2 one-vs-rest logistic,360,coverage_game_equal,coverage,game_equal,100,0.9369227943248777,0.004373165857451639,0.00043731658574516395,0.9372279309844441,0.005605913457159217,0.9310349341248293,0.9424910213343354
ridge_sgd_l2,L2 one-vs-rest logistic,360,mean_width_game_equal,mean_width,game_equal,100,21.53983723053233,0.30249384316477407,0.030249384316477407,21.51236119637377,0.38988572940533217,21.145276265322288,21.881069360591002
ridge_sgd_l2,L2 one-vs-rest logistic,360,mean_width_inclusive_game_equal,mean_width_inclusive,game_equal,100,22.53983723053233,0.30249384316477396,0.030249384316477397,22.512361196373767,0.38988572940533217,22.145276265322288,22.881069360591002
lightgbm_multiclass,LightGBM,20,crps,crps,play,100,0.014217837126028292,0.0002840315805237437,2.840315805237437e-05,0.014212829714602063,0.00037037832314560336,0.013838275497151331,0.014551664171730653
lightgbm_multiclass,LightGBM,20,coverage,coverage,play,100,0.91569914211151,0.005497499386399715,0.0005497499386399715,0.915591384831397,0.007756293938964598,0.9084493265734488,0.9228841528434806
lightgbm_multiclass,LightGBM,20,mean_width,mean_width,play,100,16.057834396508646,0.580446678439613,0.0580446678439613,15.99437620307001,0.834033598347629,15.389614461007483,16.774830732940792
lightgbm_multiclass,LightGBM,20,mean_width_inclusive,mean_width_inclusive,play,100,17.057834396508646,0.580446678439613,0.0580446678439613,16.994376203070008,0.8340335983476272,16.389614461007483,17.774830732940792
lightgbm_multiclass,LightGBM,20,mean_q,mean_q,play,100,1.3902117070043485,0.26244347452145894,0.026244347452145895,1.4054612148570373,0.31777563940347453,1.0618405935604942,1.7056709902630856
lightgbm_multiclass,LightGBM,20,crps_game_equal,crps,game_equal,100,0.014174400080238382,0.00027867853825714125,2.7867853825714127e-05,0.014179503571673878,0.0003554560642959701,0.013803986596531787,0.01449905169077106
lightgbm_multiclass,LightGBM,20,coverage_game_equal,coverage,game_equal,100,0.9157627778172039,0.005577516721134788,0.0005577516721134788,0.9158237670908402,0.008045155095179224,0.9080620329189373,0.922740542717245
lightgbm_multiclass,LightGBM,20,mean_width_game_equal,mean_width,game_equal,100,16.079649307362512,0.5824532059658653,0.058245320596586526,15.997797305754059,0.8176961386102377,15.396110696251096,16.82668647238411
lightgbm_multiclass,LightGBM,20,mean_width_inclusive_game_equal,mean_width_inclusive,game_equal,100,17.079649307362516,0.5824532059658651,0.05824532059658651,16.997797305754062,0.8176961386102377,16.396110696251096,17.82668647238411
lightgbm_multiclass,LightGBM,40,crps,crps,play,100,0.014036582267698737,0.00028777389577518424,2.8777389577518424e-05,0.01402440731794617,0.0003772104955443341,0.013657199704176668,0.014401292864285778
lightgbm_multiclass,LightGBM,40,coverage,coverage,play,100,0.9150231681879203,0.004921507741395946,0.0004921507741395946,0.9149194192112025,0.0068059243827642835,0.9080698208639056,0.9213285138924888
lightgbm_multiclass,LightGBM,40,mean_width,mean_width,play,100,15.01899107609301,0.32464011190681724,0.03246401119068172,14.993440648127923,0.4447411007464055,14.61336840149824,15.458847620582233
lightgbm_multiclass,LightGBM,40,mean_width_inclusive,mean_width_inclusive,play,100,16.018991076093013,0.32464011190681735,0.032464011190681735,15.993440648127923,0.4447411007464055,15.61336840149824,16.458847620582233
lightgbm_multiclass,LightGBM,40,mean_q,mean_q,play,100,2.003984859770909,0.215225462070342,0.0215225462070342,1.9985313315926891,0.25977337110070153,1.7421376021965103,2.3207914386178317
lightgbm_multiclass,LightGBM,40,crps_game_equal,crps,game_equal,100,0.013986466762512811,0.00028411288952152604,2.8411288952152603e-05,0.013994324494635151,0.00039055686387613926,0.013598954590876905,0.014344970936321462
lightgbm_multiclass,LightGBM,40,coverage_game_equal,coverage,game_equal,100,0.9154372563579095,0.0049340374720899015,0.0004934037472089901,0.9154779845531877,0.007333871634718547,0.908593879617539,0.9213494869955137
lightgbm_multiclass,LightGBM,40,mean_width_game_equal,mean_width,game_equal,100,15.043029427806095,0.3275961210778191,0.03275961210778191,15.013029385425394,0.47230643855280263,14.628573384832396,15.474489507262538
lightgbm_multiclass,LightGBM,40,mean_width_inclusive_game_equal,mean_width_inclusive,game_equal,100,16.043029427806097,0.32759612107781905,0.0327596121077819,16.013029385425394,0.4723064385527973,15.628573384832396,16.47448950726254
lightgbm_multiclass,LightGBM,80,crps,crps,play,100,0.013838711634908192,0.0002894582294938548,2.8945822949385478e-05,0.013838999627392979,0.0003872796404894487,0.01342396043630438,0.014173966829640833
lightgbm_multiclass,LightGBM,80,coverage,coverage,play,100,0.9137287177987901,0.005661683106657416,0.0005661683106657416,0.9132077946887753,0.006426862188194882,0.9063188125051762,0.921235277123765
lightgbm_multiclass,LightGBM,80,mean_width,mean_width,play,100,14.28641888533497,0.3329954168480174,0.033299541684801745,14.243723958231884,0.43681897078654686,13.919039844052973,14.6968940384467
lightgbm_multiclass,LightGBM,80,mean_width_inclusive,mean_width_inclusive,play,100,15.28641888533497,0.33299541684801753,0.03329954168480175,15.243723958231884,0.43681897078654686,14.919039844052973,15.6968940384467
lightgbm_multiclass,LightGBM,80,mean_q,mean_q,play,100,2.274866885718537,0.19169828730383226,0.019169828730383226,2.255430401237766,0.2679358987061793,2.0488151081561616,2.553166082255606
lightgbm_multiclass,LightGBM,80,crps_game_equal,crps,game_equal,100,0.013787474458756742,0.00028624520049164176,2.8624520049164176e-05,0.013796527565867103,0.0003717117801510274,0.013421188542490237,0.014160061177900977
lightgbm_multiclass,LightGBM,80,coverage_game_equal,coverage,game_equal,100,0.9141918400188959,0.005706162514148841,0.0005706162514148842,0.9134122673854759,0.006539374560956879,0.9072897708343606,0.9216884295086967
lightgbm_multiclass,LightGBM,80,mean_width_game_equal,mean_width,game_equal,100,14.306110075079564,0.33316669477016897,0.0333166694770169,14.267118387227734,0.43128887211351596,13.922956241615836,14.72831020917616
lightgbm_multiclass,LightGBM,80,mean_width_inclusive_game_equal,mean_width_inclusive,game_equal,100,15.306110075079564,0.33316669477016897,0.0333166694770169,15.267118387227736,0.4312888721135142,14.922956241615836,15.728310209176161
lightgbm_multiclass,LightGBM,160,crps,crps,play,100,0.013607204957430372,0.0002837558877805581,2.8375588778055812e-05,0.013629635814560783,0.00039421590102983566,0.013220277148509804,0.01390321195877952
lightgbm_multiclass,LightGBM,160,coverage,coverage,play,100,0.9135344643191966,0.005119476209398558,0.0005119476209398557,0.9134916350432905,0.0073967306838169655,0.9075544649598374,0.919766360861625
lightgbm_multiclass,LightGBM,160,mean_width,mean_width,play,100,13.865484550986505,0.3077022531088078,0.030770225310880778,13.851414713436933,0.4333849177113862,13.496245826695413,14.288558691108962
lightgbm_multiclass,LightGBM,160,mean_width_inclusive,mean_width_inclusive,play,100,14.865484550986505,0.3077022531088078,0.030770225310880778,14.851414713436933,0.4333849177113862,14.496245826695413,15.288558691108962
lightgbm_multiclass,LightGBM,160,mean_q,mean_q,play,100,2.018506287369728,0.18211850602684698,0.0182118506026847,2.0118293480226095,0.23835818297377442,1.7797576600614937,2.264491708157985
lightgbm_multiclass,LightGBM,160,crps_game_equal,crps,game_equal,100,0.013556193544882085,0.0002807501097922369,2.807501097922369e-05,0.013578530066150635,0.0003867273827863789,0.013164772187593984,0.013891905088123211
lightgbm_multiclass,LightGBM,160,coverage_game_equal,coverage,game_equal,100,0.9140214437010521,0.0051558769596675245,0.0005155876959667524,0.9141064309505792,0.007640237513047987,0.9076594878639737,0.9203886398700847
lightgbm_multiclass,LightGBM,160,mean_width_game_equal,mean_width,game_equal,100,13.886082650643388,0.30755269860591233,0.030755269860591232,13.864725613135306,0.43292831993522896,13.516656148253539,14.308379038900304
lightgbm_multiclass,LightGBM,160,mean_width_inclusive_game_equal,mean_width_inclusive,game_equal,100,14.886082650643388,0.3075526986059123,0.03075526986059123,14.864725613135306,0.4329283199352272,14.516656148253539,15.308379038900306
lightgbm_multiclass,LightGBM,240,crps,crps,play,100,0.013475707561037886,0.0002803956795021673,2.8039567950216727e-05,0.013480058621900158,0.00040991333461964236,0.013079268503382119,0.013778984632016388
lightgbm_multiclass,LightGBM,240,coverage,coverage,play,100,0.9135954897578378,0.005079784199139911,0.000507978419913991,0.9135974713270432,0.007398278071043207,0.9077665072382983,0.9188298244023558
lightgbm_multiclass,LightGBM,240,mean_width,mean_width,play,100,13.696381897412577,0.26545711875170297,0.026545711875170297,13.673855631598714,0.37327040174641724,13.378998308864656,14.064387421615441
lightgbm_multiclass,LightGBM,240,mean_width_inclusive,mean_width_inclusive,play,100,14.696381897412577,0.26545711875170297,0.026545711875170297,14.673855631598714,0.37327040174641724,14.378998308864656,15.064387421615441
lightgbm_multiclass,LightGBM,240,mean_q,mean_q,play,100,1.7217568911204735,0.1563396286986259,0.01563396286986259,1.7152464448400502,0.18537243575161133,1.5339048213543132,1.9106374845776861
lightgbm_multiclass,LightGBM,240,crps_game_equal,crps,game_equal,100,0.013426126846662891,0.0002769503936246366,2.7695039362463662e-05,0.013430596288504815,0.0004104817804235217,0.013041978484699911,0.013759202579432833
lightgbm_multiclass,LightGBM,240,coverage_game_equal,coverage,game_equal,100,0.9140979732726703,0.005057594269219355,0.0005057594269219355,0.9140403963948693,0.007244608494253346,0.9082834800793131,0.9195460931389593
lightgbm_multiclass,LightGBM,240,mean_width_game_equal,mean_width,game_equal,100,13.719049295350763,0.26575218749204477,0.026575218749204477,13.698061775605685,0.3667342112675982,13.407711118161224,14.08270366246549
lightgbm_multiclass,LightGBM,240,mean_width_inclusive_game_equal,mean_width_inclusive,game_equal,100,14.719049295350763,0.2657521874920444,0.02657521874920444,14.698061775605687,0.3667342112676,14.407711118161222,15.08270366246549
lightgbm_multiclass,LightGBM,360,crps,crps,play,100,0.013343954274302787,0.00027545613270227765,2.7545613270227764e-05,0.01335402333723347,0.00041252215000508845,0.012987511754724887,0.013642765807260634
lightgbm_multiclass,LightGBM,360,coverage,coverage,play,100,0.9151626848054151,0.005109420650274706,0.0005109420650274706,0.9156895349911398,0.006072108211655047,0.9089359534643267,0.9213500552591879
lightgbm_multiclass,LightGBM,360,mean_width,mean_width,play,100,13.64421001519321,0.2562502007085507,0.02562502007085507,13.644041207935997,0.3220265196186336,13.295524898790422,13.990672988942261
lightgbm_multiclass,LightGBM,360,mean_width_inclusive,mean_width_inclusive,play,100,14.64421001519321,0.2562502007085507,0.02562502007085507,14.644041207935997,0.3220265196186336,14.295524898790422,14.990672988942261
lightgbm_multiclass,LightGBM,360,mean_q,mean_q,play,100,1.4008180468629847,0.14043303587992148,0.014043303587992148,1.3863535528573665,0.1775872625844921,1.2266562079928767,1.5753289813046882
lightgbm_multiclass,LightGBM,360,crps_game_equal,crps,game_equal,100,0.01329608814317107,0.0002717728410246963,2.7177284102469632e-05,0.013321063961398899,0.00040109566259297763,0.012908757970035701,0.013608356829928161
lightgbm_multiclass,LightGBM,360,coverage_game_equal,coverage,game_equal,100,0.9155894166487795,0.005120639564126167,0.0005120639564126167,0.9159430352285983,0.0059014870703690825,0.9087702748982036,0.921643596228937
lightgbm_multiclass,LightGBM,360,mean_width_game_equal,mean_width,game_equal,100,13.667309323739,0.2560090265694636,0.02560090265694636,13.665323879299041,0.32324181354767667,13.312921982003699,14.004163790680463
lightgbm_multiclass,LightGBM,360,mean_width_inclusive_game_equal,mean_width_inclusive,game_equal,100,14.667309323739,0.25600902656946356,0.025600902656946357,14.665323879299041,0.32324181354767667,14.312921982003699,15.004163790680463
zoo_cnn,Zoo CNN,20,crps,crps,play,100,0.016289815779116704,0.0011825011596770113,0.00011825011596770113,0.01601349382611508,0.0008607091064710467,0.015333274049188854,0.01750690299593335
zoo_cnn,Zoo CNN,20,coverage,coverage,play,100,0.9279241075774712,0.021018436462192546,0.0021018436462192547,0.9213255730111918,0.0191157968683362,0.9111964336367622,0.960902290409037
zoo_cnn,Zoo CNN,20,mean_width,mean_width,play,100,20.641105040418903,8.105972437235469,0.8105972437235469,17.65755617171198,4.271719267391017,15.734816432147472,31.447670190460833
zoo_cnn,Zoo CNN,20,mean_width_inclusive,mean_width_inclusive,play,100,21.641105040418903,8.105972437235469,0.8105972437235469,18.65755617171198,4.271719267391017,16.734816432147472,32.44767019046083
zoo_cnn,Zoo CNN,20,mean_q,mean_q,play,100,2.689161810087725,1.4365056109810612,0.14365056109810612,2.946499445967982,2.0522646526136157,0.2037676937891189,4.404485171990876
zoo_cnn,Zoo CNN,20,crps_game_equal,crps,game_equal,100,0.016259837145500267,0.0011876873275565557,0.00011876873275565556,0.015989176267053953,0.0008771347240580322,0.015288699712747244,0.017479568451360894
zoo_cnn,Zoo CNN,20,coverage_game_equal,coverage,game_equal,100,0.9281852668792899,0.020974785383721835,0.0020974785383721835,0.9213532709823565,0.01920935084531683,0.9115766430872014,0.9606101446171571
zoo_cnn,Zoo CNN,20,mean_width_game_equal,mean_width,game_equal,100,20.65621419661103,8.09777366460255,0.8097773664602551,17.70123650007897,4.302951904379029,15.748560815919829,31.44265890430494
zoo_cnn,Zoo CNN,20,mean_width_inclusive_game_equal,mean_width_inclusive,game_equal,100,21.656214196611028,8.09777366460255,0.8097773664602551,18.70123650007897,4.302951904379029,16.74856081591983,32.442658904304935
zoo_cnn,Zoo CNN,40,crps,crps,play,100,0.015229899377903785,0.0007595084635789053,7.595084635789053e-05,0.015100104401663756,0.0007545615935717325,0.0145580113505171,0.01591230348245635
zoo_cnn,Zoo CNN,40,coverage,coverage,play,100,0.9218645671203375,0.012189605714192892,0.001218960571419289,0.9194127644143663,0.011445188800130568,0.9105639290793436,0.9344403784000914
zoo_cnn,Zoo CNN,40,mean_width,mean_width,play,100,18.090440659374373,3.4757550057711324,0.34757550057711323,17.213119242863392,2.618823821346183,15.675930779099959,20.942935050934743
zoo_cnn,Zoo CNN,40,mean_width_inclusive,mean_width_inclusive,play,100,19.090440659374373,3.475755005771132,0.3475755005771132,18.213119242863392,2.618823821346183,16.675930779099957,21.942935050934743
zoo_cnn,Zoo CNN,40,mean_q,mean_q,play,100,1.8446087740223513,0.7732988148883867,0.07732988148883867,1.8861665299744579,1.1012259641593598,0.8780573708974077,2.717461918689494
zoo_cnn,Zoo CNN,40,crps_game_equal,crps,game_equal,100,0.015203927443247622,0.0007714100742436202,7.714100742436201e-05,0.015066079546515801,0.0007837002738077924,0.014509033438735648,0.015868745111548038
zoo_cnn,Zoo CNN,40,coverage_game_equal,coverage,game_equal,100,0.922066212913016,0.012182336651031552,0.0012182336651031553,0.9199542431887304,0.011797052346866455,0.9104109100438502,0.934239069182301
zoo_cnn,Zoo CNN,40,mean_width_game_equal,mean_width,game_equal,100,18.115114575626773,3.4748970428288386,0.34748970428288384,17.219879382468665,2.6070398933856858,15.689612297834813,20.979104662140852
zoo_cnn,Zoo CNN,40,mean_width_inclusive_game_equal,mean_width_inclusive,game_equal,100,19.115114575626773,3.4748970428288386,0.34748970428288384,18.219879382468665,2.6070398933856858,16.689612297834817,21.979104662140852
zoo_cnn,Zoo CNN,80,crps,crps,play,100,0.014232431209911623,0.0006195756375444362,6.195756375444362e-05,0.014092387353466865,0.0005544248540660761,0.01364362364115343,0.014949768552340745
zoo_cnn,Zoo CNN,80,coverage,coverage,play,100,0.920018386984942,0.007411703121050264,0.0007411703121050264,0.9210712885420889,0.011584681220026649,0.9107465954874784,0.9285724552879762
zoo_cnn,Zoo CNN,80,mean_width,mean_width,play,100,16.60142241016105,1.3275759400188976,0.13275759400188974,16.391508336911887,1.6081786467871453,15.182460210778597,18.34292176336472
zoo_cnn,Zoo CNN,80,mean_width_inclusive,mean_width_inclusive,play,100,17.60142241016105,1.3275759400188978,0.13275759400188977,17.391508336911887,1.6081786467871453,16.182460210778597,19.34292176336472
zoo_cnn,Zoo CNN,80,mean_q,mean_q,play,100,0.8819145067891917,0.45785821014227274,0.045785821014227276,0.8238494519838296,0.5992034092991346,0.3138400172062335,1.5021008135499576
zoo_cnn,Zoo CNN,80,crps_game_equal,crps,game_equal,100,0.01420138218689167,0.000616309210163756,6.16309210163756e-05,0.014058124956498629,0.0005494983859122074,0.01364883406744415,0.014893974913388617
zoo_cnn,Zoo CNN,80,coverage_game_equal,coverage,game_equal,100,0.9201902856848644,0.007434232432749717,0.0007434232432749717,0.9207429360124539,0.011915016860474137,0.9107282450874447,0.9285748697944992
zoo_cnn,Zoo CNN,80,mean_width_game_equal,mean_width,game_equal,100,16.629855406932972,1.331809395527114,0.1331809395527114,16.421334727645025,1.614748584553892,15.20768545613243,18.342866036665715
zoo_cnn,Zoo CNN,80,mean_width_inclusive_game_equal,mean_width_inclusive,game_equal,100,17.629855406932972,1.331809395527114,0.1331809395527114,17.421334727645025,1.6147485845538938,16.20768545613243,19.342866036665715
zoo_cnn,Zoo CNN,160,crps,crps,play,100,0.013506385461750665,0.0005241967302177517,5.241967302177517e-05,0.013477892084986082,0.0005530060830738204,0.012921785688180887,0.014153098139967379
zoo_cnn,Zoo CNN,160,coverage,coverage,play,100,0.9180274951225361,0.00728860508570301,0.000728860508570301,0.9178749064099383,0.009008531757653149,0.9092483573508447,0.9289482799484592
zoo_cnn,Zoo CNN,160,mean_width,mean_width,play,100,14.94636505165052,1.2144400676135623,0.12144400676135622,14.866501301508396,1.4109917833651586,13.567597974919742,16.30802441593272
zoo_cnn,Zoo CNN,160,mean_width_inclusive,mean_width_inclusive,play,100,15.946365051650519,1.2144400676135623,0.12144400676135622,15.866501301508396,1.4109917833651586,14.567597974919742,17.30802441593272
zoo_cnn,Zoo CNN,160,mean_q,mean_q,play,100,0.6248805838576484,0.4222932299287064,0.04222932299287064,0.6208886422631605,0.6887882134483481,0.09491565771858113,1.1731686167771316
zoo_cnn,Zoo CNN,160,crps_game_equal,crps,game_equal,100,0.013474805789647664,0.0005246871827907664,5.246871827907664e-05,0.013444192969979491,0.0005485179440585086,0.012848650520372916,0.014113960652441183
zoo_cnn,Zoo CNN,160,coverage_game_equal,coverage,game_equal,100,0.9183052592526113,0.007176313830908053,0.0007176313830908052,0.9178485750911074,0.008797903042231048,0.909698794549985,0.9283740997002491
zoo_cnn,Zoo CNN,160,mean_width_game_equal,mean_width,game_equal,100,14.975608465070607,1.2214521332903991,0.12214521332903991,14.88372252935038,1.3995557209948757,13.600143134581105,16.35059132411035
zoo_cnn,Zoo CNN,160,mean_width_inclusive_game_equal,mean_width_inclusive,game_equal,100,15.975608465070607,1.2214521332903994,0.12214521332903994,15.88372252935038,1.3995557209948757,14.600143134581103,17.35059132411035
zoo_cnn,Zoo CNN,240,crps,crps,play,100,0.013106233464402501,0.0003735952504410065,3.735952504410065e-05,0.013085888020675687,0.00047954868967272843,0.012677170807892888,0.013511559331022957
zoo_cnn,Zoo CNN,240,coverage,coverage,play,100,0.9188435568660391,0.00662950394729387,0.000662950394729387,0.9196343009379436,0.0087922858689371,0.9100199880712044,0.9266394170775956
zoo_cnn,Zoo CNN,240,mean_width,mean_width,play,100,14.534168730025087,0.9286218567445188,0.09286218567445188,14.44726691318752,1.1680189832902066,13.34889969673281,15.578543872992514
zoo_cnn,Zoo CNN,240,mean_width_inclusive,mean_width_inclusive,play,100,15.534168730025087,0.9286218567445188,0.09286218567445188,15.44726691318752,1.1680189832902048,14.34889969673281,16.578543872992512
zoo_cnn,Zoo CNN,240,mean_q,mean_q,play,100,0.4919105642846647,0.36824308514421866,0.036824308514421866,0.45048717102434155,0.6459707634308565,0.0020514490394008475,1.001357246728066
zoo_cnn,Zoo CNN,240,crps_game_equal,crps,game_equal,100,0.013076011431900377,0.00036937019173182627,3.693701917318263e-05,0.013083860570880325,0.0004212612575044492,0.012652240261716486,0.013446477816943634
zoo_cnn,Zoo CNN,240,coverage_game_equal,coverage,game_equal,100,0.9190094406644299,0.006646346381945153,0.0006646346381945152,0.9198026677925788,0.009425711545775983,0.9098344604420379,0.9273018675052703
zoo_cnn,Zoo CNN,240,mean_width_game_equal,mean_width,game_equal,100,14.56087582092093,0.9289595763857289,0.09289595763857289,14.490587892880367,1.1554079635250627,13.364319073054185,15.595786083035067
zoo_cnn,Zoo CNN,240,mean_width_inclusive_game_equal,mean_width_inclusive,game_equal,100,15.56087582092093,0.9289595763857287,0.09289595763857286,15.490587892880367,1.1554079635250627,14.364319073054187,16.59578608303507
zoo_cnn,Zoo CNN,360,crps,crps,play,100,0.012947139474537284,0.00043726663972390065,4.3726663972390064e-05,0.012921057126404095,0.0005677042639817085,0.012469899177075376,0.01350347558098147
zoo_cnn,Zoo CNN,360,coverage,coverage,play,100,0.91867683490781,0.007576916129763503,0.0007576916129763503,0.9179625622150148,0.00974456711859728,0.9107904452348828,0.9295414339933483
zoo_cnn,Zoo CNN,360,mean_width,mean_width,play,100,14.110986503404082,1.2012739971234454,0.12012739971234454,13.78979451543557,1.2956297143987197,12.957624041675675,15.467788156601141
zoo_cnn,Zoo CNN,360,mean_width_inclusive,mean_width_inclusive,play,100,15.110986503404082,1.2012739971234454,0.12012739971234454,14.78979451543557,1.2956297143987197,13.957624041675675,16.46778815660114
zoo_cnn,Zoo CNN,360,mean_q,mean_q,play,100,0.44283294737909806,0.44357421135194647,0.04435742113519465,0.2957389468885223,0.640893607861041,0.0,1.0292206702495024
zoo_cnn,Zoo CNN,360,crps_game_equal,crps,game_equal,100,0.012915517015143088,0.0004371374650318589,4.371374650318589e-05,0.012892138618607572,0.0005401977453078858,0.01244383888116722,0.013422090859665644
zoo_cnn,Zoo CNN,360,coverage_game_equal,coverage,game_equal,100,0.9188483553360683,0.007496875498871777,0.0007496875498871778,0.9182730953603908,0.009306227058629823,0.9110236629072532,0.9294589110261414
zoo_cnn,Zoo CNN,360,mean_width_game_equal,mean_width,game_equal,100,14.138200510095627,1.2064708810788836,0.12064708810788835,13.814608772045844,1.281307945898071,12.970111631493454,15.496837966012677
zoo_cnn,Zoo CNN,360,mean_width_inclusive_game_equal,mean_width_inclusive,game_equal,100,15.138200510095627,1.2064708810788836,0.12064708810788835,14.814608772045844,1.2813079458980727,13.970111631493456,16.496837966012677
set_transformer,Set Transformer,20,crps,crps,play,100,0.013899283931633963,0.00032826059843839804,3.2826059843839804e-05,0.013928349163284875,0.00041006961301403785,0.013479928848647755,0.014319446470118541
set_transformer,Set Transformer,20,coverage,coverage,play,100,0.9256082299995707,0.01113105190140695,0.001113105190140695,0.9241837889528026,0.013891432521841773,0.9144832289094937,0.9400018068340353
set_transformer,Set Transformer,20,mean_width,mean_width,play,100,17.07535082547462,1.5086822531736046,0.15086822531736047,16.83142393470184,1.8377438240368171,15.215790957705396,19.081206196224077
set_transformer,Set Transformer,20,mean_width_inclusive,mean_width_inclusive,play,100,18.07535082547462,1.5086822531736046,0.15086822531736047,17.83142393470184,1.8377438240368136,16.215790957705398,20.081206196224077
set_transformer,Set Transformer,20,mean_q,mean_q,play,100,0.39780696242561947,0.3649665942622745,0.03649665942622745,0.29366452848449903,0.5259733530934878,0.005799093629293222,0.9259698012457557
set_transformer,Set Transformer,20,crps_game_equal,crps,game_equal,100,0.013862840051653745,0.0003277724141734249,3.2777241417342485e-05,0.013876391867268214,0.0004334448891529438,0.013465587241074264,0.01428010472941213
set_transformer,Set Transformer,20,coverage_game_equal,coverage,game_equal,100,0.9255888692853415,0.011219022229753786,0.0011219022229753785,0.9241783701996276,0.014299800028364618,0.9139526306057757,0.9399759905222799
set_transformer,Set Transformer,20,mean_width_game_equal,mean_width,game_equal,100,17.077100706205275,1.5080042598022427,0.15080042598022428,16.840515233807555,1.826121596372353,15.217882929252923,19.112369853745435
set_transformer,Set Transformer,20,mean_width_inclusive_game_equal,mean_width_inclusive,game_equal,100,18.077100706205275,1.5080042598022427,0.15080042598022428,17.840515233807555,1.826121596372353,16.217882929252923,20.112369853745435
set_transformer,Set Transformer,40,crps,crps,play,100,0.013653720442130274,0.00029213221211604095,2.9213221211604095e-05,0.013652734547333675,0.0003876966577015632,0.013276716994149928,0.014021355841305375
set_transformer,Set Transformer,40,coverage,coverage,play,100,0.9204035116626446,0.007665424686863238,0.0007665424686863237,0.919310837723943,0.011163499274775446,0.9119017026047604,0.930732460381963
set_transformer,Set Transformer,40,mean_width,mean_width,play,100,15.75379159988268,0.8580895792006102,0.08580895792006102,15.598664929990232,1.1168188711667195,14.784348737525994,16.811258748366146
set_transformer,Set Transformer,40,mean_width_inclusive,mean_width_inclusive,play,100,16.753791599882682,0.8580895792006102,0.08580895792006102,16.598664929990232,1.1168188711667213,15.784348737525994,17.811258748366146
set_transformer,Set Transformer,40,mean_q,mean_q,play,100,0.3680660787354802,0.27182610516861627,0.027182610516861626,0.3226995243915165,0.33147475938850135,0.03305727290968975,0.7935895757127879
set_transformer,Set Transformer,40,crps_game_equal,crps,game_equal,100,0.013614113841223099,0.0002870012258814334,2.870012258814334e-05,0.013611861744518856,0.00035847291318074834,0.013236993257266518,0.013980557913077547
set_transformer,Set Transformer,40,coverage_game_equal,coverage,game_equal,100,0.9204092660841404,0.0076638368141108085,0.0007663836814110808,0.9194463778592412,0.01135719931073742,0.9118536927166889,0.9308077636367245
set_transformer,Set Transformer,40,mean_width_game_equal,mean_width,game_equal,100,15.75967627026762,0.8572251002065009,0.0857225100206501,15.597111378157795,1.1188901112098648,14.805842273162034,16.82678583865991
set_transformer,Set Transformer,40,mean_width_inclusive_game_equal,mean_width_inclusive,game_equal,100,16.759676270267622,0.8572251002065008,0.08572251002065008,16.5971113781578,1.1188901112098613,15.805842273162034,17.82678583865991
set_transformer,Set Transformer,80,crps,crps,play,100,0.013316960575991585,0.00027132565359655014,2.7132565359655013e-05,0.013319998941373184,0.00036260591003340996,0.012950326843471964,0.013688621492262604
set_transformer,Set Transformer,80,coverage,coverage,play,100,0.9208127249915827,0.0072022403153234795,0.0007202240315323479,0.9204897640503764,0.009732287322284594,0.9114878359119306,0.9302719580634567
set_transformer,Set Transformer,80,mean_width,mean_width,play,100,15.296277432941135,0.683617581637147,0.0683617581637147,15.288932884616923,0.9082078278482815,14.456924135823769,16.216857532753238
set_transformer,Set Transformer,80,mean_width_inclusive,mean_width_inclusive,play,100,16.296277432941135,0.683617581637147,0.0683617581637147,16.288932884616926,0.9082078278482832,15.456924135823769,17.216857532753238
set_transformer,Set Transformer,80,mean_q,mean_q,play,100,0.26394067452203346,0.17038274035063442,0.01703827403506344,0.25749977295816817,0.25646408913825497,0.05761747128288174,0.4683754618693558
set_transformer,Set Transformer,80,crps_game_equal,crps,game_equal,100,0.013280296083130177,0.0002667046316592396,2.667046316592396e-05,0.013258293910934145,0.0003701825862688409,0.01293243023762876,0.013639856422817629
set_transformer,Set Transformer,80,coverage_game_equal,coverage,game_equal,100,0.9208303590628923,0.0072152579301748045,0.0007215257930174804,0.9206952916533181,0.009910297744683993,0.9111733472009695,0.9305832893351366
set_transformer,Set Transformer,80,mean_width_game_equal,mean_width,game_equal,100,15.308209900337303,0.6826794239635732,0.06826794239635732,15.293897313212202,0.9335085251781798,14.480992861395354,16.228914662670515
set_transformer,Set Transformer,80,mean_width_inclusive_game_equal,mean_width_inclusive,game_equal,100,16.308209900337303,0.6826794239635733,0.06826794239635733,16.293897313212202,0.9335085251781834,15.480992861395352,17.228914662670515
set_transformer,Set Transformer,160,crps,crps,play,100,0.012875801201183203,0.00027308949733975875,2.7308949733975875e-05,0.012841110348988525,0.0003824891016299854,0.012575553098340386,0.013227560208764649
set_transformer,Set Transformer,160,coverage,coverage,play,100,0.9235331270832546,0.007320338617845222,0.0007320338617845222,0.9225430902861216,0.010318016023431742,0.915382476406983,0.9311766138440519
set_transformer,Set Transformer,160,mean_width,mean_width,play,100,14.761510353136542,0.7827129113320673,0.07827129113320673,14.613124607774768,0.9720871923208865,13.898799025600242,15.775606693021203
set_transformer,Set Transformer,160,mean_width_inclusive,mean_width_inclusive,play,100,15.761510353136542,0.7827129113320673,0.07827129113320673,15.613124607774768,0.9720871923208882,14.898799025600242,16.775606693021203
set_transformer,Set Transformer,160,mean_q,mean_q,play,100,0.21783328326270068,0.21879836559707713,0.021879836559707714,0.13999052880246105,0.3253601387713939,0.0,0.5209001814602556
set_transformer,Set Transformer,160,crps_game_equal,crps,game_equal,100,0.012839687024894958,0.00027103083574569944,2.7103083574569944e-05,0.012828592194829104,0.00034223837021437296,0.012525863981406262,0.01320907957482122
set_transformer,Set Transformer,160,coverage_game_equal,coverage,game_equal,100,0.9236776797571133,0.007336417323723512,0.0007336417323723512,0.9224065243579427,0.009970313818007281,0.9153693843452801,0.931559589292729
set_transformer,Set Transformer,160,mean_width_game_equal,mean_width,game_equal,100,14.779137089468673,0.7848589422762514,0.07848589422762514,14.637432704265635,1.011068110303862,13.918461298458976,15.80521768455004
set_transformer,Set Transformer,160,mean_width_inclusive_game_equal,mean_width_inclusive,game_equal,100,15.779137089468673,0.7848589422762515,0.07848589422762516,15.637432704265635,1.0110681103038655,14.918461298458974,16.80521768455004
set_transformer,Set Transformer,240,crps,crps,play,100,0.01267690856282656,0.00026916959964448287,2.6916959964448286e-05,0.012703937138232793,0.00035377698659991644,0.012331763505813062,0.013063924732794342
set_transformer,Set Transformer,240,coverage,coverage,play,100,0.9236845062728284,0.006627434840014276,0.0006627434840014276,0.923183728415099,0.008930868427984517,0.9159580749341206,0.9333332015682831
set_transformer,Set Transformer,240,mean_width,mean_width,play,100,14.443138418765963,0.6939471248352957,0.06939471248352957,14.459136347408482,0.9555235721966273,13.589299030706105,15.42914570309216
set_transformer,Set Transformer,240,mean_width_inclusive,mean_width_inclusive,play,100,15.443138418765963,0.6939471248352957,0.06939471248352957,15.459136347408482,0.9555235721966273,14.589299030706105,16.429145703092164
set_transformer,Set Transformer,240,mean_q,mean_q,play,100,0.20378276046075747,0.20812064816371795,0.020812064816371795,0.1363904655332803,0.3143857439846451,0.0015926640926640933,0.5141117679081222
set_transformer,Set Transformer,240,crps_game_equal,crps,game_equal,100,0.012643098989752155,0.00026548492754171956,2.6548492754171956e-05,0.012670704209091013,0.0003436516401430622,0.012286018622632035,0.013004479851475502
set_transformer,Set Transformer,240,coverage_game_equal,coverage,game_equal,100,0.9237653968525212,0.006618143239002143,0.0006618143239002143,0.9234548006488662,0.008805099790667237,0.9155359406296119,0.9332122620082534
set_transformer,Set Transformer,240,mean_width_game_equal,mean_width,game_equal,100,14.462700452579863,0.6941002387586003,0.06941002387586002,14.481149198707932,0.9487880913149986,13.61457404986434,15.446646488691986
set_transformer,Set Transformer,240,mean_width_inclusive_game_equal,mean_width_inclusive,game_equal,100,15.462700452579863,0.6941002387586002,0.06941002387586001,15.48114919870793,0.9487880913149986,14.61457404986434,16.446646488691986
set_transformer,Set Transformer,360,crps,crps,play,100,0.01252803794203821,0.000257942660034189,2.57942660034189e-05,0.012524545052195099,0.0003407201855571765,0.012201520507124199,0.012893976395473102
set_transformer,Set Transformer,360,coverage,coverage,play,100,0.9259968032869709,0.007691920785537672,0.0007691920785537671,0.9249069743052781,0.010341747943249713,0.9174577981240789,0.9366526035098653
set_transformer,Set Transformer,360,mean_width,mean_width,play,100,14.464827689242238,0.7666585784700626,0.07666585784700626,14.36192555292057,1.1144999371007422,13.580091260765512,15.49416279952173
set_transformer,Set Transformer,360,mean_width_inclusive,mean_width_inclusive,play,100,15.46482768924224,0.7666585784700626,0.07666585784700626,15.36192555292057,1.114499937100744,14.580091260765512,16.49416279952173
set_transformer,Set Transformer,360,mean_q,mean_q,play,100,0.13278398801178307,0.1812273436993829,0.01812273436993829,0.045171472111970576,0.22501658411159875,0.0,0.34731419769515254
set_transformer,Set Transformer,360,crps_game_equal,crps,game_equal,100,0.012496151575573116,0.0002535860436329016,2.5358604363290157e-05,0.012501185127723455,0.0003485425474321485,0.012163795029973796,0.012836532282888845
set_transformer,Set Transformer,360,coverage_game_equal,coverage,game_equal,100,0.9261340357976314,0.007694831462133672,0.0007694831462133672,0.9252942552664194,0.010383051678317323,0.9174064368882652,0.9366629941681757
set_transformer,Set Transformer,360,mean_width_game_equal,mean_width,game_equal,100,14.484736524805687,0.7649473968668831,0.07649473968668831,14.389007391807091,1.0973815754928804,13.594680408043699,15.508065028018795
set_transformer,Set Transformer,360,mean_width_inclusive_game_equal,mean_width_inclusive,game_equal,100,15.484736524805687,0.7649473968668831,0.07649473968668831,15.389007391807091,1.097381575492884,14.594680408043699,16.508065028018795
