metric,model,n_train,contrast,n_repeats,mean,sd,mcse,pointwise_lower,pointwise_upper,simultaneous_lower,simultaneous_upper,confidence,max_t_critical,bootstrap_draws,fixed_mean,tuned_mean,relative_change,significant_shift
crps,lightgbm_multiclass,20,tuned - fixed,20,0.0,0.0,0.0,0.0,0.0,0.0,0.0,0.95,8.173723656688466,10000,0.014204557399384438,0.014204557399384438,0.0,False
coverage,lightgbm_multiclass,20,tuned - fixed,20,0.0,0.0,0.0,0.0,0.0,0.0,0.0,0.95,8.173723656688466,10000,0.916745107958653,0.916745107958653,0.0,False
mean_width,lightgbm_multiclass,20,tuned - fixed,20,0.0,0.0,0.0,0.0,0.0,0.0,0.0,0.95,8.173723656688466,10000,15.933135030459686,15.933135030459686,0.0,False
mean_width_inclusive,lightgbm_multiclass,20,tuned - fixed,20,0.0,0.0,0.0,0.0,0.0,0.0,0.0,0.95,8.173723656688466,10000,16.933135030459688,16.933135030459688,0.0,False
mean_q,lightgbm_multiclass,20,tuned - fixed,20,0.0,0.0,0.0,0.0,0.0,0.0,0.0,0.95,8.173723656688466,10000,1.4048899904168162,1.4048899904168162,0.0,False
crps_game_equal,lightgbm_multiclass,20,tuned - fixed,20,0.0,0.0,0.0,0.0,0.0,0.0,0.0,0.95,8.173723656688466,10000,0.014153235168836723,0.014153235168836723,0.0,False
coverage_game_equal,lightgbm_multiclass,20,tuned - fixed,20,0.0,0.0,0.0,0.0,0.0,0.0,0.0,0.95,8.173723656688466,10000,0.9169444929126069,0.9169444929126069,0.0,False
mean_width_game_equal,lightgbm_multiclass,20,tuned - fixed,20,0.0,0.0,0.0,0.0,0.0,0.0,0.0,0.95,8.173723656688466,10000,15.952985755830605,15.952985755830605,0.0,False
mean_width_inclusive_game_equal,lightgbm_multiclass,20,tuned - fixed,20,0.0,0.0,0.0,0.0,0.0,0.0,0.0,0.95,8.173723656688466,10000,16.952985755830603,16.952985755830603,0.0,False
crps,ridge_sgd_l2,20,tuned - fixed,20,-0.00017021477110103393,9.088777283304349e-05,2.032312383782439e-05,-0.00021275155815431835,-0.0001276779840477495,-0.00033633036919206844,-4.099173009999423e-06,0.95,8.173723656688466,10000,0.014242340227636494,0.014072125456535458,-0.01195132038558813,True
coverage,ridge_sgd_l2,20,tuned - fixed,20,-0.010275876383291277,0.004688036053362522,0.0010482767296288431,-0.012469944794080872,-0.008081807972501681,-0.01884420068701457,-0.0017075520795679835,0.95,8.173723656688466,10000,0.9370045147136921,0.9267286383304008,-0.010966730919574213,True
mean_width,ridge_sgd_l2,20,tuned - fixed,20,-2.8670242356991467,0.5585180353948908,0.12488842938026093,-3.1284187225093003,-2.605629748888993,-3.8878277453712524,-1.8462207260270411,0.95,8.173723656688466,10000,21.405652173873293,18.538627938174145,-0.13393771945890526,True
mean_width_inclusive,ridge_sgd_l2,20,tuned - fixed,20,-2.8670242356991467,0.5585180353948908,0.12488842938026093,-3.1284187225093003,-2.605629748888993,-3.8878277453712524,-1.8462207260270411,0.95,8.173723656688466,10000,22.405652173873293,19.538627938174145,-0.12795986537014606,True
mean_q,ridge_sgd_l2,20,tuned - fixed,20,0.05206991160936449,0.15335482224265476,0.03429118072119728,-0.019702354494162307,0.1238421777128913,-0.22821672346726515,0.3323565466859941,0.95,8.173723656688466,10000,0.3954524075334969,0.4475223191428614,0.13167175269998552,False
crps_game_equal,ridge_sgd_l2,20,tuned - fixed,20,-0.00016713384028512946,9.16618315473863e-05,2.049620862820905e-05,-0.0002100328979681412,-0.00012423478260211772,-0.000334664185621944,3.9650505168509903e-07,0.95,8.173723656688466,10000,0.014197758643972446,0.014030624803687317,-0.0117718468440147,False
coverage_game_equal,ridge_sgd_l2,20,tuned - fixed,20,-0.010149865675173814,0.004736421797195681,0.0010590961108641265,-0.012366579311142671,-0.007933152039204956,-0.018806624611250676,-0.001493106739096953,0.95,8.173723656688466,10000,0.9368552556270278,0.9267053899518538,-0.01083397420701943,True
mean_width_game_equal,ridge_sgd_l2,20,tuned - fixed,20,-2.841566550674075,0.5536991037626227,0.12381088350939337,-3.1007057080567746,-2.5824273932913755,-3.8535624981703034,-1.8295706031778465,0.95,8.173723656688466,10000,21.35630818690096,18.514741636226887,-0.1330551388285813,True
mean_width_inclusive_game_equal,ridge_sgd_l2,20,tuned - fixed,20,-2.841566550674075,0.5536991037626224,0.12381088350939333,-3.1007057080567746,-2.5824273932913755,-3.8535624981703034,-1.829570603177847,0.95,8.173723656688466,10000,22.35630818690096,19.514741636226887,-0.1271035685730531,True
crps,set_transformer,20,tuned - fixed,20,-9.790714802100876e-05,0.0002308986760657857,5.1630513559780055e-05,-0.00020597105484308043,1.0156758801062893e-05,-0.0005199206981115576,0.0003241064020695401,0.95,8.173723656688466,10000,0.013913571538787578,0.013815664390766572,-0.007036809186488744,False
coverage,set_transformer,20,tuned - fixed,20,0.007744610360817844,0.012484409138603741,0.002791598749283756,0.001901727028310921,0.013587493693324768,-0.015073146376184725,0.03056236709782041,0.95,8.173723656688466,10000,0.9273890248709973,0.9351336352318154,0.008350983409465239,False
mean_width,set_transformer,20,tuned - fixed,20,1.028160280137199,1.6450089310825127,0.36783517934947646,0.25827240170116716,1.7980481585732306,-1.9784228270738615,4.034743387348259,0.95,8.173723656688466,10000,17.293967734707515,18.322128014844715,0.05945196012328444,False
mean_width_inclusive,set_transformer,20,tuned - fixed,20,1.028160280137199,1.6450089310825127,0.36783517934947646,0.25827240170116716,1.7980481585732306,-1.9784228270738615,4.034743387348259,0.95,8.173723656688466,10000,18.293967734707515,19.322128014844715,0.05620214789088985,False
mean_q,set_transformer,20,tuned - fixed,20,-0.1325057337314884,0.2932167570404098,0.06556526008843963,-0.2697354002301266,0.004723932767149774,-0.6684180511732996,0.4034065837103227,0.95,8.173723656688466,10000,0.39282904374848127,0.2603233100169929,-0.3373114484282597,False
crps_game_equal,set_transformer,20,tuned - fixed,20,-9.703225810573099e-05,0.00023430021601950413,5.239112101624964e-05,-0.00020668813463015578,1.2623618418693795e-05,-0.0005252628033566789,0.00033119828714521694,0.95,8.173723656688466,10000,0.013868094971651299,0.013771062713545567,-0.006996797923873548,False
coverage_game_equal,set_transformer,20,tuned - fixed,20,0.007807161473507934,0.01263579425290587,0.0028254494899198693,0.0018934277265900907,0.013720895220425779,-0.015287281863028461,0.03090160481004433,0.95,8.173723656688466,10000,0.9274854131782477,0.9352925746517557,0.008417557152467609,False
mean_width_game_equal,set_transformer,20,tuned - fixed,20,1.0289203977781,1.651855363797617,0.3693660882449117,0.2558282901988148,1.8020125053573852,-1.9901759356878141,4.048016731244014,0.95,8.173723656688466,10000,17.29575379219977,18.324674189977866,0.059489768999957324,False
mean_width_inclusive_game_equal,set_transformer,20,tuned - fixed,20,1.0289203977781005,1.6518553637976172,0.3693660882449117,0.25582829019881526,1.8020125053573857,-1.9901759356878137,4.048016731244015,0.95,8.173723656688466,10000,18.29575379219977,19.324674189977866,0.05623820748051231,False
crps,zoo_cnn,20,tuned - fixed,20,-0.0004955287360699001,0.0011929228280544435,0.0002667456535441029,-0.0010538338053465602,6.277633320675999e-05,-0.0026758339947621597,0.0016847765226223593,0.95,8.173723656688466,10000,0.0162655074491084,0.0157699787130385,-0.03046500317437454,False
coverage,zoo_cnn,20,tuned - fixed,20,-0.008007054380264727,0.02296295486780968,0.005134672804868214,-0.01875404807236984,0.002739939311840389,-0.04997645095477097,0.03396234219424151,0.95,8.173723656688466,10000,0.9345681318191001,0.9265610774388353,-0.008567651846505092,False
mean_width,zoo_cnn,20,tuned - fixed,20,-3.208558673339932,9.063943845962726,2.0267594583813535,-7.450614972231568,1.0334976255517039,-19.774730404728704,13.35761305804884,0.95,8.173723656688466,10000,22.629947278612185,19.421388605272256,-0.1417837449569481,False
mean_width_inclusive,zoo_cnn,20,tuned - fixed,20,-3.208558673339931,9.063943845962726,2.0267594583813535,-7.450614972231566,1.0334976255517048,-19.7747304047287,13.35761305804884,0.95,8.173723656688466,10000,23.629947278612185,20.421388605272256,-0.13578357308668415,False
mean_q,zoo_cnn,20,tuned - fixed,20,0.28342551809874755,1.017384270139579,0.2274940387271108,-0.19272497719158027,0.7595760133890754,-1.57604788800064,2.142898924198135,0.95,8.173723656688466,10000,2.3208679695632233,2.6042934876619706,0.12212048329146744,False
crps_game_equal,zoo_cnn,20,tuned - fixed,20,-0.0004995046384661509,0.0012027142431527394,0.0002689350805196736,-0.0010623922310680509,6.338295413574899e-05,-0.0026977056682232245,0.0016986963912909224,0.95,8.173723656688466,10000,0.016226236199018536,0.015726731560552383,-0.030783764783133386,False
coverage_game_equal,zoo_cnn,20,tuned - fixed,20,-0.007986907055477693,0.022909637966747616,0.005122750783355773,-0.0187089476697801,0.002735133558824713,-0.04985885632071215,0.033885042209756765,0.95,8.173723656688466,10000,0.934834147479104,0.9268472404236263,-0.008543662078471756,False
mean_width_game_equal,zoo_cnn,20,tuned - fixed,20,-3.2071161533859383,9.06362019550575,2.026687087939079,-7.449020979201066,1.034788672429189,-19.77269634877865,13.358464042006771,0.95,8.173723656688466,10000,22.644922285763514,19.437806132377574,-0.14162628217108958,False
mean_width_inclusive_game_equal,zoo_cnn,20,tuned - fixed,20,-3.2071161533859374,9.063620195505752,2.0266870879390795,-7.449020979201066,1.0347886724291908,-19.77269634877865,13.358464042006775,0.95,8.173723656688466,10000,23.64492228576351,20.437806132377574,-0.13563656985740766,False
crps,lightgbm_multiclass,160,tuned - fixed,20,0.0,0.0,0.0,0.0,0.0,0.0,0.0,0.95,8.173723656688466,10000,0.013591852556705511,0.013591852556705511,0.0,False
coverage,lightgbm_multiclass,160,tuned - fixed,20,0.0,0.0,0.0,0.0,0.0,0.0,0.0,0.95,8.173723656688466,10000,0.9151241080155887,0.9151241080155887,0.0,False
mean_width,lightgbm_multiclass,160,tuned - fixed,20,0.0,0.0,0.0,0.0,0.0,0.0,0.0,0.95,8.173723656688466,10000,13.957382127030565,13.957382127030565,0.0,False
mean_width_inclusive,lightgbm_multiclass,160,tuned - fixed,20,0.0,0.0,0.0,0.0,0.0,0.0,0.0,0.95,8.173723656688466,10000,14.957382127030565,14.957382127030565,0.0,False
mean_q,lightgbm_multiclass,160,tuned - fixed,20,0.0,0.0,0.0,0.0,0.0,0.0,0.0,0.95,8.173723656688466,10000,2.0566596236532124,2.0566596236532124,0.0,False
crps_game_equal,lightgbm_multiclass,160,tuned - fixed,20,0.0,0.0,0.0,0.0,0.0,0.0,0.0,0.95,8.173723656688466,10000,0.013533791052977334,0.013533791052977334,0.0,False
coverage_game_equal,lightgbm_multiclass,160,tuned - fixed,20,0.0,0.0,0.0,0.0,0.0,0.0,0.0,0.95,8.173723656688466,10000,0.9156534521404437,0.9156534521404437,0.0,False
mean_width_game_equal,lightgbm_multiclass,160,tuned - fixed,20,0.0,0.0,0.0,0.0,0.0,0.0,0.0,0.95,8.173723656688466,10000,13.976107542727828,13.976107542727828,0.0,False
mean_width_inclusive_game_equal,lightgbm_multiclass,160,tuned - fixed,20,0.0,0.0,0.0,0.0,0.0,0.0,0.0,0.95,8.173723656688466,10000,14.976107542727828,14.976107542727828,0.0,False
crps,ridge_sgd_l2,160,tuned - fixed,20,-0.00031401424228317203,2.2909679352697314e-05,5.122760037535457e-06,-0.00032473630226669513,-0.00030329218229964894,-0.0003558862671895139,-0.00027214221737683014,0.95,8.173723656688466,10000,0.014210000545766589,0.013895986303483415,-0.022098116131087867,True
coverage,ridge_sgd_l2,160,tuned - fixed,20,-0.009685942803970171,0.0022601873220424178,0.0005053932493970055,-0.010743743031893658,-0.008628142576046684,-0.013816887562497129,-0.005554998045443214,0.95,8.173723656688466,10000,0.9392496891282981,0.9295637463243279,-0.010312425882152308,True
mean_width,ridge_sgd_l2,160,tuned - fixed,20,-2.916076283538666,0.21039595408835998,0.04704596555324977,-3.0145446211044806,-2.817607945972852,-3.3006170051330144,-2.531535561944318,0.95,8.173723656688466,10000,21.72588842902224,18.809812145483576,-0.13422126754748792,True
mean_width_inclusive,ridge_sgd_l2,160,tuned - fixed,20,-2.916076283538666,0.21039595408835998,0.04704596555324977,-3.0145446211044806,-2.817607945972852,-3.3006170051330144,-2.531535561944318,0.95,8.173723656688466,10000,22.72588842902224,19.809812145483576,-0.12831517204030063,True
mean_q,ridge_sgd_l2,160,tuned - fixed,20,-0.08088035947205086,0.06683968086931182,0.014945807001817345,-0.11216229303939801,-0.04959842590470371,-0.2030432557311054,0.04128253678700369,0.95,8.173723656688466,10000,0.34422837182931654,0.2633480123572657,-0.23496133988675075,False
crps_game_equal,ridge_sgd_l2,160,tuned - fixed,20,-0.00031272630642915596,2.272550378960161e-05,5.081577129647827e-06,-0.00032336216959583976,-0.00030209044326247217,-0.0003542617136270455,-0.0002711908992312664,0.95,8.173723656688466,10000,0.014162881114841064,0.013850154808411907,-0.02208069840404541,True
coverage_game_equal,ridge_sgd_l2,160,tuned - fixed,20,-0.009745019780003871,0.002313527930373356,0.0005173205720159224,-0.01082778418107344,-0.008662255378934303,-0.013973455177582025,-0.005516584382425717,0.95,8.173723656688466,10000,0.9392246561997745,0.9294796364197705,-0.010375600465423782,True
mean_width_game_equal,ridge_sgd_l2,160,tuned - fixed,20,-2.8944477512737046,0.20500593948478218,0.045840721647918116,-2.9903934843542306,-2.7985020181931786,-3.269137142246964,-2.519758360300445,0.95,8.173723656688466,10000,21.672611657562953,18.778163906289247,-0.13355325131125337,True
mean_width_inclusive_game_equal,ridge_sgd_l2,160,tuned - fixed,20,-2.8944477512737046,0.20500593948478218,0.045840721647918116,-2.9903934843542306,-2.7985020181931786,-3.269137142246964,-2.519758360300445,0.95,8.173723656688466,10000,22.672611657562953,19.778163906289247,-0.12766274106354206,True
crps,set_transformer,160,tuned - fixed,20,-7.65339443561326e-05,0.0001222074087944262,2.7326407341844258e-05,-0.0001337287722431712,-1.9339116469093998e-05,-0.0002998924464984704,0.0001468245577862052,0.95,8.173723656688466,10000,0.012875182212789351,0.012798648268433221,-0.005944299901255677,False
coverage,set_transformer,160,tuned - fixed,20,0.0023311057797830103,0.0036874177988123866,0.000824531685958714,0.0006053411274496222,0.004056870432116399,-0.004408388367426956,0.009070599926992976,0.95,8.173723656688466,10000,0.9222001462846194,0.9245312520644025,0.0025277655714701646,False
mean_width,set_transformer,160,tuned - fixed,20,0.07698315409400047,0.4247087558874842,0.09496776488037786,-0.12178666219401865,0.2757529703820196,-0.6992571123315722,0.8532234205195731,0.95,8.173723656688466,10000,14.541340856760243,14.618324010854243,0.005294089097582163,False
mean_width_inclusive,set_transformer,160,tuned - fixed,20,0.07698315409400047,0.42470875588748425,0.09496776488037788,-0.12178666219401868,0.2757529703820196,-0.6992571123315723,0.8532234205195732,0.95,8.173723656688466,10000,15.541340856760243,15.618324010854243,0.004953443515815689,False
mean_q,set_transformer,160,tuned - fixed,20,-0.1108118944658043,0.15920356156196286,0.03559899859126215,-0.18532145483016185,-0.03630233410144676,-0.4017882714056231,0.1801644824740145,0.95,8.173723656688466,10000,0.2762153550561379,0.16540346059033365,-0.40117934226822016,False
crps_game_equal,set_transformer,160,tuned - fixed,20,-7.555574810347038e-05,0.00012004278591572985,2.6842382951602627e-05,-0.00013173750129881294,-1.937399490812782e-05,-0.00029495796863687594,0.00014384647242993517,0.95,8.173723656688466,10000,0.012828936964051971,0.0127533812159485,-0.0058894784747314235,False
coverage_game_equal,set_transformer,160,tuned - fixed,20,0.002173335266588533,0.003716211283110984,0.0008309701047787876,0.0004340948487923759,0.00391257568438469,-0.004618784736842737,0.008965455270019802,0.95,8.173723656688466,10000,0.9225274596176536,0.9247007948842422,0.002355848862742019,False
mean_width_game_equal,set_transformer,160,tuned - fixed,20,0.07684019320178184,0.4222747626513643,0.094423507447104,-0.12079047918660457,0.27447086559016826,-0.6949514633661117,0.8486318497696753,0.95,8.173723656688466,10000,14.556883091187407,14.633723284389191,0.0052786158080983785,False
mean_width_inclusive_game_equal,set_transformer,160,tuned - fixed,20,0.07684019320178201,0.4222747626513649,0.09442350744710412,-0.12079047918660468,0.2744708655901687,-0.6949514633661125,0.8486318497696765,0.95,8.173723656688466,10000,15.556883091187407,15.633723284389191,0.004939305177738984,False
crps,zoo_cnn,160,tuned - fixed,20,-7.119681762536874e-05,0.00014228649060088288,3.18162265263459e-05,-0.00013778894506551295,-4.604690185224509e-06,-0.0003312538610503213,0.00018886022579958387,0.95,8.173723656688466,10000,0.013329518971097512,0.013258322153472144,-0.0053412893428296465,False
coverage,zoo_cnn,160,tuned - fixed,20,0.002367219381866609,0.003794822180122363,0.0008485480357277555,0.0005911879317675346,0.004143250831965683,-0.004568577771597876,0.009303016535331093,0.95,8.173723656688466,10000,0.9182492720904714,0.920616491472338,0.0025779703331290814,False
mean_width,zoo_cnn,160,tuned - fixed,20,0.24686025722755342,0.730740266560487,0.16339849099255652,-0.09513671487387929,0.5888572293289861,-1.088713854065503,1.5824343685206097,0.95,8.173723656688466,10000,14.914004000040856,15.16086425726841,0.016552245609353273,False
mean_width_inclusive,zoo_cnn,160,tuned - fixed,20,0.24686025722755334,0.730740266560487,0.16339849099255652,-0.09513671487387937,0.588857229328986,-1.088713854065503,1.5824343685206097,0.95,8.173723656688466,10000,15.914004000040856,16.160864257268408,0.015512139950883484,False
mean_q,zoo_cnn,160,tuned - fixed,20,-0.0009761215088272786,0.3663624856243914,0.08192114222619286,-0.1724390427528494,0.17048679973519484,-0.6705768997060003,0.6686246566883457,0.95,8.173723656688466,10000,0.46615025499221385,0.4651741334833866,-0.0020940061672680686,False
crps_game_equal,zoo_cnn,160,tuned - fixed,20,-7.215720319057977e-05,0.00014123097993712475,3.158020716683199e-05,-0.00013825533643395534,-6.0590699472042015e-06,-0.000330285089593237,0.0001859706832120775,0.95,8.173723656688466,10000,0.013293822144494987,0.013221664941304409,-0.005427874873477248,False
coverage_game_equal,zoo_cnn,160,tuned - fixed,20,0.002298162356575745,0.003726081463487859,0.0008331771442060753,0.0005543025521692472,0.0040420221609822424,-0.00451199737723359,0.00910832209038508,0.95,8.173723656688466,10000,0.9186764572638466,0.9209746196204224,0.002501601448915443,False
mean_width_game_equal,zoo_cnn,160,tuned - fixed,20,0.24681973655708117,0.7337531395014695,0.1640721898629172,-0.09658730348544409,0.5902267765996064,-1.0942610031301265,1.587900476244289,0.95,8.173723656688466,10000,14.9431502841541,15.189970020711183,0.01651724916524542,False
mean_width_inclusive_game_equal,zoo_cnn,160,tuned - fixed,20,0.24681973655708064,0.7337531395014696,0.16407218986291722,-0.09658730348544467,0.590226776599606,-1.0942610031301274,1.5879004762442885,0.95,8.173723656688466,10000,15.9431502841541,16.18997002071118,0.015481240040896736,False
crps,lightgbm_multiclass,360,tuned - fixed,20,0.0,0.0,0.0,0.0,0.0,0.0,0.0,0.95,8.173723656688466,10000,0.0133167641551304,0.0133167641551304,0.0,False
coverage,lightgbm_multiclass,360,tuned - fixed,20,0.0,0.0,0.0,0.0,0.0,0.0,0.0,0.95,8.173723656688466,10000,0.9176778359789889,0.9176778359789889,0.0,False
mean_width,lightgbm_multiclass,360,tuned - fixed,20,0.0,0.0,0.0,0.0,0.0,0.0,0.0,0.95,8.173723656688466,10000,13.776617086198815,13.776617086198815,0.0,False
mean_width_inclusive,lightgbm_multiclass,360,tuned - fixed,20,0.0,0.0,0.0,0.0,0.0,0.0,0.0,0.95,8.173723656688466,10000,14.776617086198815,14.776617086198815,0.0,False
mean_q,lightgbm_multiclass,360,tuned - fixed,20,0.0,0.0,0.0,0.0,0.0,0.0,0.0,0.95,8.173723656688466,10000,1.4589614502843014,1.4589614502843014,0.0,False
crps_game_equal,lightgbm_multiclass,360,tuned - fixed,20,0.0,0.0,0.0,0.0,0.0,0.0,0.0,0.95,8.173723656688466,10000,0.013262342119485956,0.013262342119485956,0.0,False
coverage_game_equal,lightgbm_multiclass,360,tuned - fixed,20,0.0,0.0,0.0,0.0,0.0,0.0,0.0,0.95,8.173723656688466,10000,0.9181357265068908,0.9181357265068908,0.0,False
mean_width_game_equal,lightgbm_multiclass,360,tuned - fixed,20,0.0,0.0,0.0,0.0,0.0,0.0,0.0,0.95,8.173723656688466,10000,13.796453123897994,13.796453123897994,0.0,False
mean_width_inclusive_game_equal,lightgbm_multiclass,360,tuned - fixed,20,0.0,0.0,0.0,0.0,0.0,0.0,0.0,0.95,8.173723656688466,10000,14.796453123897994,14.796453123897994,0.0,False
crps,ridge_sgd_l2,360,tuned - fixed,20,-0.00032034079437833667,1.9680575116242615e-05,4.400710379620931e-06,-0.0003295515870593674,-0.00031113000169730594,-0.00035631098491447873,-0.0002843706038421946,0.95,8.173723656688466,10000,0.014192445509168136,0.013872104714789798,-0.02257121890455036,True
coverage,ridge_sgd_l2,360,tuned - fixed,20,-0.009400414476485885,0.0021718190049870535,0.0004856334929977006,-0.01041685705895638,-0.00838397189401539,-0.013369848446681442,-0.005430980506290327,0.95,8.173723656688466,10000,0.9379518306644681,0.9285514161879821,-0.010022278510642066,True
mean_width,ridge_sgd_l2,360,tuned - fixed,20,-2.8816292045769734,0.17258542024726592,0.038591273159825516,-2.9624016675907283,-2.8008567415632184,-3.1970636069451657,-2.566194802208781,0.95,8.173723656688466,10000,21.572640304799293,18.69101110022232,-0.133577956330913,True
mean_width_inclusive,ridge_sgd_l2,360,tuned - fixed,20,-2.8816292045769734,0.17258542024726592,0.038591273159825516,-2.9624016675907283,-2.8008567415632184,-3.1970636069451657,-2.566194802208781,0.95,8.173723656688466,10000,22.572640304799293,19.69101110022232,-0.12766026329513142,True
mean_q,ridge_sgd_l2,360,tuned - fixed,20,-0.0775974029517912,0.053521595779625536,0.011967792642750854,-0.10264628083123897,-0.05254852507234342,-0.17541883279418602,0.02022402689060364,0.95,8.173723656688466,10000,0.3417052246637049,0.2641078217119137,-0.22708872253317175,False
crps_game_equal,ridge_sgd_l2,360,tuned - fixed,20,-0.00031965345720386866,1.9462742879019135e-05,4.352001610608675e-06,-0.00032876230125969614,-0.0003105446131480412,-0.0003552255157224471,-0.00028408139868529023,0.95,8.173723656688466,10000,0.014145381025435578,0.013825727568231711,-0.022597726892551174,True
coverage_game_equal,ridge_sgd_l2,360,tuned - fixed,20,-0.00943300773137159,0.0021833190998931107,0.00048820499239346493,-0.010454832523933316,-0.008411182938809865,-0.013423460427011466,-0.0054425550357317136,0.95,8.173723656688466,10000,0.9378676905988004,0.9284346828674288,-0.010057930160008922,True
mean_width_game_equal,ridge_sgd_l2,360,tuned - fixed,20,-2.860791464035123,0.16791707550264187,0.037547399540687185,-2.939379074454259,-2.782203853615987,-3.1676935319079718,-2.5538893961622744,0.95,8.173723656688466,10000,21.520628424027414,18.65983695999229,-0.13293252444436512,True
mean_width_inclusive_game_equal,ridge_sgd_l2,360,tuned - fixed,20,-2.860791464035123,0.16791707550264207,0.03754739954068723,-2.9393790744542594,-2.7822038536159868,-3.1676935319079718,-2.5538893961622744,0.95,8.173723656688466,10000,22.520628424027414,19.65983695999229,-0.12702982395388776,True
crps,set_transformer,360,tuned - fixed,20,-0.00010279639663639323,8.596858552674009e-05,1.922316011672954e-05,-0.0001430309331624497,-6.256186011033675e-05,-0.00025992119523881565,5.4328401966029214e-05,0.95,8.173723656688466,10000,0.012488072924480313,0.012385276527843918,-0.008231566011668775,False
coverage,set_transformer,360,tuned - fixed,20,0.0034212455212236812,0.006441089373924289,0.001440271368924627,0.00040672290118891905,0.006435768141258444,-0.008351134639006625,0.015193625681453986,0.95,8.173723656688466,10000,0.925269208522346,0.9286904540435698,0.0036975676805320336,False
mean_width,set_transformer,360,tuned - fixed,20,-0.056626451397448284,0.6930884458312644,0.15497928792983878,-0.381001828969665,0.2677489261747685,-1.323384323446305,1.2101314206514082,0.95,8.173723656688466,10000,14.35644669884999,14.29982024745254,-0.003944322197914355,False
mean_width_inclusive,set_transformer,360,tuned - fixed,20,-0.056626451397448374,0.6930884458312643,0.15497928792983875,-0.38100182896966506,0.2677489261747683,-1.3233843234463047,1.210131420651408,0.95,8.173723656688466,10000,15.35644669884999,15.29982024745254,-0.0036874709695498115,False
mean_q,set_transformer,360,tuned - fixed,20,-0.026482834898488544,0.08927170003102998,0.01996175897363531,-0.06826327659860726,0.015297606801630163,-0.18964473645040475,0.13667906665342766,0.95,8.173723656688466,10000,0.08967395031872892,0.06319111542024038,-0.29532361186677253,False
crps_game_equal,set_transformer,360,tuned - fixed,20,-0.00010164798563505077,8.973781876190392e-05,2.0065986290417317e-05,-0.00014364657761632065,-5.96493936537809e-05,-0.0002656618124718212,6.236584120171968e-05,0.95,8.173723656688466,10000,0.012447953556599268,0.012346305570964217,-0.008165839081329333,False
coverage_game_equal,set_transformer,360,tuned - fixed,20,0.003241189194370353,0.006571889338060269,0.0014695191300508857,0.00016545030676074456,0.006316928081979961,-0.008770254082882825,0.015252632471623532,0.95,8.173723656688466,10000,0.9254844331838104,0.9287256223781807,0.0035021541996337617,False
mean_width_game_equal,set_transformer,360,tuned - fixed,20,-0.05827701016098965,0.695079236974132,0.15542444236228442,-0.38358410666824155,0.2670300863462623,-1.328673451525207,1.2121194312032275,0.95,8.173723656688466,10000,14.374696433815924,14.316419423654935,-0.0040541384946324996,False
mean_width_inclusive_game_equal,set_transformer,360,tuned - fixed,20,-0.05827701016098956,0.6950792369741324,0.15542444236228453,-0.3835841066682417,0.2670300863462626,-1.3286734515252077,1.2121194312032286,0.95,8.173723656688466,10000,15.374696433815924,15.316419423654935,-0.0037904494837902626,False
crps,zoo_cnn,360,tuned - fixed,20,-0.0001718016284916836,0.0002864071203533736,6.40425790350107e-05,-0.00030584428691830335,-3.775897006506388e-05,-0.0006952679717854913,0.0003516647148021242,0.95,8.173723656688466,10000,0.01302561293489658,0.012853811306404894,-0.013189523544908535,False
coverage,zoo_cnn,360,tuned - fixed,20,0.0005219936278696824,0.00531713781883993,0.0011889481608661045,-0.00196650347226754,0.003010490728006904,-0.00919614008117784,0.010240127336917204,0.95,8.173723656688466,10000,0.9186418630944726,0.9191638567223421,0.0005682232095447199,False
mean_width,zoo_cnn,360,tuned - fixed,20,-0.0605443170638301,0.3027354626189495,0.06769370736158176,-0.20222887490369443,0.08114024077603424,-0.6138539743341371,0.4927653402064769,0.95,8.173723656688466,10000,13.937081155146803,13.876536838082973,-0.004344117422425411,False
mean_width_inclusive,zoo_cnn,360,tuned - fixed,20,-0.0605443170638301,0.3027354626189495,0.06769370736158176,-0.20222887490369443,0.08114024077603424,-0.6138539743341371,0.4927653402064769,0.95,8.173723656688466,10000,14.937081155146803,14.876536838082973,-0.004053289691270681,False
mean_q,zoo_cnn,360,tuned - fixed,20,-0.11635746432120371,0.4062939448472259,0.09085008795249475,-0.30650888375088153,0.07379395510847413,-0.8589409774307378,0.6262260487883303,0.95,8.173723656688466,10000,0.4669227995238384,0.3505653352026348,-0.24920064824391416,False
crps_game_equal,zoo_cnn,360,tuned - fixed,20,-0.00016830651556737128,0.0002803935407007876,6.269790174588151e-05,-0.0002995347320824271,-3.707829905231545e-05,-0.000680781838292412,0.00034416880715766953,0.95,8.173723656688466,10000,0.012976820813647255,0.012808514298079884,-0.012969780347923844,False
coverage_game_equal,zoo_cnn,360,tuned - fixed,20,0.0005174823535440742,0.005511908469863041,0.0012325002024370611,-0.002062170217219748,0.003097134924307897,-0.009556633707989056,0.010591598415077204,0.95,8.173723656688466,10000,0.9189443903461884,0.9194618726997325,0.0005631269519465984,False
mean_width_game_equal,zoo_cnn,360,tuned - fixed,20,-0.058682827692850735,0.3045518359371864,0.0680998607827912,-0.20121747441308666,0.08385181902738517,-0.6153122707903423,0.4979466154046409,0.95,8.173723656688466,10000,13.95909382397046,13.900410996277609,-0.004203913838022995,False
mean_width_inclusive_game_equal,zoo_cnn,360,tuned - fixed,20,-0.05868282769285038,0.30455183593718627,0.06809986078279118,-0.20121747441308624,0.08385181902738548,-0.6153122707903418,0.497946615404641,0.95,8.173723656688466,10000,14.95909382397046,14.900410996277609,-0.003922886531991463,False
