task_id,metric,n_train,model,mean_coverage,standard_error,simultaneous_lower,target_coverage,coverage_controlled,confidence_level,sidedness,max_t_critical,bootstrap_draws,bootstrap_unit,bootstrap_index_sha256,family_members
bdb2020_rushing_harmonized,coverage,20,linear_structure,0.9209687135218084,0.0023718980266772276,0.9150062060758691,0.9,True,0.9,one_sided_lower,2.5138127267183417,10000,complete_repeat_5x6_vector,44b259cde98049d40866fb4f6daff7797b4de886b8c9f77ffd58af7231c7bde6,30
bdb2020_rushing_harmonized,coverage,40,linear_structure,0.9255743384830043,0.0020123073059147996,0.9205157747673274,0.9,True,0.9,one_sided_lower,2.5138127267183417,10000,complete_repeat_5x6_vector,44b259cde98049d40866fb4f6daff7797b4de886b8c9f77ffd58af7231c7bde6,30
bdb2020_rushing_harmonized,coverage,80,linear_structure,0.9254300844591914,0.0016236043423447553,0.92134864720025,0.9,True,0.9,one_sided_lower,2.5138127267183417,10000,complete_repeat_5x6_vector,44b259cde98049d40866fb4f6daff7797b4de886b8c9f77ffd58af7231c7bde6,30
bdb2020_rushing_harmonized,coverage,160,linear_structure,0.9293462969739887,0.0013307156064079402,0.9260011271469577,0.9,True,0.9,one_sided_lower,2.5138127267183417,10000,complete_repeat_5x6_vector,44b259cde98049d40866fb4f6daff7797b4de886b8c9f77ffd58af7231c7bde6,30
bdb2020_rushing_harmonized,coverage,240,linear_structure,0.931329830813666,0.0012392239289967777,0.9282146539297,0.9,True,0.9,one_sided_lower,2.5138127267183417,10000,complete_repeat_5x6_vector,44b259cde98049d40866fb4f6daff7797b4de886b8c9f77ffd58af7231c7bde6,30
bdb2020_rushing_harmonized,coverage,360,linear_structure,0.9322015365598176,0.0011516631173239718,0.9293064711585965,0.9,True,0.9,one_sided_lower,2.5138127267183417,10000,complete_repeat_5x6_vector,44b259cde98049d40866fb4f6daff7797b4de886b8c9f77ffd58af7231c7bde6,30
bdb2020_rushing_harmonized,coverage,20,boosted_structure,0.9318750303954073,0.001178396721454702,0.9289127617198913,0.9,True,0.9,one_sided_lower,2.5138127267183417,10000,complete_repeat_5x6_vector,44b259cde98049d40866fb4f6daff7797b4de886b8c9f77ffd58af7231c7bde6,30
bdb2020_rushing_harmonized,coverage,40,boosted_structure,0.9359907206737138,0.0009644930270782745,0.9335661658274134,0.9,True,0.9,one_sided_lower,2.5138127267183417,10000,complete_repeat_5x6_vector,44b259cde98049d40866fb4f6daff7797b4de886b8c9f77ffd58af7231c7bde6,30
bdb2020_rushing_harmonized,coverage,80,boosted_structure,0.9368251549158925,0.0007621188057742758,0.9349093309626657,0.9,True,0.9,one_sided_lower,2.5138127267183417,10000,complete_repeat_5x6_vector,44b259cde98049d40866fb4f6daff7797b4de886b8c9f77ffd58af7231c7bde6,30
bdb2020_rushing_harmonized,coverage,160,boosted_structure,0.938689480327126,0.0007675997889284294,0.9367598782086913,0.9,True,0.9,one_sided_lower,2.5138127267183417,10000,complete_repeat_5x6_vector,44b259cde98049d40866fb4f6daff7797b4de886b8c9f77ffd58af7231c7bde6,30
bdb2020_rushing_harmonized,coverage,240,boosted_structure,0.9392339332581195,0.0007578212764770344,0.9373289124887336,0.9,True,0.9,one_sided_lower,2.5138127267183417,10000,complete_repeat_5x6_vector,44b259cde98049d40866fb4f6daff7797b4de886b8c9f77ffd58af7231c7bde6,30
bdb2020_rushing_harmonized,coverage,360,boosted_structure,0.9395995281805276,0.0007272558557053831,0.937771343154875,0.9,True,0.9,one_sided_lower,2.5138127267183417,10000,complete_repeat_5x6_vector,44b259cde98049d40866fb4f6daff7797b4de886b8c9f77ffd58af7231c7bde6,30
bdb2020_rushing_harmonized,coverage,20,relnet,0.9164797827643365,0.0021895729145880514,0.9109756065055673,0.9,True,0.9,one_sided_lower,2.5138127267183417,10000,complete_repeat_5x6_vector,44b259cde98049d40866fb4f6daff7797b4de886b8c9f77ffd58af7231c7bde6,30
bdb2020_rushing_harmonized,coverage,40,relnet,0.9185565524301605,0.002253989873885921,0.9128904439992919,0.9,True,0.9,one_sided_lower,2.5138127267183417,10000,complete_repeat_5x6_vector,44b259cde98049d40866fb4f6daff7797b4de886b8c9f77ffd58af7231c7bde6,30
bdb2020_rushing_harmonized,coverage,80,relnet,0.9193076312172542,0.002076288928736764,0.9140882296838514,0.9,True,0.9,one_sided_lower,2.5138127267183417,10000,complete_repeat_5x6_vector,44b259cde98049d40866fb4f6daff7797b4de886b8c9f77ffd58af7231c7bde6,30
bdb2020_rushing_harmonized,coverage,160,relnet,0.9219948801482138,0.002303510168288861,0.9162042869710442,0.9,True,0.9,one_sided_lower,2.5138127267183417,10000,complete_repeat_5x6_vector,44b259cde98049d40866fb4f6daff7797b4de886b8c9f77ffd58af7231c7bde6,30
bdb2020_rushing_harmonized,coverage,240,relnet,0.9266121330043453,0.0017364946762860537,0.9222469105872187,0.9,True,0.9,one_sided_lower,2.5138127267183417,10000,complete_repeat_5x6_vector,44b259cde98049d40866fb4f6daff7797b4de886b8c9f77ffd58af7231c7bde6,30
bdb2020_rushing_harmonized,coverage,360,relnet,0.9240490895177933,0.002244428594173902,0.9184070163535484,0.9,True,0.9,one_sided_lower,2.5138127267183417,10000,complete_repeat_5x6_vector,44b259cde98049d40866fb4f6daff7797b4de886b8c9f77ffd58af7231c7bde6,30
bdb2020_rushing_harmonized,coverage,20,attn_relnet,0.9154648589307162,0.0022565388062053687,0.9097923429613433,0.9,True,0.9,one_sided_lower,2.5138127267183417,10000,complete_repeat_5x6_vector,44b259cde98049d40866fb4f6daff7797b4de886b8c9f77ffd58af7231c7bde6,30
bdb2020_rushing_harmonized,coverage,40,attn_relnet,0.9182389103213996,0.0022854423080713197,0.9124937363611894,0.9,True,0.9,one_sided_lower,2.5138127267183417,10000,complete_repeat_5x6_vector,44b259cde98049d40866fb4f6daff7797b4de886b8c9f77ffd58af7231c7bde6,30
bdb2020_rushing_harmonized,coverage,80,attn_relnet,0.9201820439605914,0.0022684043280378806,0.9144797002914269,0.9,True,0.9,one_sided_lower,2.5138127267183417,10000,complete_repeat_5x6_vector,44b259cde98049d40866fb4f6daff7797b4de886b8c9f77ffd58af7231c7bde6,30
bdb2020_rushing_harmonized,coverage,160,attn_relnet,0.9225630458040289,0.002111725821248303,0.9172545625592352,0.9,True,0.9,one_sided_lower,2.5138127267183417,10000,complete_repeat_5x6_vector,44b259cde98049d40866fb4f6daff7797b4de886b8c9f77ffd58af7231c7bde6,30
bdb2020_rushing_harmonized,coverage,240,attn_relnet,0.9255089043183579,0.002060866586256577,0.9203282716657575,0.9,True,0.9,one_sided_lower,2.5138127267183417,10000,complete_repeat_5x6_vector,44b259cde98049d40866fb4f6daff7797b4de886b8c9f77ffd58af7231c7bde6,30
bdb2020_rushing_harmonized,coverage,360,attn_relnet,0.9225662262098201,0.0020540701532132397,0.9174026785171003,0.9,True,0.9,one_sided_lower,2.5138127267183417,10000,complete_repeat_5x6_vector,44b259cde98049d40866fb4f6daff7797b4de886b8c9f77ffd58af7231c7bde6,30
bdb2020_rushing_harmonized,coverage,20,set_transformer,0.9174064056303434,0.00222795948779334,0.9118057327153156,0.9,True,0.9,one_sided_lower,2.5138127267183417,10000,complete_repeat_5x6_vector,44b259cde98049d40866fb4f6daff7797b4de886b8c9f77ffd58af7231c7bde6,30
bdb2020_rushing_harmonized,coverage,40,set_transformer,0.9187253191499672,0.0020944256309350087,0.9134603253437578,0.9,True,0.9,one_sided_lower,2.5138127267183417,10000,complete_repeat_5x6_vector,44b259cde98049d40866fb4f6daff7797b4de886b8c9f77ffd58af7231c7bde6,30
bdb2020_rushing_harmonized,coverage,80,set_transformer,0.9175845340014539,0.0024627427008263895,0.9113936600574838,0.9,True,0.9,one_sided_lower,2.5138127267183417,10000,complete_repeat_5x6_vector,44b259cde98049d40866fb4f6daff7797b4de886b8c9f77ffd58af7231c7bde6,30
bdb2020_rushing_harmonized,coverage,160,set_transformer,0.9223713928411037,0.002223889923282106,0.9167809500491365,0.9,True,0.9,one_sided_lower,2.5138127267183417,10000,complete_repeat_5x6_vector,44b259cde98049d40866fb4f6daff7797b4de886b8c9f77ffd58af7231c7bde6,30
bdb2020_rushing_harmonized,coverage,240,set_transformer,0.9190589490859378,0.002402652470755555,0.9130191307270712,0.9,True,0.9,one_sided_lower,2.5138127267183417,10000,complete_repeat_5x6_vector,44b259cde98049d40866fb4f6daff7797b4de886b8c9f77ffd58af7231c7bde6,30
bdb2020_rushing_harmonized,coverage,360,set_transformer,0.9208821286736945,0.0024457157832033483,0.914734057211942,0.9,True,0.9,one_sided_lower,2.5138127267183417,10000,complete_repeat_5x6_vector,44b259cde98049d40866fb4f6daff7797b4de886b8c9f77ffd58af7231c7bde6,30
